Rank,Games,Methods,Train RMSE,CV RMSE,CV MAE,CV R2,Approx Relative Error (%),Coefficients
1,"assault, bankheist, roadrunner",42,0.11333414856551792,0.12019403456358645,0.09140243201173837,0.7889387521773501,21.046187741363052,"0.2871732008, 0.228945619, 0.3096459396"
2,"assault, bankheist, upndown",42,0.11560374690940162,0.12408280047397206,0.1046742717969928,0.7750604365564069,24.102141785976265,"0.4832633613, 0.2056348804, 0.1719967713"
3,"bankheist, boxing, jamesbond",42,0.11728043886536853,0.12420153071060544,0.1010164568260501,0.7746297579285152,23.259898763473956,"0.2010473571, 0.1346160627, 0.4768922572"
4,"bankheist, jamesbond, pong",42,0.1173791711561689,0.12555259048633247,0.09113741855048463,0.7696999511002036,20.98516613683049,"0.2003337478, 0.4184293663, 0.2440396045"
5,"assault, bankheist, boxing",42,0.1205329494372759,0.12611549774542935,0.09494779872428588,0.7676302497934124,21.86253859551397,"0.4910574133, 0.2482102129, 0.0968493094"
6,"alien, breakout, hero",42,0.11882927159430957,0.12631140656309636,0.09943988203766521,0.7669077590297231,22.89687900290143,"0.5351084616, 0.2050770842, 0.5230256591"
7,"bankheist, breakout, roadrunner",42,0.11834020879416988,0.12686799992453895,0.10047766328511343,0.7648489831373011,23.13583696591773,"0.2224511604, 0.09816222267, 0.4915619823"
8,"breakout, hero, upndown",42,0.11824245207558663,0.12757334938314785,0.09701812187565463,0.7622269709747113,22.33924811811619,"0.2208355573, 0.6260194082, 0.2006315616"
9,"bankheist, crazyclimber, jamesbond",42,0.12052915383083483,0.12931427918503033,0.1031270731789348,0.7556931516063524,23.74588613859213,"0.2022801323, 0.2014213667, 0.4226280136"
10,"bankheist, boxing, roadrunner",42,0.12037235500650917,0.13112232023129794,0.09855688289432635,0.7488137133648173,22.693560936443568,"0.2235082264, 0.08531026077, 0.489825131"
11,"assault, bankheist, hero",42,0.1236102243720677,0.1313528639259876,0.09892678028997368,0.7479296484150988,22.778732959359054,"0.4476634858, 0.2257737589, 0.2693877446"
12,"asterix, bankheist, roadrunner",42,0.12024460725359944,0.13159005228856074,0.10989307001276069,0.7470184823709776,25.303814483473374,"0.1252656045, 0.2262478243, 0.510293201"
13,"bankheist, breakout, hero",42,0.12342348507405375,0.13170133691658215,0.10671922982642634,0.7465904126505543,24.573010773413483,"0.1655668715, 0.218290547, 0.7044862546"
14,"breakout, hero, mspacman",42,0.12399291754451866,0.1317248254591292,0.1078413995300533,0.7465000148946285,24.831399896551577,"0.2173480362, 0.5302132567, 0.396098382"
15,"bankheist, breakout, jamesbond",42,0.1224554968498999,0.13220073133281957,0.10845661457290516,0.7446649763710781,24.97305839521722,"0.2100442774, 0.1358586002, 0.4895094925"
16,"bankheist, pong, roadrunner",42,0.12216591585874648,0.1322498066814248,0.10357354507801289,0.7444753710493149,23.848690092517927,"0.2240769545, 0.1522634295, 0.4557000037"
17,"alien, assault, bankheist",42,0.12467986237736293,0.13229571105057053,0.09951494243177499,0.7442979532836953,22.91416229735657,"0.3640332214, 0.4634393327, 0.1997994956"
18,"assault, bankheist, jamesbond",42,0.12555218634535845,0.13269520118784078,0.10351437876935103,0.7427513471913676,23.835066546484697,"0.3669835772, 0.2405237034, 0.2373490395"
19,"amidar, assault, bankheist",42,0.12107525236121108,0.13304634173866514,0.10315264023833315,0.741388073314283,23.751773171576364,"0.3980446349, 0.4248527323, 0.2372035238"
20,"bankheist, breakout, kungfumaster",42,0.12270178255341761,0.13314415906743698,0.09991474678890795,0.7410076641010563,23.006220652641414,"0.2359642153, 0.1554194647, 0.5042411115"
21,"assault, bankheist, mspacman",42,0.12766762456799377,0.13376863365568858,0.10718061629280044,0.7385725078419207,24.6792489333717,"0.4669729166, 0.2337961591, 0.2386133241"
22,"bankheist, crazyclimber, roadrunner",42,0.12361256971652532,0.1339006118628393,0.10786671911446558,0.7380563965348605,24.83722994631443,"0.2248992343, 0.1207124002, 0.4633251397"
23,"bankheist, demonattack, roadrunner",42,0.12304136722316153,0.1343207769500323,0.11294973334182626,0.7364099181099628,26.007637225054165,"0.2329807353, 0.06250059862, 0.5285971193"
24,"assault, bankheist, kangaroo",42,0.12284703847382238,0.1344462144935917,0.10794855025879982,0.7359173728487143,24.856072263623098,"0.5098955276, 0.2033247145, 0.1428051625"
25,"alien, assault, boxing",42,0.12853852001014435,0.13488283707630533,0.1028987465509986,0.7341993375975266,23.69331198961018,"0.6593288872, 0.3412706551, 0.1180569766"
26,"assault, bankheist, qbert",42,0.12937890040761252,0.13536948858319814,0.10943267862215877,0.7322778827338812,25.197805448179096,"0.5357874565, 0.2489887423, 0.1112261183"
27,"assault, bankheist, krull",42,0.12916098682470278,0.13567715632469537,0.1011668113046981,0.7310595422544303,23.294519161593932,"0.4312949357, 0.2328257371, 0.149587724"
28,"assault, bankheist, crazyclimber",42,0.12945534212326346,0.13586086659255187,0.1080344927415755,0.7303307449519142,24.875861251592514,"0.4836915985, 0.2578762732, 0.1066260105"
29,"amidar, bankheist, breakout",42,0.12643963351604603,0.1359078383846119,0.10538598773747557,0.7301442447745752,24.266020437476453,"0.9249514295, 0.2142540664, 0.1972915333"
30,"breakout, mspacman, upndown",42,0.1292200711458452,0.13637075212401484,0.10620626179995543,0.7283028104284665,24.45489552032003,"0.2044039247, 0.6288403579, 0.2344452295"
31,"alien, breakout, kungfumaster",42,0.124926082690779,0.13672451056041943,0.10662686068976783,0.7268913664448242,24.551741993701217,"0.6620933734, 0.1664208318, 0.3425100444"
32,"breakout, frostbite, hero",42,0.12845144438929335,0.13686076198916491,0.10758801372862234,0.7263467679274852,24.77305565963645,"0.2698405901, 0.1562014554, 0.6799414597"
33,"jamesbond, pong, upndown",42,0.12766349658055604,0.1368662053489399,0.11243164446035861,0.7263249994878407,25.88834285152283,"0.3925411915, 0.2596441011, 0.1908283346"
34,"assault, asterix, bankheist",42,0.1312560191845616,0.1369037751574178,0.11386145131926528,0.7261747311506324,26.217568047440743,"0.5424387884, 0.07384809814, 0.2680557041"
35,"assault, bankheist, pong",42,0.1287089758012548,0.13707236182393998,0.10634061728160478,0.725499925616087,24.485832013240813,"0.4775357591, 0.257555716, 0.1329042033"
36,"alien, boxing, jamesbond",42,0.12976249475568982,0.13708950176682458,0.10761767188749513,0.7254312726842693,24.779884703087067,"0.5212644145, 0.147257075, 0.3684516052"
37,"assault, bankheist, privateeye",42,0.13192936364326704,0.137176344566619,0.11141585067063138,0.7250832975424758,25.654447687744643,"0.5860766446, 0.2572377272, 0.09025756928"
38,"assault, bankheist, kungfumaster",42,0.12617944622273186,0.13757552754633393,0.1044604315674909,0.7234809550475795,24.052903253502915,"0.3968439939, 0.2548659536, 0.2203929876"
39,"alien, assault, upndown",42,0.13043189051418394,0.1376790180459455,0.1169792261845645,0.723064778447606,26.935462240255692,"0.4654418918, 0.4084432453, 0.1829110766"
40,"assault, bankheist, gopher",42,0.1319881819841683,0.1380878541665828,0.11073122822488288,0.7214176251252138,25.496807543953683,"0.5460648837, 0.2636331488, 0.0489946351"
41,"bankheist, gopher, roadrunner",42,0.12724110552050588,0.13889171829583088,0.11503729965800966,0.7181647075065158,26.488317133082205,"0.2285652039, 0.05817922914, 0.5291565773"
42,"bankheist, choppercommand, roadrunner",42,0.12754329986395316,0.13899024191600323,0.11549661053119069,0.7177647227969599,26.594077370045877,"0.2379672373, 0.06133615157, 0.5448541514"
43,"breakout, jamesbond, upndown",42,0.12665944246598088,0.1390998072817716,0.11194283648298131,0.7173195778822465,25.775790655318275,"0.1579894468, 0.4348744402, 0.2234852465"
44,"assault, kangaroo, upndown",42,0.12481174220382128,0.13912080369150295,0.11540968991495541,0.7172342330923213,26.574063158524158,"0.4523207512, 0.1873494993, 0.1997907675"
45,"breakout, krull, upndown",42,0.12720487077059417,0.14001099271944573,0.11396463557958328,0.7136040024170809,26.24132710140473,"0.1468167806, 0.360189825, 0.2379728672"
46,"alien, assault, kangaroo",42,0.1278659411063268,0.14003616313737466,0.1121463603766339,0.7135010197186018,25.822653763677533,"0.500056299, 0.3911523863, 0.1825648457"
47,"amidar, breakout, upndown",42,0.1242468752128944,0.14020055965180292,0.1100608182248067,0.7128279495764589,25.342439936716726,"0.8087160676, 0.207439181, 0.2398043492"
48,"breakout, kangaroo, kungfumaster",42,0.1254313481573918,0.14020650917560729,0.11038477902015269,0.7128035763042586,25.417034666524547,"0.1618860292, 0.2417555862, 0.4635314075"
49,"amidar, breakout, hero",42,0.1275475786238579,0.140294597058005,0.11208520775762784,0.7124425877577636,25.80857285278544,"0.4955977429, 0.2255009628, 0.5345958535"
50,"breakout, hero, jamesbond",42,0.1297949958229334,0.14034006749048145,0.11160382640114404,0.7122561589276133,25.697730699236953,"0.1958801681, 0.5227736228, 0.2644523149"
51,"bankheist, roadrunner, upndown",42,0.12516128303894403,0.14036914672708234,0.11403502438659167,0.7121369023493975,26.257534723177844,"0.2086775167, 0.5051763848, 0.1046046244"
52,"assault, bankheist, frostbite",42,0.1299474552571093,0.14039068049764863,0.11104663998482714,0.7120485744865392,25.56943378561395,"0.5539765444, 0.2493658584, 0.07742810083"
53,"bankheist, krull, roadrunner",42,0.1265766357638763,0.14059143620579298,0.11632526305523291,0.7112244567578173,26.784881664959027,"0.2101227681, 0.1340847983, 0.437926802"
54,"alien, breakout, krull",42,0.1297464000787627,0.1407639391052982,0.10786407102766629,0.7105153783013428,24.83662020179553,"0.6331330357, 0.1475347808, 0.2809715962"
55,"bankheist, jamesbond, roadrunner",42,0.12703899925238787,0.14078733786486125,0.1121963418771823,0.7104191300139018,25.83416242948635,"0.2264425273, 0.1811563356, 0.4068656946"
56,"assault, bankheist, breakout",42,0.1334321606407392,0.14085675451344426,0.11441079687168147,0.7101334979467485,26.344059535430354,"0.5528147652, 0.2707825993, 0.03132044577"
57,"assault, qbert, upndown",42,0.13117044892413426,0.14089564976904317,0.11385544037556365,0.709973392194639,26.21618397650452,"0.4507177214, 0.1959503667, 0.2598323997"
58,"assault, bankheist, demonattack",42,0.1343355275657114,0.1409749536471857,0.11314289610715715,0.7096468142242838,26.05211459545141,"0.5835391691, 0.2731158737, -0.00197598346"
59,"breakout, roadrunner, upndown",42,0.1352835452359267,0.14106149782402222,0.11095907969554845,0.709290210587552,25.54927228393081,"0.1347311494, 0.4456665225, 0.2101159899"
60,"bankheist, gopher, jamesbond",42,0.13222605029689785,0.14135106290458477,0.10980917794406872,0.7080954720536181,25.284497620794316,"0.2112958137, 0.1157213815, 0.5191852404"
61,"breakout, hero, kangaroo",42,0.12548192765316643,0.14142714707579748,0.1198022674633111,0.7077811441545376,27.585491516790572,"0.2197044806, 0.6677465493, 0.1703819339"
62,"assault, bankheist, freeway",42,0.13102197833034274,0.1414495013307924,0.11201391517588055,0.707688759471542,25.792157129188205,"0.5356812595, 0.284983552, 0.04630322109"
63,"asterix, kangaroo, kungfumaster",42,0.1278197614828678,0.1414649253997715,0.11516053740189292,0.7076250070438287,26.516693672278187,"0.2234792055, 0.2798234809, 0.4567857189"
64,"assault, bankheist, seaquest",42,0.13414044894999982,0.1416920188342764,0.11582633604020168,0.7066855553149956,26.669999474228735,"0.5742633647, 0.2708601231, 0.04703898798"
65,"asterix, krull, upndown",42,0.1308250420021589,0.14190677940952443,0.11218213694960785,0.7057957364287439,25.830891624038355,"0.190121197, 0.3934487455, 0.2290799885"
66,"battlezone, breakout, mspacman",42,0.13327396256149687,0.14204877829495197,0.11972961588298152,0.7052066514028471,27.56876287220563,"0.2852062775, 0.212250416, 0.6318978364"
67,"breakout, kungfumaster, upndown",42,0.1307566668363487,0.1422732678123183,0.11304308707357906,0.7042741504662724,26.029132716165105,"0.1808032857, 0.4409459952, 0.2446697865"
68,"assault, bankheist, choppercommand",42,0.13363106155752885,0.14228215084144769,0.11399289794829551,0.7042372212049364,26.247834752293674,"0.5979716687, 0.2709031544, -0.031616211"
69,"alien, jamesbond, pong",42,0.1340612227908946,0.14241462447470418,0.11445588791652275,0.7036862173082705,26.35444213219826,"0.4681500075, 0.3390231387, 0.2553957101"
70,"alien, breakout, jamesbond",42,0.13114918170420317,0.14248684186808747,0.11620524026426257,0.7033856240970413,26.757245396028246,"0.5947935405, 0.1581315728, 0.3457031776"
71,"bankheist, kungfumaster, roadrunner",42,0.12530357129019917,0.14265233458468848,0.11924440259027222,0.7026962127128988,27.457038382734133,"0.2333582203, 0.1888436805, 0.413782769"
72,"alien, boxing, kungfumaster",42,0.1322323104845986,0.14273228508461708,0.11131896858067299,0.7023628673469212,25.63213976213301,"0.6663354952, 0.1438591097, 0.3389812142"
73,"bankheist, kangaroo, roadrunner",42,0.127839889206253,0.1428473606935641,0.11654457887398603,0.7018827435776855,26.835380998450898,"0.2075204849, 0.07769681232, 0.5279109427"
74,"bankheist, roadrunner, seaquest",42,0.12486571544192576,0.1428811028797871,0.1192810034420285,0.7017418895083576,27.465466040298626,"0.2218441562, 0.5380522245, 0.2358463179"
75,"battlezone, breakout, hero",42,0.13380942038099278,0.14302794186720255,0.11259297343812638,0.7011285344516738,25.92549022145043,"0.1826084856, 0.2389449744, 0.6765408133"
76,"demonattack, krull, upndown",42,0.13089184565733072,0.1430682427820567,0.11930404036686751,0.7009600849829059,27.470770488270897,"0.1094719698, 0.4282697286, 0.2111358327"
77,"jamesbond, kangaroo, pong",42,0.13071944968008395,0.143343532987187,0.10618689709359601,0.6998081597173051,24.45043663190069,"0.3795450266, 0.1802730976, 0.284009829"
78,"assault, bankheist, battlezone",42,0.13289005433111287,0.14376081980371996,0.11512297092972383,0.6980578410862858,26.50804367239689,"0.5423086339, 0.2593883963, 0.07253788306"
79,"asterix, bankheist, jamesbond",42,0.13217801418568148,0.1438239003015679,0.11682454858535811,0.6977928058638487,26.899846406840418,"0.154366002, 0.2242375615, 0.5203925921"
80,"crazyclimber, jamesbond, kangaroo",42,0.13344810836245602,0.1438966642468478,0.10997508481781823,0.697486940840434,25.322699090226404,"0.2381253166, 0.3795904346, 0.1835069134"
81,"bankheist, privateeye, roadrunner",42,0.13077505355727304,0.1439359740523939,0.11955302227618399,0.6973216367468467,27.52810069155263,"0.2393264382, -0.004041084557, 0.5697228431"
82,"asterix, kangaroo, roadrunner",42,0.13524353130447547,0.14425740624581537,0.11221086090808688,0.6959682682982298,25.83750555989891,"0.1816331897, 0.2165555801, 0.4636053771"
83,"breakout, frostbite, krull",42,0.1322072582051977,0.14433363613337913,0.11359263493352631,0.6956468646510995,26.15567078718523,"0.1994409406, 0.2127775555, 0.3848563467"
84,"bankheist, freeway, roadrunner",42,0.1275847164503461,0.1443710437112453,0.1175118213548531,0.6954890831487528,27.058096810226406,"0.2525413843, 0.04478431556, 0.5261983629"
85,"amidar, bankheist, pong",42,0.1284232449319204,0.14445996720154364,0.10637252198898009,0.6951138484466866,24.493178343600686,"0.7462861871, 0.2137258004, 0.3173511159"
86,"bankheist, mspacman, roadrunner",42,0.12898431753804426,0.14468176361040636,0.11797395106578643,0.6941769166861331,27.16450610856888,"0.2224700339, 0.1372068163, 0.503134749"
87,"krull, qbert, upndown",42,0.1293270134405513,0.14469133240146184,0.11685235101308881,0.6941364630189795,26.906248152404594,"0.3750022226, 0.2352351248, 0.2252251292"
88,"bankheist, boxing, kungfumaster",42,0.12822064107528752,0.14473348281951617,0.12331003974334423,0.6939582332165584,28.39318593295277,"0.2410405691, 0.1356368481, 0.4971333488"
89,"boxing, demonattack, hero",42,0.13359819047686564,0.1450859004178948,0.11375119437464047,0.6924660309691302,26.192180447731527,"0.1763402635, 0.1467570837, 0.7483207659"
90,"asterix, roadrunner, upndown",42,0.1405897773727033,0.14508786128508144,0.10760336495953846,0.6924577181373253,24.776590411183104,"0.161503779, 0.4889536295, 0.2003156837"
91,"bankheist, hero, roadrunner",42,0.13002393446339774,0.1451159993416554,0.12038917101358657,0.6923384182705479,27.720631053379524,"0.229338624, 0.08953718855, 0.5231825828"
92,"bankheist, frostbite, roadrunner",42,0.1300090448000066,0.14511781681280864,0.1189442852856569,0.6923307117522609,27.38793381955846,"0.2447773882, -0.03489202165, 0.5852322557"
93,"breakout, hero, roadrunner",42,0.13411159313822382,0.145223529976703,0.11990588961737916,0.6918822962351419,27.609351399516672,"0.1870955031, 0.551015123, 0.2424177261"
94,"assault, roadrunner, upndown",42,0.1358738536146019,0.14524526935818544,0.12533116098902,0.6917900413552583,28.85856629809543,"0.3331325113, 0.2665538175, 0.2012469646"
95,"bankheist, battlezone, roadrunner",42,0.13018326825682774,0.14539072628541166,0.11855189335024541,0.691172414054555,27.297582237449497,"0.2316504239, 0.04692115383, 0.5444509881"
96,"gopher, jamesbond, upndown",42,0.1346883251732991,0.14541297961147437,0.11734455435839859,0.6910778692773676,27.019582160967804,"0.148398927, 0.4545718464, 0.2281257242"
97,"alien, boxing, krull",42,0.1362445828349062,0.14545615038814025,0.10672118864425029,0.6908944140173094,24.57346180788561,"0.634454372, 0.1247016844, 0.2822730603"
98,"amidar, assault, upndown",42,0.13595288473829023,0.14547238558431863,0.12328748862126337,0.6908254080676741,28.3879933451994,"0.3945385263, 0.412347671, 0.2248533489"
99,"boxing, demonattack, mspacman",42,0.1358699189012703,0.14574608674388984,0.1168128856501736,0.689660911450503,26.89716091677078,"0.1683213765, 0.1510009668, 0.7894462838"
100,"breakout, frostbite, kungfumaster",42,0.13590853068512576,0.14583966159919046,0.11588267007533384,0.6892622831461975,26.682970865181087,"0.2372104046, 0.2189109159, 0.4724652032"
101,"alien, bankheist, roadrunner",42,0.13075300987174934,0.1462835077371724,0.11940970086070882,0.6873680164506237,27.495099716074634,"0.02476155956, 0.2351078955, 0.5612111923"
102,"alien, assault, pong",42,0.1394554049628832,0.14649806534205959,0.1124931892795152,0.6864502539113293,25.902514069836926,"0.6677897855, 0.3228538702, 0.1695990435"
103,"bankheist, qbert, roadrunner",42,0.12982020039877368,0.1466740762842545,0.11893693607243394,0.6856963690161698,27.386241600677213,"0.2307095621, 0.0509932988, 0.5476602499"
104,"amidar, crazyclimber, demonattack",42,0.1376134344852547,0.14669411975274607,0.11920969597843667,0.6856104620103348,27.449046890030047,"0.7910755536, 0.3174856114, 0.1237491503"
105,"asterix, jamesbond, pong",42,0.1391113495314712,0.14697573994677965,0.11880666299865587,0.6844021868602128,27.356245116907225,"0.1291310448, 0.4817476499, 0.2619307596"
106,"alien, assault, gopher",42,0.1400633018570421,0.1471673874084088,0.11631054667652377,0.6835786094013909,26.781493093535175,"0.7008162356, 0.3741683224, 0.092250821"
107,"assault, mspacman, upndown",42,0.13769718570525866,0.14725435357309669,0.12908050101808138,0.683204530797519,29.72188374404369,"0.4190156637, 0.2926401576, 0.2229002282"
108,"breakout, jamesbond, mspacman",42,0.13687231393507762,0.14732996600637313,0.12565670703093101,0.6828791098427615,28.933526044414183,"0.1719297063, 0.3458351719, 0.4480684094"
109,"boxing, jamesbond, upndown",42,0.1376745807397486,0.14747297761737604,0.12016117276381721,0.6822631593752757,27.66813251626476,"0.1283172483, 0.5058608722, 0.151609149"
110,"bankheist, demonattack, krull",42,0.13635794079905456,0.14762935449794118,0.11409977660613127,0.6815889607514571,26.272444472722857,"0.1798916293, 0.1169033941, 0.4608725472"
111,"assault, hero, upndown",42,0.13607062110879328,0.1479756376531516,0.12755146908728404,0.6800934628612139,29.369811130987106,"0.4222322559, 0.2918728646, 0.2114174159"
112,"assault, krull, upndown",42,0.1351416689553176,0.1480207194165376,0.12799146229970898,0.6798985098552548,29.471123312181923,"0.3267977736, 0.2219617949, 0.2237629963"
113,"assault, gopher, upndown",42,0.13746136978601473,0.14802838014289885,0.12893004201480085,0.679865375664449,29.68723927823764,"0.46160165, 0.1015097978, 0.2754789701"
114,"breakout, demonattack, hero",42,0.13952788554495033,0.14806425764288764,0.11796573818712193,0.67971017540014,27.162615023370535,"0.2139786589, 0.05022583169, 0.8518894395"
115,"alien, assault, breakout",42,0.1389405092851244,0.14807315722963543,0.11522358864393642,0.679671671404798,26.531211757280598,"0.7669496497, 0.3204611019, 0.1044757051"
116,"bankheist, demonattack, kungfumaster",42,0.1303697316697306,0.1481070424456182,0.10473492107466109,0.6795250460910889,24.11610679824225,"0.2554542007, 0.1138616891, 0.5578887773"
117,"breakout, kangaroo, roadrunner",42,0.13757138377024805,0.14837102235469324,0.11672937301933095,0.6783816252160026,26.877931422885275,"0.1223765724, 0.1916112043, 0.4714705888"
118,"boxing, jamesbond, pong",42,0.1377033472347921,0.14840111434613976,0.1157148817772697,0.6782511533938214,26.64433618179095,"0.1030785209, 0.5040058515, 0.1884710785"
119,"alien, kangaroo, pong",42,0.13515193350142699,0.1486093495584705,0.11022181188759106,0.6773475692635493,25.379510097516107,"0.6714838086, 0.214727007, 0.3157406512"
120,"boxing, jamesbond, krull",42,0.1394732812673161,0.1487039043228966,0.1104887542355422,0.6769368544553187,25.44097584462422,"0.1307007232, 0.3921200063, 0.2027994428"
121,"pong, roadrunner, upndown",42,0.14192912142442274,0.1487242468783006,0.11880617423803182,0.6768484589355896,27.356132575614527,"0.2058631599, 0.4119361634, 0.1964163865"
122,"bankheist, breakout, krull",42,0.14014526394994367,0.14875295809494687,0.10919535508590084,0.6767236780788572,25.143159684498677,"0.1843141762, 0.138113762, 0.4208885227"
123,"krull, seaquest, upndown",42,0.1335882901635059,0.14876336904389525,0.12379977262711894,0.6766784254519054,28.505951096725635,"0.4145706222, 0.4441014345, 0.2254903402"
124,"boxing, jamesbond, mspacman",42,0.14004365742114122,0.14877084385612563,0.11524046713005347,0.6766459331953485,26.53509817233314,"0.1510191647, 0.4265508257, 0.3084961206"
125,"bankheist, jamesbond, krull",42,0.1362719829201546,0.1487798800476771,0.11371657147383077,0.6766066516002837,26.184208230203467,"0.1974054, 0.37722025, 0.2110061875"
126,"assault, privateeye, upndown",42,0.13940673102711945,0.14878265125573972,0.1271822924880706,0.6765946042911917,29.284805077583993,"0.5528203645, 0.1628517781, 0.2568164661"
127,"amidar, demonattack, gopher",42,0.13983858974888536,0.1488683971089908,0.12483276234154757,0.6762217293331951,28.743805768491587,"0.9614115286, 0.1617374721, 0.2470142553"
128,"alien, crazyclimber, jamesbond",42,0.1388963975601629,0.1488712895986492,0.11753816258982322,0.6762091472887052,27.06416210372373,"0.4504048164, 0.2063600301, 0.357869612"
129,"assault, asterix, upndown",42,0.14057535319269834,0.14902444836137405,0.12847048337389927,0.6755425726075459,29.581421990647982,"0.4852582287, 0.1125949369, 0.2751045082"
130,"assault, kangaroo, roadrunner",42,0.13591374608122406,0.14903640984456393,0.11950222850653587,0.675490485210335,27.516404993871756,"0.3214220518, 0.1932140133, 0.283267537"
131,"alien, demonattack, krull",42,0.13847450834452799,0.14905413468555515,0.11923485039411638,0.6754132930451432,27.454838908286757,"0.5098674377, 0.1007162401, 0.3844427456"
132,"breakout, kangaroo, mspacman",42,0.13890865933756394,0.14915298789614287,0.11445000649227643,0.6749826162567146,26.353087884218745,"0.2028756435, 0.2014772447, 0.6762857522"
133,"alien, amidar, breakout",42,0.13695053116130348,0.14921112560420333,0.11405193189908178,0.6747291925916944,26.261427821799778,"0.6166430218, 0.6291874212, 0.2042710005"
134,"breakout, mspacman, roadrunner",42,0.1389754749547466,0.14921339622316881,0.11990385256035603,0.6747192929051826,27.60888234980317,"0.1510150581, 0.4562351985, 0.3434279482"
135,"amidar, assault, boxing",42,0.14090850685373965,0.14932875575539672,0.11476352207931839,0.6742161378736842,26.425277515933153,"0.621929459, 0.3482662144, 0.1368269291"
136,"kangaroo, pong, roadrunner",42,0.13864995964568597,0.14935239098344585,0.10923688257560875,0.6741130018741959,25.152721742373767,"0.2037247076, 0.219525769, 0.3938446755"
137,"amidar, bankheist, roadrunner",42,0.12861562139955837,0.14942813736391392,0.11951994243025195,0.6737823607640464,27.520483775540466,"0.201289726, 0.2310722151, 0.4874441732"
138,"alien, assault, hero",42,0.14074803969625002,0.14946674917176128,0.12032986798694487,0.6736137515530745,27.706976026868062,"0.532845288, 0.3749937315, 0.2544566977"
139,"crazyclimber, kangaroo, roadrunner",42,0.14006308058402,0.14946871458120367,0.11331028154980494,0.6736051678803086,26.09065651795391,"0.1818875255, 0.2042148072, 0.397714015"
140,"crazyclimber, jamesbond, upndown",42,0.1386599251894321,0.14953339873915916,0.12336030644823641,0.6733226051610098,28.404760269488637,"0.1944813868, 0.4433514603, 0.1622051404"
141,"demonattack, krull, qbert",42,0.1405417940939869,0.14954605234633592,0.11647393593470241,0.6732673155419875,26.819114860558923,"0.1038868848, 0.4872982136, 0.2029222607"
142,"jamesbond, pong, qbert",42,0.13820091563156137,0.14957665235501194,0.12356913204930828,0.6731335902350802,28.452844141094996,"0.4565662161, 0.2682924058, 0.1637470642"
143,"alien, breakout, upndown",42,0.13753360946698015,0.14959440721843845,0.12176576360594522,0.6730559870421916,28.037603211608637,"0.8291825782, 0.2009281799, 0.2182144079"
144,"alien, battlezone, boxing",42,0.13973984148631483,0.14985740836894382,0.11559087773598624,0.671905379349006,26.61578319609792,"0.7542477592, 0.2950345841, 0.1946847842"
145,"amidar, bankheist, crazyclimber",42,0.1326613428866885,0.14987662656476017,0.11506189375989193,0.6718212221352102,26.493980134319173,"0.7476854237, 0.217062609, 0.2659985174"
146,"boxing, jamesbond, kungfumaster",42,0.140601465894815,0.14988153251225214,0.11696981604927958,0.6717997370746001,26.93329547653268,"0.1490281542, 0.4113396143, 0.2281650057"
147,"bankheist, breakout, mspacman",42,0.14043187772454707,0.14994654011873126,0.11879592975823454,0.6715149769701269,27.35377369696786,"0.1832973407, 0.2035956121, 0.7332999363"
148,"asterix, jamesbond, upndown",42,0.14000287102935485,0.1499469830340934,0.1185681619377172,0.6715130363948032,27.301328218149163,"0.1792650631, 0.4790235076, 0.2286669025"
149,"asterix, boxing, jamesbond",42,0.14087956416029138,0.15005489707913264,0.12292997576430262,0.6710400543843857,28.30567296770025,"0.1199360782, 0.1421483128, 0.5529542134"
150,"boxing, crazyclimber, jamesbond",42,0.13890934939702967,0.150056259141713,0.11734827484683434,0.6710340823558196,27.020438835088882,"0.1097775098, 0.1517139313, 0.5048175134"
151,"alien, breakout, kangaroo",42,0.13662366785746516,0.15006423629704407,0.11870405633887908,0.670999105048086,27.33261906038283,"0.8714427458, 0.1884454231, 0.2079185498"
152,"amidar, bankheist, boxing",42,0.1358851852826215,0.15008697852907046,0.1141528009746291,0.6708993773336183,26.284653784769713,"0.8987996147, 0.2254928875, 0.1722357918"
153,"amidar, breakout, kungfumaster",42,0.13415387657938582,0.15009661914452022,0.12124495391879966,0.6708570973906627,27.91768234941781,"0.6594700041, 0.1912721795, 0.3292824793"
154,"alien, breakout, roadrunner",42,0.13876473952678292,0.15014277658655406,0.12022806913644875,0.6706546313990429,27.683535975304434,"0.5913562304, 0.1425902388, 0.3441829408"
155,"amidar, pong, upndown",42,0.1349525813440057,0.15017744769320157,0.118169966122423,0.6705025083722218,27.209640243310258,"0.6861767438, 0.321528958, 0.216296006"
156,"alien, boxing, hero",42,0.1409383717954845,0.15023121529912709,0.11810499381192752,0.6702665280301366,27.19467981594983,"0.6829649638, 0.1641461477, 0.4305698085"
157,"alien, breakout, mspacman",42,0.1409972647725236,0.15025705669067788,0.11341598257638826,0.6701530828373784,26.114995078766402,"0.6196668003, 0.2024951184, 0.4797826562"
158,"boxing, demonattack, krull",42,0.13770451270830483,0.1502683963264614,0.11574320400853007,0.6701032950253992,26.650857616540996,"0.1222816421, 0.1245203979, 0.4568940487"
159,"asterix, breakout, hero",42,0.140637881992425,0.15031315547304377,0.12299042485690101,0.669906738804255,28.319591885650457,"0.07670649446, 0.2129937984, 0.8439725073"
160,"bankheist, jamesbond, kungfumaster",42,0.13302883287711884,0.15037410996598036,0.11330982514425132,0.6696389678705955,26.090551426691494,"0.2328233434, 0.3482267764, 0.2860153119"
161,"assault, pong, upndown",42,0.1388137589607439,0.1504781351335341,0.12893698672290083,0.6691817382522296,29.68883835637226,"0.4197013026, 0.1676210058, 0.2579151496"
162,"alien, assault, crazyclimber",42,0.1423132954415875,0.15049014087495674,0.12021186008222218,0.6691289481648908,27.679803702641077,"0.6578160588, 0.3515486305, 0.1208277949"
163,"assault, kangaroo, mspacman",42,0.14034258462121313,0.15052512524693823,0.12235895609729704,0.6689750954095924,28.174190830394902,"0.43112947, 0.2112521427, 0.2877204124"
164,"amidar, demonattack, pong",42,0.14041247397180562,0.1506709617941225,0.12157330406079496,0.6683333564978159,27.993287763641895,"0.8375640362, 0.1078807877, 0.3631071981"
165,"alien, assault, krull",42,0.14112377002545734,0.15068961158234867,0.122282052799108,0.6682512451818025,28.15648319159369,"0.5610034126, 0.3021554094, 0.1815984812"
166,"assault, jamesbond, upndown",42,0.1402513641430219,0.15094875456258092,0.1324262438953427,0.6671092383465658,30.49226951146098,"0.359743588, 0.2291633098, 0.2293593449"
167,"assault, boxing, upndown",42,0.14037655795188725,0.1510475326324974,0.1289084667584128,0.6666734206969156,29.682271391863978,"0.5017622769, 0.07633256021, 0.2328203988"
168,"amidar, breakout, krull",42,0.13316131035559753,0.15105683835221145,0.11654966160440808,0.6666323483375701,26.83655134038105,"0.6314282028, 0.166255058, 0.2756820851"
169,"breakout, gopher, hero",42,0.14073519020821448,0.15105717147933306,0.12007964178057466,0.6666308779780696,27.649359313601618,"0.2705276208, -0.05335210313, 0.8999263663"
170,"bankheist, jamesbond, upndown",42,0.1348517201114367,0.15116368280989181,0.1189545082376248,0.6661605910434697,27.390287741239224,"0.1936275601, 0.4983356501, 0.1546833214"
171,"assault, breakout, hero",42,0.13766572655741932,0.15137903888341084,0.12115427549271356,0.6652087016044921,27.896802870201604,"0.1816339658, 0.1837860091, 0.6769610401"
172,"boxing, hero, jamesbond",42,0.1400294535878652,0.15152776412169444,0.12090116753067988,0.6645505341923121,27.838522608171917,"0.1554630414, 0.3022214472, 0.4175505937"
173,"amidar, boxing, jamesbond",42,0.14314588833689973,0.15153046423624913,0.11901773683530592,0.6645385791547629,27.404846663886374,"0.3741139642, 0.1644027456, 0.4251523225"
174,"kangaroo, roadrunner, upndown",42,0.14207196832060423,0.1516622986169406,0.11616322686020872,0.6639546096231904,26.74757145224021,"0.1611393204, 0.4772757025, 0.1594922111"
175,"breakout, jamesbond, krull",42,0.13996026938002284,0.15167391982948572,0.1244797315494585,0.6639031083000111,28.662517424568374,"0.1357911577, 0.3473880729, 0.2529340606"
176,"asterix, bankheist, kungfumaster",42,0.13424643537047648,0.15170152695896852,0.12197453284855779,0.663780746923011,28.08567410620017,"0.1844750939, 0.2548888492, 0.5362800564"
177,"alien, battlezone, breakout",42,0.1404073334643305,0.1517253058692966,0.11433585240464321,0.6636753352739102,26.326802934169883,"0.8345356552, 0.2654259549, 0.2074467653"
178,"assault, crazyclimber, kangaroo",42,0.13847543436254756,0.15174113737423064,0.11636190705116647,0.6636051452242335,26.79331925683746,"0.401477654, 0.1618802156, 0.254154058"
179,"asterix, bankheist, krull",42,0.1408603964171357,0.15181053751875642,0.11384672985732705,0.6632973685638162,26.214178305560136,"0.1876045577, 0.1837950602, 0.4423236555"
180,"alien, crazyclimber, kangaroo",42,0.14087446006165852,0.1518960514438814,0.11433869839968218,0.6629179367605109,26.327458248745028,"0.6605772581, 0.2639166174, 0.2249957095"
181,"alien, assault, roadrunner",42,0.14271037183565777,0.15191600201591177,0.12193309656300752,0.6628293838118284,28.07613304885846,"0.5033048885, 0.3230029639, 0.2142585549"
182,"breakout, hero, privateeye",42,0.1418766433360131,0.15192491150348592,0.12436328851767467,0.6627898342520134,28.635705425651526,"0.254758141, 0.841506954, 0.05752887389"
183,"demonattack, kangaroo, kungfumaster",42,0.13304259189517653,0.15212075607017403,0.12439074636186982,0.6619198867980438,28.642027827924476,"0.1200139857, 0.2631776328, 0.5147109863"
184,"breakout, hero, seaquest",42,0.13947364943201873,0.15232847537263944,0.12153290525570185,0.6609959667048044,27.983985595003674,"0.2091444275, 0.8502626211, 0.2241269221"
185,"demonattack, gopher, mspacman",42,0.14442375494007298,0.15237487650438677,0.1289163838748935,0.6607894056324206,29.684094375302767,"0.1909253105, 0.1901753779, 0.7775285695"
186,"gopher, roadrunner, upndown",42,0.14450730315924395,0.15238179473836172,0.12340703065133388,0.660758602765352,28.415518914842064,"0.1106461311, 0.4752123697, 0.21341413"
187,"breakout, hero, kungfumaster",42,0.13776456666060657,0.15239267627895642,0.12532692994690015,0.6607101507721842,28.857592064644127,"0.2234041776, 0.6210675067, 0.1961072137"
188,"boxing, breakout, hero",42,0.13847539324678962,0.15242478963282788,0.12477891652638581,0.6605671401856421,28.731407311360428,"0.06642703544, 0.2057181723, 0.8069893352"
189,"breakout, freeway, hero",42,0.1412301242048319,0.15257837690485637,0.12326370988188562,0.6598827524009271,28.382518088117266,"0.2480739708, 0.03123862071, 0.8213742999"
190,"alien, gopher, jamesbond",42,0.14259783574685983,0.15270558898512238,0.11833497684047059,0.6593153710930448,27.24763536526632,"0.5683715824, 0.138171578, 0.3909111878"
191,"alien, kangaroo, kungfumaster",42,0.13895297700980916,0.15295520266149865,0.11698661058572406,0.6582006896147536,26.93716256145876,"0.5382371089, 0.2048425036, 0.387319671"
192,"battlezone, boxing, mspacman",42,0.1428944631221991,0.15296876710680662,0.11950171028836434,0.6581400637118564,27.51628566972809,"0.3382405489, 0.1915371994, 0.5540246521"
193,"breakout, choppercommand, hero",42,0.1425566948766756,0.15299150268201087,0.12575301261010768,0.6580384356470165,28.95570122351262,"0.2448323289, 0.01760649791, 0.8530615335"
194,"assault, seaquest, upndown",42,0.1436878692906821,0.15304741850266942,0.13056332606911625,0.6577884275696739,30.06331682984679,"0.5109674662, 0.2033981626, 0.2746845334"
195,"boxing, demonattack, kungfumaster",42,0.14137257614210746,0.15322591158716517,0.1129481324753557,0.6569897467596215,26.00726861192707,"0.1646496026, 0.1289569848, 0.5572252543"
196,"demonattack, krull, roadrunner",42,0.14234340965925246,0.15333330228151063,0.13075142249232669,0.656508770435798,30.106627631859777,"0.09277177838, 0.319970398, 0.3112879505"
197,"asterix, jamesbond, krull",42,0.14487567885758726,0.15333485674709044,0.12151578217156185,0.6565018058952592,27.980042859174993,"0.1688034538, 0.3184374028, 0.3050675374"
198,"alien, boxing, roadrunner",42,0.14238843664090842,0.15338178247972933,0.12322001601399676,0.6562915292337135,28.372457203231647,"0.5655859581, 0.1234076103, 0.354992402"
199,"assault, breakout, upndown",42,0.14147632112452363,0.15356320221950076,0.13496114153152722,0.6554779726651148,31.075951262395414,"0.4627115723, 0.08225155436, 0.2836200105"
200,"battlezone, boxing, jamesbond",42,0.1444096999646169,0.15368474305885552,0.12255535773779232,0.654932398379029,28.219413979359302,"0.1581274076, 0.176790849, 0.4748071816"
201,"jamesbond, krull, upndown",42,0.1405868124858053,0.15373197944260925,0.12167922115951765,0.6547202465380177,28.017676076903097,"0.2850213278, 0.2705899043, 0.1980075583"
202,"roadrunner, seaquest, upndown",42,0.14311774541483172,0.15377263716736683,0.12258585755422535,0.6545375890897092,28.22643682162508,"0.5142941283, 0.3629057502, 0.1947014023"
203,"freeway, jamesbond, pong",42,0.14392078944211673,0.15384592906161096,0.12482030532440072,0.6542081985176406,28.74093743429304,"-0.06083135262, 0.565113685, 0.3075466419"
204,"amidar, boxing, krull",42,0.1426079069552174,0.1540133821496907,0.11615491794367565,0.6534550369877861,26.74565825350541,"0.597066199, 0.1360824032, 0.2949406089"
205,"jamesbond, pong, privateeye",42,0.14596726448950542,0.1540936970798005,0.12187933259197319,0.6530935100710249,28.063753437034077,"0.518157648, 0.29532149, 0.09960474312"
206,"alien, assault, jamesbond",42,0.14552404952069328,0.15409765975463494,0.1220865915723742,0.6530756677410763,28.11147658090013,"0.5993211313, 0.3493289411, 0.153257151"
207,"assault, asterix, kangaroo",42,0.13843374903839695,0.15413770916415873,0.1278604473387751,0.6528953156164181,29.440956002581377,"0.4630464316, 0.1442543911, 0.2775558367"
208,"demonattack, krull, mspacman",42,0.14268920104699204,0.15421892565868672,0.12494508552154926,0.652529434317218,28.769669136478548,"0.1342643555, 0.355513479, 0.4180720396"
209,"breakout, jamesbond, pong",42,0.1426188048167303,0.15426533713645169,0.1272002127288689,0.652320263503963,29.288931365516497,"0.08705572183, 0.5149118155, 0.2121814539"
210,"demonattack, krull, privateeye",42,0.1430829496354045,0.1542854933805518,0.12819598365168922,0.6522294021919747,29.518216093808796,"0.1754990782, 0.5189015079, 0.256696433"
211,"demonattack, roadrunner, upndown",42,0.14726071472372876,0.15434617943496676,0.12865118923414967,0.6519557669252385,29.623031052650905,"0.07078698328, 0.532254374, 0.1926869415"
212,"battlezone, breakout, krull",42,0.1433118404538078,0.1544112472663496,0.12234087197806014,0.6516622545480395,28.17002680805742,"0.2542364392, 0.1636709687, 0.3739081649"
213,"breakout, hero, krull",42,0.1381013190388054,0.15443247779889863,0.12899997834218305,0.6515664596576674,29.70334271272654,"0.2088982947, 0.6070879576, 0.1647311553"
214,"demonattack, mspacman, roadrunner",42,0.14696686733889308,0.1544365322689713,0.12383473707596679,0.6515481638700655,28.514001958595813,"0.1021037761, 0.4675771766, 0.401337171"
215,"alien, assault, privateeye",42,0.1464759187732078,0.1544435247254277,0.12336390110803466,0.6515166092966076,28.405587970495223,"0.6541722463, 0.4708870079, 0.07879114562"
216,"demonattack, mspacman, pong",42,0.14592319566090559,0.1544481112017372,0.12118151666377526,0.6514959113158938,27.903075381641845,"0.1460555859, 0.6980708479, 0.2871929776"
217,"assault, kangaroo, pong",42,0.1377689130370493,0.1544638285346946,0.12114926540539647,0.6514249770264873,27.89564925496451,"0.3980513425, 0.2543487245, 0.1943955903"
218,"assault, boxing, hero",42,0.13978875435860416,0.1544917879009035,0.12010618893728724,0.6512987750688779,27.655472022332393,"0.3625957337, 0.1251135185, 0.4537953416"
219,"demonattack, hero, mspacman",42,0.14783660680069838,0.15450291601275407,0.12291694540350269,0.6512485390525931,28.302672616246827,"0.1565363375, 0.5109984431, 0.5638362135"
220,"bankheist, jamesbond, qbert",42,0.13954346902589393,0.15454293361993257,0.12355837068010593,0.6510678562963557,28.450366244264448,"0.2135445475, 0.536222457, 0.1411552706"
221,"breakout, hero, qbert",42,0.14221655324489088,0.15455055786879346,0.12444662567474796,0.6510334268849316,28.65489451520847,"0.2389437164, 0.8357402436, 0.04213678178"
222,"alien, demonattack, gopher",42,0.147722573853486,0.15457967840857795,0.11961523635986548,0.650901909373885,27.542426013718558,"0.9815902035, 0.1431664869, 0.2319400677"
223,"breakout, crazyclimber, hero",42,0.14170561534696136,0.15463363911283987,0.12594261367700935,0.6506581403748356,28.999358482538973,"0.2286719664, 0.05484096409, 0.801637936"
224,"krull, roadrunner, upndown",42,0.14009487027483503,0.15465276286760593,0.12785155434565892,0.6505717278555581,29.43890831524323,"0.256095758, 0.3023338049, 0.1803845334"
225,"jamesbond, qbert, upndown",42,0.14099731736737553,0.15472339848814118,0.11371389808402403,0.6502524614035854,26.183592659451786,"0.4574313671, 0.2147334112, 0.2302832961"
226,"boxing, choppercommand, jamesbond",42,0.1461259518464874,0.15481980911928486,0.12031513822204898,0.6498164590043343,27.703584373160805,"0.1784241434, -0.06693565946, 0.6108698221"
227,"alien, pong, roadrunner",42,0.14590823335390052,0.15482585468098226,0.12657248135258334,0.6497891098227401,29.14439087457252,"0.5324743108, 0.2166709473, 0.3241605799"
228,"assault, choppercommand, upndown",42,0.14343063829793798,0.15494495387925447,0.1324054930539194,0.649250105805633,30.487491453648147,"0.5837394247, -0.07618412752, 0.2775881588"
229,"amidar, boxing, kungfumaster",42,0.14455079711230676,0.1549661002624439,0.13030675265507904,0.6491543608638217,30.004238618004724,"0.6296750237, 0.1634851005, 0.3453339341"
230,"crazyclimber, jamesbond, qbert",42,0.14165879686798669,0.15500608572810337,0.1293131788758285,0.6489732820842948,29.77545980071552,"0.2213682595, 0.4634873971, 0.1626942053"
231,"breakout, crazyclimber, jamesbond",42,0.1415907651291912,0.15500661590961645,0.13038890176065296,0.6489708807825157,30.023154148594454,"0.1035146201, 0.1756169957, 0.5035782404"
232,"alien, assault, choppercommand",42,0.14726388355741185,0.15505636614541846,0.12306372808617214,0.6487455151244004,28.336470577949257,"0.6974037748, 0.4729713159, -0.03488815935"
233,"boxing, breakout, jamesbond",42,0.14229389611840762,0.15506312550692206,0.124393566383208,0.648714890031701,28.642677161833994,"0.1166864103, 0.08920271782, 0.5645533536"
234,"amidar, demonattack, krull",42,0.14244021505173804,0.15507121835509505,0.12309909811749668,0.648678221465432,28.344614828635923,"0.464845767, 0.1134885369, 0.4008336481"
235,"breakout, jamesbond, kangaroo",42,0.13865959760585034,0.15513312215430344,0.12734295049945282,0.6483976730315741,29.321797951791872,"0.1556906657, 0.4725256781, 0.1810461832"
236,"alien, assault, qbert",42,0.14493451115987616,0.15523278158133655,0.12158143653219504,0.6479457806028996,27.995160334383396,"0.6245241929, 0.4359149472, 0.0967139441"
237,"alien, assault, freeway",42,0.14797247629001237,0.15529635103725112,0.12233323269483694,0.6476573817563076,28.16826779809033,"0.7050388182, 0.4476847824, 0.007296655845"
238,"alien, amidar, assault",42,0.14572711121972973,0.15530742545340948,0.12483407403820376,0.6476071278013752,28.7441077978083,"0.5817368675, 0.2186085158, 0.4113353068"
239,"asterix, kangaroo, krull",42,0.13658957203485106,0.15535143092588202,0.11642239815518526,0.6474074024922707,26.807247848274706,"0.2195649016, 0.2181797255, 0.3858505509"
240,"assault, boxing, jamesbond",42,0.14379530180030026,0.15536991007951875,0.11943136485766763,0.6473235152662584,27.500088035719838,"0.2010573764, 0.1405232908, 0.4267797702"
241,"crazyclimber, demonattack, hero",42,0.14302357311878944,0.1553781219720817,0.12196149841154717,0.6472862336853307,28.08267281616455,"0.2668543637, 0.1542872865, 0.6225961447"
242,"jamesbond, pong, seaquest",42,0.14198967658732622,0.15540908022619937,0.12707089972793495,0.6471456670458858,29.259155946688413,"0.4946758699, 0.2717506055, 0.2693867232"
243,"boxing, jamesbond, kangaroo",42,0.1415226463614253,0.1555908807267784,0.1253791542378128,0.6463196327410047,28.869617152018893,"0.1410848089, 0.5147117453, 0.1239589654"
244,"assault, boxing, kangaroo",42,0.1402941361112796,0.15567274719025867,0.12189360784101173,0.6459473464197019,28.067040434597573,"0.4974032071, 0.08562326433, 0.2244152325"
245,"boxing, jamesbond, qbert",42,0.14150531024017854,0.15568384341734465,0.1258573480515925,0.6458968714492157,28.979725346736,"0.1436764238, 0.5391033587, 0.1412948688"
246,"amidar, jamesbond, pong",42,0.1432685685770977,0.15574820773913806,0.12530886164256533,0.6456040174371711,28.85343168382243,"0.3645369443, 0.3576995032, 0.297791572"
247,"asterix, hero, kangaroo",42,0.14080577842686065,0.1557586305545949,0.12391412989465997,0.6455565828300583,28.532282830677186,"0.287433135, 0.6330276438, 0.2470283344"
248,"alien, amidar, boxing",42,0.146161139968609,0.15578642006184162,0.11838561882284546,0.6454300962713833,27.259296112635923,"0.6570449298, 0.5792432397, 0.1785285824"
249,"alien, krull, upndown",42,0.1415541203992464,0.15580867785684313,0.12345201715760996,0.6453287715473961,28.425877440715787,"0.4457631713, 0.3455904416, 0.1768573323"
250,"alien, assault, kungfumaster",42,0.1443874151494614,0.15584956805880362,0.12517359662380306,0.6451425883209131,28.822285762241872,"0.6354106725, 0.3396293289, 0.1630686893"
251,"gopher, jamesbond, pong",42,0.1473258600640386,0.15587596692619116,0.12153436204839337,0.6450223617811413,27.98432103391718,"0.04792409344, 0.5242951907, 0.2505561494"
252,"assault, boxing, frostbite",42,0.14680126208890973,0.1559334898883819,0.11951090731393746,0.6447603183969391,27.51840336312654,"0.5098838057, 0.1512565845, 0.1851299677"
253,"demonattack, kangaroo, roadrunner",42,0.14414989431901168,0.15596272556968388,0.1296691444293115,0.6446270994492969,29.857423898422454,"0.07790803417, 0.2000428514, 0.5201609895"
254,"asterix, krull, roadrunner",42,0.14285688632518517,0.15601806750678088,0.12693626283397827,0.6443748531004629,29.228154656189243,"0.1543306571, 0.2761338175, 0.3440644241"
255,"assault, kangaroo, qbert",42,0.138776084052266,0.1560271328268411,0.12604707521222927,0.6443335252018474,29.02341163991784,"0.4877398008, 0.237981915, 0.1631695364"
256,"breakout, jamesbond, kungfumaster",42,0.1420861879074412,0.15603181300270122,0.1288389415994975,0.644312187802579,29.666262632413332,"0.1582801254, 0.3682594454, 0.2924053105"
257,"assault, kungfumaster, upndown",42,0.14331770891247111,0.15605596141204114,0.1357840964509814,0.6442020825697297,31.26544363536955,"0.4255505625, 0.1675043315, 0.2460619358"
258,"boxing, jamesbond, roadrunner",42,0.14460325469115115,0.15609149508981976,0.12277182631108327,0.6440400349579511,28.269257710355443,"0.1346159099, 0.3962627109, 0.2233097996"
259,"alien, demonattack, pong",42,0.14696344779070158,0.15614129911655839,0.12552968760940741,0.643812846822218,28.904278741762084,"0.8547110278, 0.09453786078, 0.3475916631"
260,"breakout, kungfumaster, mspacman",42,0.14359358456942933,0.156172457843779,0.12382838177030286,0.6436706750102652,28.5125385953875,"0.1952720616, 0.3210698513, 0.5073974979"
261,"amidar, battlezone, boxing",42,0.14541753845067204,0.1563194033498874,0.12495569522270081,0.6429998060564113,28.772112110449815,"0.7333091086, 0.3039645344, 0.2093479277"
262,"alien, assault, mspacman",42,0.14674974400765034,0.1563377845248585,0.12565438847200888,0.6429158437497784,28.932992176493048,"0.6002476074, 0.4207385786, 0.1366008337"
263,"alien, pong, upndown",42,0.14364262334741215,0.1563920179305719,0.12304191556221564,0.6426680565755956,28.331448058698978,"0.6970359367, 0.3210095825, 0.1960611359"
264,"assault, boxing, mspacman",42,0.14569136637788602,0.156399504325088,0.12166506734680298,0.6426338452141016,28.014417041086514,"0.374110659, 0.1243754954, 0.454944575"
265,"asterix, hero, upndown",42,0.14668895887924124,0.1564251839951822,0.11657172107651981,0.6425164816917602,26.841630721545428,"0.2704594312, 0.6682758693, 0.2338887265"
266,"alien, assault, demonattack",42,0.14792468589997376,0.15643421862380094,0.12147985748963967,0.6424751862428778,27.971770895468534,"0.7084054144, 0.4444898729, 0.009430694555"
267,"demonattack, jamesbond, pong",42,0.1452277003648061,0.15644022135893637,0.12600698790173923,0.6424477476433683,29.01418119556258,"0.04843638257, 0.478827851, 0.308352376"
268,"frostbite, jamesbond, pong",42,0.14635536308249497,0.15644518909736335,0.12134923070356896,0.642425039234365,27.94169296643332,"0.07286533876, 0.4579524143, 0.3252731375"
269,"crazyclimber, roadrunner, upndown",42,0.14896925753481569,0.15658185234019917,0.1275988915183158,0.6418000446519022,29.380730549263827,"0.1283651287, 0.4784278179, 0.1700812487"
270,"jamesbond, pong, roadrunner",42,0.14667493515911437,0.15660724782778324,0.12526305157464043,0.6416838447211779,28.842883525871137,"0.3900302704, 0.2498613559, 0.1681637473"
271,"kangaroo, krull, roadrunner",42,0.1440750900706623,0.15668208104659143,0.12651785983655273,0.6413413272705144,29.13181380571564,"0.1565953277, 0.2162466216, 0.366672532"
272,"boxing, gopher, jamesbond",42,0.1474717788973403,0.15669497546227593,0.12083048015704165,0.6412822920026314,27.82224623889169,"0.1375478411, 0.04835336021, 0.5852453618"
273,"jamesbond, mspacman, pong",42,0.14534920704693613,0.15670190616203203,0.12128199934505686,0.6412505587615858,27.92621237404415,"0.4300396574, 0.2037372186, 0.2658858822"
274,"amidar, breakout, crazyclimber",42,0.14248273404450837,0.15684105679370922,0.12287813241788952,0.640613139893444,28.29373559603808,"0.9381354103, 0.1580890546, 0.1934105888"
275,"crazyclimber, jamesbond, pong",42,0.14643475888046717,0.15684805835835844,0.12280626663584808,0.6405810522940469,28.27718788819558,"0.1101932558, 0.5039042089, 0.1927572396"
276,"asterix, battlezone, krull",42,0.14586691745837527,0.15688599926298163,0.12045477050606172,0.6404071473125504,27.735735894727654,"0.215976766, 0.2398624858, 0.4100772003"
277,"asterix, pong, roadrunner",42,0.15122499526987018,0.15695980044967844,0.12291992801391179,0.6400687535568583,28.303359387673442,"0.1353489233, 0.1758966047, 0.5246483004"
278,"demonattack, pong, roadrunner",42,0.1505206971340042,0.15697333543850048,0.1267880341636503,0.6400066755543308,29.194023743524095,"0.08085343007, 0.2196571562, 0.5041824398"
279,"boxing, kangaroo, roadrunner",42,0.14579448348487226,0.15704073377633182,0.12032488611655219,0.6396974744989885,27.705828908817924,"0.08594940163, 0.1649552305, 0.5141581836"
280,"battlezone, boxing, roadrunner",42,0.14632962038792247,0.15704257445619665,0.12800201495136695,0.6396890282127965,29.473553150021846,"0.2414595773, 0.1417859962, 0.4346901364"
281,"assault, kangaroo, kungfumaster",42,0.13982367578297245,0.15704501118333036,0.12756141853762443,0.639677846705666,29.372102076590828,"0.354964318, 0.2422389359, 0.2479142129"
282,"asterix, kungfumaster, upndown",42,0.14660396417599403,0.15708777018538503,0.13164125293109943,0.6394816085312911,30.311518662220827,"0.2148876166, 0.4856393888, 0.2561322888"
283,"demonattack, frostbite, gopher",42,0.1515524246958951,0.1570924204787343,0.13097332201400289,0.6394602632529,30.15772188493519,"0.2036338654, 0.4086240664, 0.4357161127"
284,"boxing, demonattack, roadrunner",42,0.1491111665199742,0.1571046125020657,0.1260509678825888,0.639404297733424,29.024307960392015,"0.1174375523, 0.08023171923, 0.5592767172"
285,"bankheist, boxing, krull",42,0.14481128978348512,0.15714034805655291,0.12494681393322202,0.6392402344036746,28.77006711797377,"0.190069271, 0.1183827138, 0.4173976615"
286,"boxing, jamesbond, privateeye",42,0.14860267737292304,0.15715837762425286,0.12137065975947867,0.6391574457903488,27.946627188902784,"0.1607362985, 0.5977072512, 0.03690204236"
287,"boxing, frostbite, jamesbond",42,0.14808029368259648,0.1572185042021391,0.1225712552939128,0.6388812864330974,28.22307452693311,"0.1706751448, 0.04287650697, 0.5643160776"
288,"amidar, crazyclimber, jamesbond",42,0.1468262689863135,0.15728751631418264,0.1265653439011604,0.6385641859112231,29.142747415647673,"0.3506603998, 0.2473130943, 0.3694683195"
289,"alien, assault, battlezone",42,0.1464786110435872,0.1573390509764317,0.12330350235245965,0.6383273009442897,28.39168064307298,"0.6563197058, 0.4214587288, 0.0801151602"
290,"breakout, frostbite, roadrunner",42,0.1499794407718189,0.15734266436309777,0.12789538889872776,0.6383106886880621,29.449001594088664,"0.1709466515, 0.1349128657, 0.5093924937"
291,"hero, jamesbond, pong",42,0.14664056737546857,0.1573647171749336,0.1275294308712415,0.6382092943799651,29.36473664421353,"0.1596305802, 0.4469053628, 0.2723142527"
292,"assault, hero, kangaroo",42,0.13765299822050145,0.15742121449007793,0.12797039486804782,0.6379494664704455,29.466272356772862,"0.4261032503, 0.2985773302, 0.2009644753"
293,"asterix, crazyclimber, jamesbond",42,0.1456037526919535,0.15743005676354524,0.13094127127528654,0.637908792921509,30.15034192961642,"0.109281593, 0.2101677156, 0.5053021885"
294,"crazyclimber, demonattack, jamesbond",42,0.14538395560881875,0.15747567775740023,0.12727764040303707,0.637698904739382,29.30675974634898,"0.2719125661, 0.06659562406, 0.4544764007"
295,"crazyclimber, demonattack, roadrunner",42,0.14891025198866498,0.15748403078273107,0.1283684015411135,0.6376604684483698,29.557916780004184,"0.2033569042, 0.09288315655, 0.4791138259"
296,"boxing, roadrunner, upndown",42,0.14794463325055024,0.1575022120479193,0.12195634088576898,0.6375768006459488,28.081485251967187,"0.08264875344, 0.5223963283, 0.1600911383"
297,"battlezone, breakout, kungfumaster",42,0.14575271328899225,0.15760170382233768,0.119754703935289,0.6371187814802117,27.57453960973118,"0.2691643724, 0.198605782, 0.4535465902"
298,"alien, assault, asterix",42,0.1467096065825705,0.15761572214706862,0.12486610401163908,0.637054223637565,28.751482971744412,"0.6839080992, 0.4331941339, 0.05185552039"
299,"amidar, krull, upndown",42,0.14299306204042322,0.15768617591077244,0.12199257729303695,0.636729679731991,28.089828993087075,"0.4138183266, 0.3421945134, 0.2072996763"
300,"battlezone, jamesbond, pong",42,0.14682739904485678,0.1577189937283101,0.1240569481291954,0.6365784555729781,28.56516794446209,"0.1024141661, 0.4477235568, 0.3062198802"
301,"alien, amidar, pong",42,0.14549615987990225,0.15779584216131118,0.12209729079448532,0.6362242156734537,28.1139401678341,"0.5404442585, 0.5346219006, 0.3215055498"
302,"choppercommand, jamesbond, pong",42,0.14860688162499253,0.15779999385768495,0.12305368474497477,0.636205073135194,28.33415801317677,"0.01667112993, 0.5176390017, 0.2979946719"
303,"kangaroo, kungfumaster, roadrunner",42,0.1450590851629188,0.15780159426008533,0.12660788967968511,0.6361976939051651,29.15254394318776,"0.2057393825, 0.2671167154, 0.3457944206"
304,"boxing, demonattack, jamesbond",42,0.14606628222988724,0.15792151883099126,0.12355472610860867,0.6356445256818198,28.449527050664454,"0.1679003291, 0.04362712005, 0.5595252001"
305,"amidar, battlezone, breakout",42,0.14154675282108706,0.15809954409206237,0.1283577589396042,0.6348225852667295,29.555466230445575,"0.8394398969, 0.2552066892, 0.2275880998"
306,"alien, kangaroo, roadrunner",42,0.14598905865838646,0.1581459059756,0.1223072756829496,0.6346083810419983,28.16229097522729,"0.3989742401, 0.1690142165, 0.421778826"
307,"assault, freeway, upndown",42,0.14701715492740014,0.15815313932947878,0.1385411728573119,0.6345749553606754,31.900283938715766,"0.5432646225, 0.0124550368, 0.2731018804"
308,"crazyclimber, demonattack, mspacman",42,0.14998079211697143,0.15815946111285836,0.12591062447311102,0.634545740839174,28.991992696135664,"0.2481761786, 0.1605102824, 0.671717192"
309,"alien, assault, frostbite",42,0.14800122948127395,0.1581825169086817,0.124335065337146,0.6344391844199286,28.629206798175304,"0.6874790344, 0.4558599131, 0.01023673777"
310,"bankheist, hero, jamesbond",42,0.14351876554319848,0.15818589977346548,0.11934950957149355,0.6344235486081229,27.48124015954712,"0.2217070378, 0.1994201401, 0.4859012408"
311,"battlezone, breakout, roadrunner",42,0.146929650337354,0.15820343253039632,0.1288466467896109,0.6343425057556621,29.66803681800272,"0.2128830019, 0.1446281776, 0.4718520147"
312,"alien, demonattack, kungfumaster",42,0.1456764170955161,0.15820743470245108,0.12834500670543128,0.6343240049849488,29.552529920014685,"0.6520445749, 0.09988015385, 0.4414907991"
313,"amidar, breakout, pong",42,0.1451309988418055,0.15824001637827417,0.12140315431610091,0.6341733728280721,27.954109337070964,"0.9658963865, 0.145414883, 0.2270500877"
314,"amidar, boxing, demonattack",42,0.14702763972030505,0.15824848773644956,0.12896634027229767,0.6341342028202148,29.695597260899024,"1.007300052, 0.2015945529, 0.1177405056"
315,"kangaroo, mspacman, roadrunner",42,0.1484823190873783,0.1582520507791091,0.11574787829410149,0.6341177273374192,26.651933910568715,"0.1692797893, 0.2593229322, 0.4539860135"
316,"boxing, kangaroo, kungfumaster",42,0.14265777239981184,0.1582747881909749,0.1308607209132139,0.6340125809771282,30.131794523322046,"0.1198374431, 0.2251605227, 0.5033353339"
317,"alien, boxing, demonattack",42,0.14958654104110689,0.15834575962900668,0.12733231094989408,0.6336842851401501,29.31934810497086,"1.023663974, 0.1916540982, 0.09851652012"
318,"asterix, hero, roadrunner",42,0.14723127652385454,0.15837604924797044,0.1331167875229669,0.6335441282496499,30.651273057763934,"0.1914464232, 0.3996740932, 0.3995529785"
319,"crazyclimber, demonattack, kangaroo",42,0.13959499225867938,0.15838947089235722,0.13407541830986383,0.6334820147062817,30.872005953723335,"0.3817118217, 0.1456456354, 0.3194969474"
320,"assault, demonattack, upndown",42,0.147186767563922,0.15839237135191434,0.1387972615603499,0.6334685910825915,31.959250541725716,"0.5483090348, 0.006236288493, 0.2731415873"
321,"qbert, roadrunner, upndown",42,0.14701045333076168,0.15840954612471395,0.12160465706796686,0.6333890994389906,28.00050706033535,"0.1609961492, 0.4812755047, 0.2097712619"
322,"breakout, krull, roadrunner",42,0.1421945886003991,0.1584573442013995,0.12977322674653985,0.633167825657404,29.88138973763188,"0.1142844174, 0.2580824176, 0.3442453278"
323,"asterix, boxing, hero",42,0.1474059286285474,0.158528436158438,0.12457585733694232,0.6328385929866615,28.684651205099627,"0.2230050055, 0.1446125557, 0.7775559526"
324,"assault, frostbite, upndown",42,0.14673346488910985,0.1585355115182355,0.13947666618991938,0.6328058183363445,32.1156892389415,"0.5509682148, 0.03136308973, 0.254306026"
325,"crazyclimber, jamesbond, roadrunner",42,0.14907596793075634,0.1585924359234847,0.12797247685361496,0.6325420785239046,29.46675175166593,"0.2016684249, 0.375463618, 0.1920150808"
326,"assault, battlezone, upndown",42,0.14546185145631574,0.15861523687245851,0.1399066292348093,0.632436411547389,32.21469188871168,"0.5117941502, 0.08454359469, 0.2535725573"
327,"bankheist, kangaroo, kungfumaster",42,0.13909485406507408,0.15867702204692974,0.13079250461373298,0.6321500027006305,30.11608713989365,"0.1960048646, 0.1807027612, 0.5290706343"
328,"demonattack, mspacman, upndown",42,0.1512369909363214,0.1587005766460907,0.12478311533127759,0.6320407845892059,28.732374121915647,"0.14472735, 0.77708732, 0.2301813576"
329,"alien, crazyclimber, demonattack",42,0.14830702166414467,0.15873274784353222,0.13485567300066834,0.6318915867896016,31.05166623570185,"0.8048426592, 0.3044253567, 0.1130054625"
330,"assault, crazyclimber, upndown",42,0.1452934159356921,0.15875797811962103,0.13829128342293803,0.6317745571893998,31.842744770067167,"0.4947357085, 0.07364301333, 0.2531562084"
331,"assault, kangaroo, privateeye",42,0.14394462548977974,0.15884163500156312,0.1259440599902389,0.6313863850932235,28.999691508467183,"0.5665635844, 0.2423675677, 0.1370392873"
332,"assault, asterix, hero",42,0.14698253655866417,0.15885754883747638,0.13222388693282422,0.6313125209525818,30.445675098925122,"0.3488813603, 0.1668518206, 0.5449841723"
333,"breakout, hero, pong",42,0.1427533523353245,0.15887482427749336,0.13010718693238227,0.631232328543762,29.95828691218931,"0.2539646393, 0.8650600767, -0.01005317637"
334,"battlezone, krull, qbert",42,0.14462812818421322,0.15889292959913903,0.126687130533695,0.6311482744745358,29.17078982410769,"0.2307468239, 0.3924551325, 0.2644453845"
335,"kangaroo, kungfumaster, qbert",42,0.14053855043704208,0.1589363661014534,0.13073822811818753,0.6309465811860644,30.103589514939355,"0.244065437, 0.4926471437, 0.222029221"
336,"asterix, demonattack, krull",42,0.15026841183826192,0.1589427495560199,0.12400409836448065,0.630916935572555,28.552998836422045,"0.1243428247, 0.09296355708, 0.5313168102"
337,"kungfumaster, qbert, upndown",42,0.1435650785245274,0.1589901515554954,0.12858615521952307,0.6306967571232587,29.60805641738923,"0.4576443158, 0.2693857821, 0.2495164976"
338,"jamesbond, krull, qbert",42,0.14562695050674745,0.15899881196466906,0.12616894612487184,0.6306565231305299,29.05147345458987,"0.2948679421, 0.3086723402, 0.202633411"
339,"demonattack, gopher, roadrunner",42,0.14956605747025076,0.15900450995450313,0.12583176438307586,0.6306300505668686,28.973834489360957,"0.1086036376, 0.1417135218, 0.5470156721"
340,"battlezone, boxing, kungfumaster",42,0.14647142087902323,0.15902600219005902,0.12734918918087082,0.630530190223511,29.32323446127517,"0.3043268602, 0.1872005172, 0.4059633325"
341,"bankheist, krull, qbert",42,0.14503614103976162,0.1590397500796133,0.12105323862692799,0.6304663057061575,27.873538272101534,"0.1585520612, 0.4480910025, 0.2097495128"
342,"asterix, boxing, roadrunner",42,0.1511386701656845,0.15904202759162092,0.12122171014375929,0.6304557218935987,27.912330272426523,"0.1266803422, 0.09153370096, 0.5758243075"
343,"assault, battlezone, boxing",42,0.14936150428829922,0.15909071474089806,0.11670249287792264,0.6302294318790966,26.871742041594842,"0.407859924, 0.2881642711, 0.1627890229"
344,"amidar, gopher, upndown",42,0.14449930207966843,0.15919022386296697,0.13005618109764427,0.6297667140866474,29.946542384716967,"0.8210004666, 0.1933572802, 0.2695816103"
345,"amidar, assault, kangaroo",42,0.14536683303163844,0.15920602168823966,0.13080033026434956,0.629693227526523,30.11788906253892,"0.2681811941, 0.4828965161, 0.2100663392"
346,"assault, kangaroo, krull",42,0.1415553628490099,0.1592670566078449,0.12862779760282303,0.6294092435885887,29.617644930491554,"0.3793099848, 0.2072884172, 0.1897479193"
347,"alien, battlezone, pong",42,0.14598852583540892,0.1593030210885683,0.12110768281238682,0.6292418566948405,27.886074509085308,"0.6960733671, 0.2363068519, 0.3325223638"
348,"bankheist, krull, upndown",42,0.14200334491784136,0.15932000880139113,0.1297763299464411,0.6291627788638977,29.8821042758152,"0.1452309441, 0.414077343, 0.1975288528"
349,"gopher, kangaroo, roadrunner",42,0.14897478707741263,0.15935139648540594,0.1228987449705301,0.6290166469602141,28.298481811681953,"0.0773700543, 0.1834281906, 0.5266626252"
350,"assault, boxing, roadrunner",42,0.1458426407312992,0.15957704177906576,0.123519013428947,0.6279652609340882,28.441303902282467,"0.2868133986, 0.09517505556, 0.3743565849"
351,"mspacman, roadrunner, upndown",42,0.14838027539861096,0.1596707467381362,0.1228457506099189,0.6275282088984222,28.286279409206344,"0.2841602881, 0.4361231489, 0.1745821152"
352,"bankheist, frostbite, jamesbond",42,0.14399372259706603,0.1596921523692066,0.12427559056636187,0.627428334270898,28.615512226113626,"0.2512233766, -0.07742053877, 0.6347995066"
353,"alien, crazyclimber, roadrunner",42,0.14930357557208523,0.1597024499383174,0.12982921310720702,0.6273802829907505,29.894281073580203,"0.4969883297, 0.1650569044, 0.358413302"
354,"asterix, jamesbond, kangaroo",42,0.14349095869596667,0.15978642550046135,0.130633309303145,0.6269883143390749,30.07943106499021,"0.2078143604, 0.466005705, 0.2229374297"
355,"assault, frostbite, gopher",42,0.14894626850991954,0.15988142903271463,0.12688994631602743,0.6265446225481296,29.217489883809943,"0.4698888388, 0.2552688961, 0.192702158"
356,"battlezone, boxing, krull",42,0.1450240687444711,0.16000479079777913,0.12689777472456393,0.6259680967030863,29.219292441489745,"0.2858779261, 0.1550274015, 0.342475942"
357,"jamesbond, kungfumaster, pong",42,0.14872299383631848,0.1600234998943332,0.1252878865227926,0.6258806217208842,28.84860198401118,"0.5412164207, -0.02955943781, 0.3097201688"
358,"alien, jamesbond, krull",42,0.14780646388483265,0.16005865186174692,0.12381491348397003,0.6257162399065858,28.50943740785368,"0.4772022604, 0.2491823306, 0.254360025"
359,"breakout, kangaroo, krull",42,0.1418937053984079,0.16025731215452302,0.11944419176049456,0.6247865623869777,27.503041539243693,"0.1455207758, 0.1931613064, 0.3921953988"
360,"kangaroo, kungfumaster, upndown",42,0.1433039005407578,0.16028782975155886,0.13606710542325332,0.6246436459409153,31.33060885944323,"0.2295348558, 0.4674878146, 0.1869241281"
361,"alien, asterix, krull",42,0.14490009960707204,0.16032545088842406,0.12857361410616716,0.6244674255753477,29.605168719322943,"0.5072761471, 0.1468050596, 0.3786807931"
362,"assault, krull, qbert",42,0.14808290574254965,0.16033728924012158,0.1266211782124847,0.6244119652501289,29.155603740940965,"0.2744824219, 0.3275181695, 0.2063027825"
363,"amidar, breakout, gopher",42,0.15015864630103826,0.16036731952335584,0.12185053967725686,0.6242712609714822,28.057123623413112,"1.092607543, 0.1886736768, 0.1095363172"
364,"amidar, breakout, mspacman",42,0.14509591839209837,0.1603849604295438,0.11809294793763167,0.6241885937545189,27.19190615089126,"0.6216910562, 0.2211395021, 0.4660057763"
365,"jamesbond, krull, pong",42,0.14852609701896263,0.1603850714244486,0.12574118441251816,0.6241880735914613,28.952977680367958,"0.4894603056, 0.05108287423, 0.2681430026"
366,"breakout, frostbite, mspacman",42,0.149887333951454,0.1604298852457781,0.12065954745388525,0.6239780300848147,27.782887529472383,"0.2630344642, 0.1587636834, 0.7145580742"
367,"bankheist, jamesbond, mspacman",42,0.14284926353342264,0.16046032770258564,0.12168009317027324,0.6238353120540796,28.017876864799774,"0.2172356986, 0.4809298159, 0.221964676"
368,"amidar, boxing, pong",42,0.14884968029807832,0.16050918783345403,0.12627804079762595,0.6236061930635575,29.076593431310737,"0.9191101981, 0.1149032154, 0.2650706262"
369,"boxing, jamesbond, seaquest",42,0.14454718526368354,0.1605292905055331,0.12863275455705778,0.6235119056872027,29.61878631138431,"0.1473602817, 0.5722699388, 0.2231171484"
370,"asterix, hero, jamesbond",42,0.1501335496616911,0.16059530424624568,0.12209331282914584,0.6232021989971075,28.11302420746499,"0.2136615954, 0.4526854681, 0.3736067562"
371,"krull, roadrunner, seaquest",42,0.14325645960237451,0.16060873423712585,0.1393270344512207,0.6231391759511253,32.08123525784486,"0.2832835719, 0.3507016694, 0.3736460843"
372,"assault, jamesbond, pong",42,0.1483832478708217,0.16075327623729085,0.12455956405630378,0.6224605487387929,28.6808995385882,"0.06816998842, 0.478591207, 0.2742202902"
373,"breakout, krull, mspacman",42,0.14329284986626684,0.16076918149345185,0.1248426225939298,0.6223858360002363,28.746076175506435,"0.1710377027, 0.2735652476, 0.4767371401"
374,"boxing, mspacman, roadrunner",42,0.14717057206843265,0.1607958663436498,0.12155957213364481,0.6222604710071145,27.99012587056649,"0.1147273326, 0.3693496721, 0.4092306329"
375,"assault, asterix, roadrunner",42,0.1509159179397312,0.16084834538420512,0.13184667999955665,0.6220138646309579,30.358819992773533,"0.2553175658, 0.1075666786, 0.4463295682"
376,"breakout, privateeye, roadrunner",42,0.15293944771597748,0.16088463088674815,0.1284456157829692,0.6218433069063871,29.57569601623056,"0.1367193804, 0.1359167387, 0.6054910206"
377,"jamesbond, roadrunner, upndown",42,0.14831114709256615,0.16092730400963567,0.12441669037646155,0.6216426753475348,28.64800165804961,"0.2704695156, 0.3316069111, 0.187206852"
378,"alien, boxing, freeway",42,0.14875994016591162,0.16100973732074028,0.12431588888112821,0.6212549569870627,28.624791255999003,"0.9907484273, 0.2012214116, 0.1028357372"
379,"crazyclimber, jamesbond, privateeye",42,0.1508363323265591,0.16104060955282928,0.129214392647924,0.6211097008546966,29.752713431138922,"0.2428534053, 0.5295164715, 0.0604317444"
380,"alien, krull, roadrunner",42,0.14730627467710758,0.16104512109730523,0.13010734170952856,0.6210884713724567,29.95832255094429,"0.4166929291, 0.2440793866, 0.2762828961"
381,"choppercommand, kangaroo, roadrunner",42,0.15209350061024776,0.1611294196982139,0.12671387833675027,0.6206916872735422,29.176948733366224,"0.05628464428, 0.1896475847, 0.5619465447"
382,"amidar, assault, pong",42,0.1488690575691182,0.16113849522978085,0.13119770132128603,0.6206489573795402,30.20938712974784,"0.6529115799, 0.2788048905, 0.240442917"
383,"demonattack, hero, pong",42,0.14932808296486305,0.16115455298789852,0.13026061607412592,0.6205733475038051,29.99361527765029,"0.1449932881, 0.6638483445, 0.2920100106"
384,"assault, breakout, mspacman",42,0.1510316817341324,0.1611674824878038,0.13280341193103545,0.620512461930625,30.57911566111498,"0.2666403744, 0.143712988, 0.6303105482"
385,"battlezone, crazyclimber, jamesbond",42,0.1488260177303893,0.1614332293611962,0.13128195897184242,0.6192599664729002,30.228788170762023,"0.1285882199, 0.2618220453, 0.4277549775"
386,"demonattack, hero, krull",42,0.14863686880186924,0.16147606851791893,0.13443044950866043,0.619057867485203,30.95375490831302,"0.1342670173, 0.3448855558, 0.3845166255"
387,"breakout, jamesbond, privateeye",42,0.1481329663514144,0.16153418445339585,0.13582259297410967,0.6187836126990498,31.27430778739827,"0.1772518491, 0.5943904188, 0.1699011699"
388,"asterix, battlezone, roadrunner",42,0.1513427270667046,0.1615439292818761,0.1308850223071944,0.61873761623862,30.137390126073893,"0.1780454809, 0.1975631945, 0.5170210629"
389,"assault, privateeye, roadrunner",42,0.15187118331945418,0.16162661928975422,0.13331188487245757,0.6183472003503205,30.696195882625922,"0.3522420581, 0.1343969957, 0.4032258683"
390,"alien, kangaroo, krull",42,0.1451518661401194,0.16166012606405702,0.1288399027185466,0.6181889432536876,29.666483938252835,"0.5502182593, 0.1523034043, 0.3210391285"
391,"alien, bankheist, jamesbond",42,0.14273291555652376,0.16167793930930022,0.12586427719963736,0.6181047954941689,28.98132084203553,"0.2939175425, 0.1957308226, 0.4910501484"
392,"breakout, krull, qbert",42,0.14973444892488255,0.16175375757466517,0.12163076984262781,0.6177465348537404,28.006519748902452,"0.1036447569, 0.4773142046, 0.1865210775"
393,"alien, boxing, breakout",42,0.14947674636339725,0.16175559622089544,0.12350757153641037,0.6177378446953448,28.438669309163416,"1.08133293, 0.1131185799, 0.1410060843"
394,"demonattack, kangaroo, krull",42,0.13856693085343413,0.16185739477618089,0.12977333945289454,0.617256550929204,29.8814156892291,"0.1214800976, 0.1862210214, 0.437452665"
395,"breakout, jamesbond, roadrunner",42,0.1468194840085779,0.1618750591675007,0.136329521943851,0.6171730045580586,31.391032496291594,"0.1320993178, 0.3317769499, 0.3069201966"
396,"bankheist, battlezone, jamesbond",42,0.14670268778452059,0.16191062313882956,0.12471022664595992,0.6170047717993892,28.715590881889607,"0.2465874407, -0.04791734087, 0.6247627503"
397,"alien, jamesbond, upndown",42,0.14830808819947464,0.16192492226160837,0.11806240496481961,0.6169371204308292,27.184873371501983,"0.4376861106, 0.4183338841, 0.1773981989"
398,"demonattack, hero, roadrunner",42,0.1516210687169668,0.16195188148164896,0.13264855208089138,0.6168095559274316,30.543457862870476,"0.0999528399, 0.414622981, 0.4228474579"
399,"choppercommand, roadrunner, upndown",42,0.15461085577278177,0.16196449776296656,0.12823964937509724,0.6167498514435907,29.52827049818821,"0.0379237684, 0.5731706844, 0.1862737713"
400,"boxing, krull, upndown",42,0.14618396858461113,0.16197054973418892,0.13179678535436407,0.6167212098309436,30.34733132614946,"0.08437589154, 0.423616624, 0.2037196503"
401,"alien, boxing, pong",42,0.14940622516174312,0.16200891762735498,0.12773095685984323,0.6165396047003389,29.411139717934056,"0.9431994921, 0.1149907963, 0.2325599265"
402,"alien, breakout, freeway",42,0.15167403250160585,0.16202719864053788,0.1273972862543227,0.6164530608217748,29.334309221709866,"1.077179267, 0.2106177218, 0.07859068186"
403,"assault, mspacman, roadrunner",42,0.15040284337964632,0.16205863332410153,0.13143824266732934,0.616304223511545,30.264773821512648,"0.2788147955, 0.2674856153, 0.3303929146"
404,"breakout, kungfumaster, roadrunner",42,0.1473224094457269,0.1620767518770413,0.1325001829125461,0.6162184224564271,30.509294599341295,"0.1384357641, 0.2868316005, 0.3729358999"
405,"breakout, gopher, jamesbond",42,0.1488331495930581,0.1620986714312735,0.13446339875362673,0.6161146088020486,30.961341752341504,"0.125434512, 0.09177721992, 0.5805917921"
406,"boxing, krull, roadrunner",42,0.1458755847162281,0.16210383175957316,0.13112962851280924,0.6160901668228246,30.19371278634415,"0.09436880809, 0.2462537884, 0.3618609616"
407,"alien, roadrunner, upndown",42,0.14900821472279185,0.16210469410444955,0.12899534274469115,0.6160860822363639,29.702275326958343,"0.3642207002, 0.4450300771, 0.1607882734"
408,"battlezone, crazyclimber, qbert",42,0.1495019743229632,0.16215497524457612,0.12675868449249433,0.6158478828014522,29.187265731995293,"0.4251463115, 0.3214426423, 0.2815013142"
409,"asterix, gopher, jamesbond",42,0.15289308519466016,0.16219439881512612,0.1329118094800099,0.6156610678230523,30.604075119153546,"0.1427844662, 0.1266591031, 0.5889133619"
410,"crazyclimber, frostbite, jamesbond",42,0.15051392021431545,0.16219595103010742,0.13084086768976497,0.61565371147157,30.127223149685907,"0.2639539348, 0.05325575761, 0.4818357886"
411,"alien, gopher, roadrunner",42,0.1504594195553154,0.16220901524320644,0.13072021351072366,0.615591793969894,30.099441498279113,"0.5539729708, 0.107418687, 0.4032558979"
412,"kangaroo, roadrunner, seaquest",42,0.14063147438987056,0.16221367175852155,0.13100149182026968,0.6155697233298787,30.164208222533436,"0.198616556, 0.5072817064, 0.3786505445"
413,"alien, breakout, gopher",42,0.15273962700465074,0.16223559833461496,0.12298634490373421,0.6154657886945696,28.318652441716257,"1.103228318, 0.1686125375, 0.1034246046"
414,"demonattack, kangaroo, mspacman",42,0.151058139898377,0.16229115706677197,0.13316833174103998,0.6152023706576266,30.66314155258044,"0.1534617981, 0.2271512402, 0.7684225287"
415,"crazyclimber, hero, jamesbond",42,0.14916985657498014,0.1623150816761716,0.13457413870407928,0.6150889102359947,30.986840568252592,"0.2249554007, 0.1778276063, 0.4416434753"
416,"amidar, battlezone, crazyclimber",42,0.14885312934234676,0.16232254139270796,0.13094326939977097,0.6150535297455031,30.150802014781597,"0.6450547091, 0.2493904888, 0.3085925659"
417,"kangaroo, krull, upndown",42,0.14342097343913776,0.16232529971837245,0.12770257544953512,0.6150404469445462,29.40460465670469,"0.1476443979, 0.3919175718, 0.2079878132"
418,"crazyclimber, gopher, jamesbond",42,0.1497727208728386,0.16234261079554588,0.13039558510189037,0.6149583350385699,30.024693044784918,"0.2002707038, 0.05686103999, 0.5290174402"
419,"asterix, crazyclimber, roadrunner",42,0.15476477194196633,0.16237799787386034,0.13022414511251929,0.6147904557059232,29.985217528398028,"0.1237560441, 0.1246348802, 0.5547860989"
420,"assault, breakout, kangaroo",42,0.14588119559829654,0.1624000647678371,0.13147886112565327,0.6146857499467986,30.274126567176353,"0.4966895304, 0.06286541704, 0.2651591375"
421,"bankheist, jamesbond, privateeye",42,0.14701466103657043,0.1624182282322109,0.12590083813595424,0.6145995549931031,28.989739308730446,"0.2389730087, 0.5958314686, 0.02058180951"
422,"battlezone, crazyclimber, kangaroo",42,0.1472423214762586,0.16244329075782013,0.12575771174728317,0.6144806046281154,28.95678323983364,"0.3089687825, 0.3468774981, 0.2464096256"
423,"amidar, boxing, crazyclimber",42,0.15074522399576534,0.16247187184140305,0.13112781718233682,0.6143449322794334,30.193295712089725,"0.9162960037, 0.1238733548, 0.2162368704"
424,"jamesbond, kungfumaster, upndown",42,0.14989736397323483,0.16254331113377096,0.1298542359183832,0.6140057107030532,29.900042788780105,"0.3793004338, 0.2468451347, 0.2092584501"
425,"pong, roadrunner, seaquest",42,0.1524607674973177,0.16256900285325998,0.13425393023806484,0.6138836799572933,30.913109844203063,"0.1765625861, 0.5400756833, 0.3115206908"
426,"breakout, demonattack, mspacman",42,0.1538805563095526,0.16257594860387956,0.13178211641360962,0.6138506856605528,30.343953677718343,"0.1726690695, 0.08083027864, 0.9137046534"
427,"amidar, roadrunner, upndown",42,0.1513468621810055,0.16258544782167847,0.1292247470446269,0.6138055593840739,29.75509761908842,"0.3042906168, 0.4540402667, 0.1887055209"
428,"alien, breakout, crazyclimber",42,0.14904656130195365,0.1626152483745386,0.1314958772308734,0.6136639739872234,30.27804467019842,"0.9643683843, 0.150377727, 0.1714598218"
429,"breakout, demonattack, krull",42,0.1520975829977827,0.16261774975347187,0.12586953017885935,0.6136520885061414,28.982530385200565,"0.08347537265, 0.08976886258, 0.5257751714"
430,"kangaroo, privateeye, roadrunner",42,0.15365910054221085,0.16262930375625204,0.1263600463464623,0.6135971864621858,29.09547590674008,"0.1884723008, 0.05204653435, 0.5817629587"
431,"assault, pong, roadrunner",42,0.15217531113130248,0.16266837450218274,0.1341124490195935,0.6134115020954111,30.880532589743986,"0.2513774649, 0.1299363738, 0.4024321411"
432,"frostbite, jamesbond, upndown",42,0.1504318388096731,0.162759695922573,0.1331050806806995,0.6129773215663774,30.648577457714843,"-0.1410646436, 0.618949304, 0.2835190481"
433,"alien, krull, qbert",42,0.14704435315055572,0.16278118754674392,0.12989420932169965,0.6128751059034363,29.90924700503938,"0.4638254172, 0.3851041718, 0.1697127788"
434,"jamesbond, kangaroo, upndown",42,0.14803945469063848,0.1627974563334006,0.1265788629959025,0.6127977214448443,29.14586030225007,"0.4741555624, 0.151749513, 0.2000413655"
435,"alien, bankheist, krull",42,0.1477449480121281,0.1628316166019725,0.12524945694487546,0.6126352088129122,28.83975324668698,"0.488341542, 0.1316491351, 0.3721269114"
436,"demonattack, jamesbond, krull",42,0.15104376355871962,0.16290665692419454,0.1303926497944897,0.6122780954059732,30.024017165278504,"0.09040358878, 0.2249147327, 0.4061102549"
437,"demonattack, kungfumaster, upndown",42,0.14935653815254132,0.16292479937006646,0.13307579532188413,0.6121917316502998,30.641834254649712,"0.1189917306, 0.5385033191, 0.2399088308"
438,"amidar, battlezone, pong",42,0.14738250485680893,0.16294463305866533,0.13145944076040758,0.6120973060424881,30.26965486282483,"0.6817073671, 0.2273057656, 0.3615748173"
439,"kangaroo, kungfumaster, seaquest",42,0.1364870352047306,0.16294897379441742,0.13852065661154617,0.6120766388319419,31.895559898549326,"0.2704769693, 0.5027722018, 0.4864893697"
440,"bankheist, kungfumaster, qbert",42,0.14070912529307564,0.16296603653754396,0.13722647936891236,0.6119953939728039,31.59756457589125,"0.2360107716, 0.545742419, 0.1951916861"
441,"amidar, asterix, krull",42,0.14687670689406573,0.1629932420315972,0.12420642362822072,0.6118658364487729,28.599585950044442,"0.4772931445, 0.1802323518, 0.3814072194"
442,"bankheist, demonattack, jamesbond",42,0.14551609838052923,0.16306298534059827,0.12763118129539025,0.6115336073082787,29.388165545198603,"0.2430952112, 0.03224500633, 0.5697464874"
443,"amidar, crazyclimber, upndown",42,0.14988015702535512,0.16307463870908612,0.13083482783351802,0.6114780814785548,30.125832421390104,"0.7788423201, 0.2569623803, 0.1849621641"
444,"jamesbond, kangaroo, roadrunner",42,0.15060509874573824,0.16309927289616655,0.1296083421034448,0.6113606917409835,29.84342364550645,"0.2003536376, 0.1724338284, 0.4095879685"
445,"alien, hero, pong",42,0.1511566498784824,0.1631389959036456,0.12897584881944812,0.6111713616252089,29.697786684791488,"0.7101190145, 0.3189891741, 0.2796649721"
446,"alien, battlezone, crazyclimber",42,0.1497480403919065,0.16314547939620092,0.12910185879571862,0.61114045524795,29.726801554084386,"0.6539975942, 0.2640730745, 0.28310756"
447,"demonattack, frostbite, krull",42,0.14997424596544986,0.16314896328813616,0.12808514574812999,0.6111238472597682,29.492694723361375,"0.1189697236, 0.1047583774, 0.5227693837"
448,"amidar, crazyclimber, roadrunner",42,0.15253484991501107,0.16315089441518335,0.13270793546599596,0.611114641271745,30.55713139260181,"0.4786553039, 0.2020557993, 0.3387591777"
449,"amidar, asterix, pong",42,0.14982875167152115,0.163158775983887,0.12831512182418747,0.6110770674574302,29.545648671808898,"0.8692558372, 0.1472656171, 0.3426358658"
450,"boxing, freeway, jamesbond",42,0.14892008110696875,0.16317169162845124,0.12375818190309613,0.6110154907613914,28.496374478611457,"0.1656777619, 0.006605545905, 0.5903390833"
451,"kungfumaster, roadrunner, upndown",42,0.15011727150396173,0.1631944724238726,0.13621958817679852,0.6109068690388643,31.36571931096842,"0.2064841921, 0.4123073817, 0.1884297322"
452,"choppercommand, crazyclimber, jamesbond",42,0.1516997978446765,0.16339660333494785,0.13191640836049848,0.6099424190300896,30.374875541219886,"-0.01399208858, 0.2508072077, 0.5331816605"
453,"amidar, assault, crazyclimber",42,0.15110410283196604,0.16343211933777704,0.13402020554897742,0.6097728342107408,30.85929274570733,"0.6350692341, 0.299823646, 0.1917880742"
454,"bankheist, choppercommand, jamesbond",42,0.14651826044517488,0.16345843716265782,0.12973487208058437,0.6096471458558566,29.872558249424298,"0.2434368514, 0.02934688926, 0.5813932655"
455,"demonattack, krull, seaquest",42,0.15098951412139172,0.16349581508369043,0.1292152278241984,0.6094686020422881,29.752905737582864,"0.09515063868, 0.5420975211, 0.290296179"
456,"asterix, jamesbond, kungfumaster",42,0.15429296641689177,0.16350402073746054,0.12872230701827597,0.6094294004779797,29.639406527608504,"0.1787129156, 0.4072819127, 0.3038930465"
457,"crazyclimber, freeway, jamesbond",42,0.15050019450076002,0.1635629665891043,0.13227989423949713,0.6091477356417594,30.458571257869497,"0.2456333792, -0.03222792891, 0.5578311445"
458,"amidar, boxing, roadrunner",42,0.1489276561568615,0.16361885212298388,0.13398470826495487,0.6088806003662242,30.851119194004117,"0.4941082689, 0.1319764053, 0.3862243608"
459,"amidar, assault, roadrunner",42,0.15274136012879708,0.16364060100191105,0.13395014892803692,0.6087766151137741,30.84316161260301,"0.291623188, 0.3082474181, 0.3285837698"
460,"alien, demonattack, roadrunner",42,0.15332736867800253,0.16364835448985313,0.1329085725109243,0.6087395409690866,30.603329779477246,"0.4781204372, 0.06719646232, 0.4774745965"
461,"pong, qbert, upndown",42,0.15288689693582502,0.1636983328369468,0.12231511965428563,0.6085005219202886,28.164097116374105,"0.3758897458, 0.2864381706, 0.3318690074"
462,"amidar, boxing, breakout",42,0.1484792854589844,0.16374836766459466,0.12848415893300819,0.6082611596467035,29.58457090450224,"1.075273141, 0.1115745242, 0.1656456946"
463,"battlezone, pong, qbert",42,0.1503884184322818,0.16379583307577805,0.12850045847506542,0.6080340216262347,29.588324012758598,"0.4184955456, 0.3759238055, 0.2931796962"
464,"mspacman, pong, roadrunner",42,0.1529606821207195,0.1639164317001366,0.12872693866265805,0.6074566203707548,29.64047300313953,"0.3038106017, 0.1805019339, 0.4212411496"
465,"crazyclimber, jamesbond, mspacman",42,0.15023465975071834,0.16392954695474235,0.131315726892671,0.6073938016249223,30.23656352187415,"0.2221278939, 0.4668582258, 0.1482679488"
466,"boxing, kungfumaster, roadrunner",42,0.15098450207214034,0.163934123460062,0.1335930422502786,0.6073718801413416,30.76093476132152,"0.1179139857, 0.2609189642, 0.3960663237"
467,"asterix, kungfumaster, roadrunner",42,0.1530495491846416,0.16397543973281098,0.13370139063006822,0.6071739472845215,30.785882897736883,"0.1610877082, 0.2443023287, 0.4477670505"
468,"assault, roadrunner, seaquest",42,0.15203540445996122,0.16398251515441487,0.13874688467841678,0.6071400462331293,31.94765083598864,"0.2590518573, 0.457237191, 0.2385228417"
469,"frostbite, roadrunner, upndown",42,0.15378590817224022,0.16398529382041582,0.13408714331542312,0.6071267321813916,30.874705736024943,"-0.062539806, 0.5957231636, 0.2210527034"
470,"alien, breakout, pong",42,0.1488324762753062,0.16399263839044323,0.1279074731119456,0.6070915393933349,29.451784087010264,"0.9811667895, 0.131574226, 0.2138399045"
471,"battlezone, pong, roadrunner",42,0.15165840645222434,0.164006994808134,0.1359995634762104,0.6070227435628065,31.315056751401947,"0.1998949079, 0.2356565042, 0.4199169511"
472,"assault, gopher, kangaroo",42,0.14592488515097782,0.16404391821415593,0.13011259461517882,0.6068457792551416,29.959532077168806,"0.517945738, 0.06073121662, 0.2507703837"
473,"jamesbond, mspacman, upndown",42,0.1517886452809375,0.16405762380330213,0.12360540828825481,0.6067800817836898,28.461197053797815,"0.4247378226, 0.2940188416, 0.2061247033"
474,"amidar, crazyclimber, kangaroo",42,0.1499914703242878,0.16407315053752597,0.12805348009482528,0.6067056480580926,29.48540343723544,"0.6346232571, 0.3142065026, 0.1929548689"
475,"bankheist, freeway, jamesbond",42,0.1468485036053471,0.16414036921800715,0.12516712410810746,0.6063833266705054,28.820795410426385,"0.2485451166, 0.01534676927, 0.5782300246"
476,"amidar, bankheist, krull",42,0.1430805114931113,0.16414458662675738,0.12405952677818535,0.6063630993036885,28.56576170033452,"0.5281437018, 0.1913462809, 0.3259110839"
477,"battlezone, kangaroo, roadrunner",42,0.1519408051846604,0.16414623542640533,0.13140618213790645,0.6063551912555911,30.257391611800376,"0.1011402809, 0.1799466302, 0.5276986821"
478,"amidar, breakout, roadrunner",42,0.14319909008485973,0.16417958985619355,0.13590287870128592,0.606195198160596,31.292794259255892,"0.5849486391, 0.1616519792, 0.3390723754"
479,"boxing, breakout, roadrunner",42,0.15374210636283905,0.16418431348634266,0.12663779394886895,0.6061725374267459,29.15942965563172,"0.06779876847, 0.08681032764, 0.5908478736"
480,"amidar, assault, breakout",42,0.14974865214279104,0.1641956881791617,0.1332260943343237,0.6061179667860916,30.67644188120322,"0.8152114058, 0.2655613186, 0.1502464309"
481,"asterix, gopher, roadrunner",42,0.15626691797331654,0.16424672086298817,0.13053111566871023,0.6058730884801782,30.055900111065366,"0.1387503521, 0.07116653114, 0.6081364895"
482,"choppercommand, pong, roadrunner",42,0.15835019635379058,0.1643238460767667,0.13156920558956992,0.6055028618001637,30.294929148761252,"0.06198694088, 0.2009115123, 0.5524596125"
483,"asterix, jamesbond, roadrunner",42,0.15277949928369805,0.16434242202581795,0.13027389303070766,0.6054136650935384,29.99667240988083,"0.1510554889, 0.2829927185, 0.391691636"
484,"breakout, pong, roadrunner",42,0.15479562260893154,0.16436430125923507,0.1317218734645316,0.6053085939731444,30.33008222606784,"0.09091045448, 0.1147913312, 0.5653869614"
485,"alien, krull, pong",42,0.15076932106270743,0.1644466884999078,0.1264435226050938,0.6049128184272152,29.11469702561446,"0.692456232, 0.2519025871, 0.1717691494"
486,"alien, choppercommand, krull",42,0.1537059930136042,0.16451570704649776,0.1287721706542933,0.6045811113483852,29.650888054106105,"0.6183662594, 0.06407204549, 0.381514093"
487,"amidar, assault, gopher",42,0.15345604145495859,0.16451730573155277,0.13724626930783718,0.6045734263272943,31.602121377727205,"0.6645338771, 0.38116938, 0.1166294538"
488,"bankheist, choppercommand, kungfumaster",42,0.14624419848224912,0.1645552275890903,0.13569448230938055,0.6043911106935149,31.244809216712387,"0.2780730001, 0.1112391659, 0.5805155438"
489,"assault, crazyclimber, roadrunner",42,0.1529383817139588,0.16459511755242512,0.1334653238663827,0.6041992877166136,30.731526516635522,"0.2589151573, 0.1021907268, 0.4032254521"
490,"privateeye, roadrunner, upndown",42,0.1540679080228974,0.1646736618378832,0.1312509025197231,0.6038214478132922,30.2216371583929,"0.07553546791, 0.577171649, 0.1925074438"
491,"alien, boxing, crazyclimber",42,0.15326685596451536,0.16467413414407703,0.12821408290135639,0.6038191752233673,29.522383600056596,"0.951713057, 0.1291587498, 0.1774384416"
492,"bankheist, krull, seaquest",42,0.14634166926378783,0.1646761823907996,0.1264880623559796,0.6038093196242865,29.124952682257987,"0.1690844209, 0.4745377351, 0.4101508996"
493,"hero, kangaroo, roadrunner",42,0.15100271320569977,0.16470505415276201,0.13351768081082607,0.6036703836155282,30.74358214861452,"0.199679006, 0.1759826725, 0.4775490613"
494,"alien, amidar, crazyclimber",42,0.15172906603583872,0.1647596176203776,0.12986029706288138,0.6034077480785309,29.901438418876907,"0.5254770595, 0.5627716256, 0.2668097832"
495,"battlezone, crazyclimber, roadrunner",42,0.1519532754916996,0.1647819526284613,0.13776583452868538,0.6033002157635908,31.721755690963533,"0.2132245196, 0.2045348232, 0.4068902096"
496,"kangaroo, pong, upndown",42,0.14510288944466837,0.1647874014436678,0.1333002004656248,0.6032739801289236,30.693505448526558,"0.2599680904, 0.3900031301, 0.2467338914"
497,"frostbite, kangaroo, roadrunner",42,0.15392033016265017,0.16480141013080638,0.12883386103544195,0.6032065253736267,29.6650927893075,"-0.029881819, 0.200849518, 0.5930143256"
498,"crazyclimber, demonattack, krull",42,0.15120152375514545,0.16487620026485197,0.12820155088162452,0.6028462982255293,29.519497995874627,"0.1411382898, 0.1337878631, 0.4454331119"
499,"alien, gopher, upndown",42,0.15332819815272128,0.1649122096374463,0.13319063306700113,0.602672800567088,30.668276622651657,"0.8517414507, 0.1884738071, 0.2400254873"
500,"amidar, bankheist, gopher",42,0.1505464557700489,0.16496769356516858,0.13413595481029753,0.6024053979026329,30.885944998071402,"0.9820928603, 0.2335847061, 0.1707038865"
501,"amidar, kangaroo, pong",42,0.1465677077673956,0.164981632644816,0.12204843009294455,0.6023382049044346,28.102689575534,"0.6487738979, 0.1855098584, 0.3704159098"
502,"pong, qbert, roadrunner",42,0.15527626937429528,0.16499513912561917,0.13462870904713167,0.6022730918228307,30.999405854095798,"0.2043361441, 0.1336450485, 0.5021648846"
503,"jamesbond, seaquest, upndown",42,0.14560988461587007,0.16500111227649322,0.1306111387655041,0.6022442942977156,30.074326110042644,"0.5070707209, 0.3795606201, 0.2292056374"
504,"assault, qbert, roadrunner",42,0.15143372842669572,0.1650082100893628,0.1356424310257474,0.6022100732400477,31.2328239657359,"0.3163041939, 0.1252454285, 0.3797867064"
505,"assault, jamesbond, kangaroo",42,0.1449475369005557,0.16504202509852933,0.13382471305645469,0.6020470189496969,30.814278935799816,"0.407162915, 0.1908379049, 0.2182107666"
506,"asterix, breakout, roadrunner",42,0.1557356974951299,0.1650694782526992,0.13109114809316963,0.6019146166336887,30.184852342280717,"0.07812306207, 0.08785074852, 0.6194654966"
507,"alien, bankheist, kungfumaster",42,0.14262608401186633,0.1651118675723877,0.130277668906493,0.6017101362485153,29.99754183741047,"0.4581891006, 0.1963160319, 0.4613748725"
508,"boxing, roadrunner, seaquest",42,0.15283908521098563,0.16512006000169513,0.13242837537953048,0.6016706110157075,30.492760303832654,"0.09037372916, 0.5939558254, 0.2811442462"
509,"assault, frostbite, roadrunner",42,0.15449289230812507,0.1651630350168261,0.1370127838738064,0.601463241430735,31.548359369744155,"0.3474314905, 0.06365394213, 0.3833289893"
510,"boxing, hero, mspacman",42,0.1538662652350578,0.1651700798413724,0.12814760487516746,0.6014292425227241,29.507076468845167,"0.1696564735, 0.4862942956, 0.4709682234"
511,"boxing, frostbite, krull",42,0.14897933025249954,0.16518474452082374,0.12833286238142022,0.6013584649112593,29.549733586071454,"0.147586817, 0.1669027847, 0.4293790878"
512,"assault, asterix, krull",42,0.15388049105218116,0.16518654395521767,0.13127653425979677,0.6013497796879566,30.227539084653017,"0.2477052218, 0.1477943962, 0.3769193805"
513,"krull, qbert, roadrunner",42,0.1472739439037817,0.16524178052323343,0.13883538665643833,0.6010831265924157,31.96802916951793,"0.30532027, 0.1671110446, 0.3037012655"
514,"alien, boxing, kangaroo",42,0.1515895132182723,0.16525559097418463,0.1267335058705333,0.6010164430681989,29.181468140036333,"0.9484837278, 0.1571673721, 0.1713430085"
515,"breakout, gopher, roadrunner",42,0.15605482380362445,0.16526463825172708,0.13054777630223718,0.6009727554233331,30.059736363705262,"0.1073048944, 0.04706959835, 0.605533111"
516,"amidar, breakout, privateeye",42,0.15139490015743526,0.16526794724854754,0.12892619666371113,0.6009567762868868,29.68635385342799,"1.127175658, 0.2527358243, 0.1837551789"
517,"breakout, demonattack, jamesbond",42,0.15190697496864128,0.16531732187746706,0.1362468847406116,0.6007183083377323,31.37200457706102,"0.197804652, -0.06024724332, 0.6366005575"
518,"bankheist, boxing, hero",42,0.150174999577147,0.16532637246455947,0.13375878159569404,0.6006745883862614,30.799097655929135,"0.2062500264, 0.1752690676, 0.6739821158"
519,"kangaroo, qbert, roadrunner",42,0.14933228769699441,0.16533140572685176,0.1260298470503081,0.6006502735706405,29.019444709035895,"0.1895604095, 0.1228626524, 0.5180692217"
520,"assault, hero, roadrunner",42,0.1503440210628463,0.1653800770544801,0.1400159192153017,0.6004151126553233,32.23985683670122,"0.3109169346, 0.2669282874, 0.2941880048"
521,"asterix, frostbite, krull",42,0.15002707377809804,0.1654041813372301,0.12482543772180343,0.6002986245124542,28.74211921246812,"0.205702551, 0.1341341048, 0.4849681607"
522,"jamesbond, kangaroo, kungfumaster",42,0.14956627019014185,0.16546962133251036,0.13161353852047092,0.5999822887325079,30.30513718334339,"0.2842792581, 0.2138539834, 0.3475634683"
523,"crazyclimber, jamesbond, kungfumaster",42,0.15176105264222434,0.16554481851729796,0.13165250176440518,0.5996186323653643,30.314108801809166,"0.2591912155, 0.5445037731, -0.02918155261"
524,"asterix, mspacman, roadrunner",42,0.15308320829629157,0.16556566420731345,0.13027960054315663,0.5995177925874957,29.997986613189138,"0.1351939847, 0.2935646535, 0.5009624935"
525,"amidar, breakout, jamesbond",42,0.14360800208780125,0.16557395000511174,0.13685610919273394,0.5994777070100725,31.512283691235453,"0.5617131788, 0.184265733, 0.3451734312"
526,"demonattack, privateeye, roadrunner",42,0.15461709059925144,0.16558467436393898,0.133331380154782,0.5994258210232408,30.700684837272313,"0.1194993313, 0.2312497493, 0.6357947297"
527,"crazyclimber, jamesbond, seaquest",42,0.14823197377353664,0.16562409223195565,0.1376946046049,0.5992350828455946,31.705354394895195,"0.2210454757, 0.5165572032, 0.2066724649"
528,"assault, krull, roadrunner",42,0.15015958481958078,0.16563138652389042,0.1408185034348975,0.5991997816930104,32.424658682692574,"0.217912853, 0.1896262829, 0.3241884139"
529,"boxing, frostbite, roadrunner",42,0.15650457795317899,0.1656317903799179,0.1328310537871164,0.5991978271627162,30.58548043369045,"0.1270595422, 0.07920366398, 0.562277973"
530,"breakout, frostbite, jamesbond",42,0.15107919687415616,0.1656448435809148,0.13363476177613107,0.599134651398409,30.770541037152988,"0.1992538369, 0.1116279265, 0.5218927207"
531,"assault, gopher, roadrunner",42,0.15324341778206108,0.16565388351087457,0.13461560095539374,0.5990908964166165,30.996387604432464,"0.2888373969, 0.06299514631, 0.4220183235"
532,"alien, gopher, krull",42,0.15423061068304053,0.16570586438790263,0.13088319108741753,0.5988392527361563,30.13696847213787,"0.7017432706, 0.06168916474, 0.3269156487"
533,"amidar, pong, roadrunner",42,0.15003526774388787,0.16572196489329866,0.13957830485728193,0.5987612928572712,32.13909240697557,"0.5075088977, 0.2521975314, 0.3145848398"
534,"alien, asterix, roadrunner",42,0.15228791980278017,0.16572510696597528,0.1333410574486425,0.5987460778176606,30.702913116530684,"0.4071308945, 0.1264070148, 0.4892273872"
535,"choppercommand, krull, roadrunner",42,0.15382084783980224,0.16572988166032848,0.1414427309449307,0.5987229564877616,32.5683923786165,"0.06056412879, 0.2742255239, 0.4055168834"
536,"alien, jamesbond, kungfumaster",42,0.15246106284090266,0.16589120991242975,0.12843294519146162,0.5979413372363607,29.572778504718077,"0.5632902362, 0.2793799612, 0.2620721648"
537,"asterix, privateeye, roadrunner",42,0.15839476373481537,0.16589233567083567,0.13343014199501851,0.5979358803775521,30.72342559138084,"0.1568996396, 0.09057958302, 0.6489977015"
538,"assault, frostbite, kangaroo",42,0.14648166980777738,0.1659217359788285,0.13513117502802047,0.5977933559339148,31.115102921828914,"0.5475607551, 0.06757876609, 0.2321039944"
539,"assault, hero, qbert",42,0.15044447023994462,0.16593433830490173,0.13639579522358755,0.5977322556598427,31.406292482890112,"0.4296314227, 0.4216094266, 0.1641705707"
540,"kangaroo, kungfumaster, pong",42,0.14942891151642046,0.165951187095861,0.12723393534685515,0.5976505598601103,29.296696285263685,"0.284095563, 0.3879587385, 0.214920323"
541,"jamesbond, krull, seaquest",42,0.14694849173377644,0.16597469497344275,0.13679291684362754,0.597536561865101,31.497733115131087,"0.3145297098, 0.3248620448, 0.3936734437"
542,"assault, hero, seaquest",42,0.14833247639671182,0.16598615510492626,0.1391762715362615,0.5974809817882427,32.04652081378872,"0.3541338773, 0.565395116, 0.397664372"
543,"breakout, crazyclimber, roadrunner",42,0.15391464821387288,0.16604466857597736,0.1329080136829002,0.5971971396048885,30.60320110456946,"0.09785411776, 0.1047544542, 0.5519465114"
544,"frostbite, pong, roadrunner",42,0.15627875584772072,0.16607775722493934,0.13498769092049595,0.5970365860555875,31.082064485122164,"0.1034972164, 0.2617084499, 0.4696600327"
545,"boxing, hero, roadrunner",42,0.14892310680354806,0.16609200748911124,0.1377250558885001,0.5969674307206874,31.712366062063207,"0.1229038088, 0.3515338172, 0.4019379927"
546,"asterix, choppercommand, roadrunner",42,0.16019605024715033,0.16610416805723419,0.1332147536461443,0.59690841181294,30.673830591248603,"0.1463300949, 0.02377843499, 0.652830591"
547,"assault, demonattack, roadrunner",42,0.1553970511371777,0.16616527075983775,0.13964512575146643,0.5966117965517046,32.15447848646055,"0.2761514111, 0.03096252291, 0.4633324138"
548,"bankheist, kungfumaster, seaquest",42,0.14187323187002204,0.1661802763649771,0.13479163805889705,0.5965389370741022,31.036921645466514,"0.2502399513, 0.5752857047, 0.3805516307"
549,"amidar, kangaroo, roadrunner",42,0.15409925169314592,0.16618436262687425,0.12877426818509075,0.5965190951545429,29.65137102842073,"0.08657297279, 0.182428224, 0.553532172"
550,"pong, privateeye, roadrunner",42,0.15908942407685284,0.16618531465830236,0.13659201611203667,0.5965144722454283,31.45147401215781,"0.2035415188, 0.08595990446, 0.5685461031"
551,"demonattack, kungfumaster, mspacman",42,0.15445886854245122,0.1662488133078427,0.12942262845120284,0.5962060733839906,29.80066149678467,"0.145520642, 0.375744739, 0.5541945644"
552,"alien, crazyclimber, krull",42,0.1522526434561539,0.1662496389951245,0.13236727037916465,0.5962020624279906,30.47869035753768,"0.6548403694, 0.12096248, 0.2879050925"
553,"asterix, demonattack, roadrunner",42,0.15854915033423986,0.16627072328639947,0.13312818635434737,0.5960996341369431,30.653897735685355,"0.1244036837, 0.0397415163, 0.6458666463"
554,"alien, battlezone, krull",42,0.15256868641300217,0.16632558214122678,0.12576778361486324,0.5958330668617379,28.959102373048484,"0.569322936, 0.1280903615, 0.3515069991"
555,"alien, kungfumaster, pong",42,0.15159242995611225,0.16634919129148798,0.1293552438457984,0.595718319449387,29.78514561799452,"0.7639923787, 0.2608627515, 0.2128472537"
556,"assault, choppercommand, kangaroo",42,0.14802629194126513,0.16636137656569427,0.13695842274945622,0.5956590890615039,31.535842258287445,"0.5830194184, -0.04303853959, 0.2597944249"
557,"boxing, frostbite, kungfumaster",42,0.15481170457072357,0.1663698465141987,0.14300531506062392,0.5956179156359582,32.928190667750954,"0.1901727656, 0.1677658334, 0.5229366668"
558,"demonattack, gopher, krull",42,0.15341994891650074,0.1663782114860319,0.13560448669066993,0.5955772504570802,31.224086959704607,"0.1452976483, 0.0782577424, 0.5007677047"
559,"amidar, jamesbond, upndown",42,0.15631138730551222,0.16638212832875396,0.1266461366514749,0.5955582085532776,29.161350633897293,"0.2718599558, 0.4592620045, 0.2260304784"
560,"alien, asterix, jamesbond",42,0.15312820645177175,0.16640879206722284,0.12539156380138844,0.5954285696989579,28.87247455962888,"0.5109343191, 0.1365137424, 0.4588361016"
561,"breakout, jamesbond, qbert",42,0.15152494186075216,0.1664774814328627,0.1380327341407167,0.5950945069368384,31.783211597762453,"0.1367349073, 0.5809168067, 0.1184278003"
562,"asterix, boxing, krull",42,0.1511771992358912,0.16647869536208953,0.12928946281163214,0.5950886018931054,29.769998975127223,"0.1699598733, 0.09740116471, 0.4771591311"
563,"alien, amidar, krull",42,0.15302182894006552,0.16649812105443074,0.1288362149592115,0.5949941015952191,29.665634800285684,"0.502799605, 0.2779447615, 0.3445914474"
564,"crazyclimber, kangaroo, kungfumaster",42,0.1516513283982016,0.16655654276360593,0.1332229206592373,0.5947098306637384,30.675711115508825,"0.1727062105, 0.2868020731, 0.3962667171"
565,"battlezone, krull, upndown",42,0.14998998957552084,0.16657096722656342,0.12943760897953815,0.5946396281236863,29.804110890907676,"0.1296901158, 0.4191856363, 0.2169548906"
566,"boxing, breakout, mspacman",42,0.15479829174715723,0.16657319384991942,0.12892720515013717,0.5946287908100863,29.686586066009095,"0.08660899784, 0.1768524544, 0.8478628511"
567,"amidar, assault, privateeye",42,0.15797209528490078,0.16658203822847786,0.1373463439248257,0.5945857424476293,31.625164409853696,"0.5623330822, 0.5167734896, 0.1634423787"
568,"assault, crazyclimber, jamesbond",42,0.15094087351089597,0.16663181653139628,0.13276492797367875,0.5943434132125145,30.570254402462083,"0.09879218976, 0.2196598789, 0.4617304838"
569,"alien, boxing, mspacman",42,0.1533199993085116,0.16666534768618765,0.12442042180660011,0.594180137042827,28.648860851590868,"0.7282276901, 0.1734769447, 0.3938292099"
570,"amidar, asterix, roadrunner",42,0.15540963611290076,0.16670544930168552,0.13351403391276073,0.5939848236175458,30.74274241930243,"0.3383326449, 0.1544727744, 0.5105052179"
571,"hero, roadrunner, upndown",42,0.151694026339907,0.16670975872549135,0.1373550113522791,0.5939638319332408,31.627160158778572,"0.2142759545, 0.4679603183, 0.1779504893"
572,"battlezone, roadrunner, upndown",42,0.1532313426452997,0.1667227189176619,0.13570766102405227,0.5939006981208567,31.247843727907178,"0.1003931004, 0.5288250817, 0.1800942896"
573,"mspacman, pong, upndown",42,0.1531106569555562,0.166743808035603,0.12576167288826826,0.5937979548620418,28.957695326251987,"0.4998950458, 0.3033245972, 0.2487570971"
574,"assault, mspacman, qbert",42,0.15682789388988425,0.16678238245305757,0.13933188120148984,0.5936099920240296,32.082351263336776,"0.4517741883, 0.4097411098, 0.1567134229"
575,"boxing, krull, mspacman",42,0.1547160179470875,0.16678257063008714,0.1314590554083816,0.5936090749810355,30.26956613224177,"0.1323665139, 0.3274457003, 0.3959449097"
576,"breakout, qbert, roadrunner",42,0.15656436217827335,0.16679785338579636,0.1335255629946377,0.5935345940834051,30.74539708850901,"0.1114427049, 0.0638900349, 0.6055580322"
577,"breakout, demonattack, roadrunner",42,0.1569343147901407,0.1668641267885789,0.13499993607922867,0.5932115300080314,31.084884037118094,"0.1058841906, 0.0264593151, 0.6264715519"
578,"asterix, frostbite, roadrunner",42,0.1596769447692331,0.16689557108859895,0.13336279001320514,0.5930582030570272,30.70791722445013,"0.1601972636, 0.04064502226, 0.6320469166"
579,"assault, kangaroo, seaquest",42,0.14460259379771423,0.166900467238843,0.13823566789086733,0.5930343261213931,31.829938820558674,"0.5095819708, 0.2677942135, 0.2334307134"
580,"asterix, freeway, roadrunner",42,0.15920909895619753,0.16693611064812786,0.13411156155657694,0.5928604836722022,30.88032824383274,"0.1686736716, 0.03261837043, 0.6260201783"
581,"crazyclimber, mspacman, roadrunner",42,0.15634908234489653,0.16699420604530704,0.1314935302092038,0.592577057305765,30.277504248487485,"0.1308238, 0.2716705299, 0.4612103283"
582,"demonattack, kungfumaster, roadrunner",42,0.15484892104783585,0.16701408512288882,0.14042982523177727,0.5924800518521716,32.335162219044946,"0.08954260842, 0.2945821342, 0.4283473863"
583,"boxing, kungfumaster, mspacman",42,0.15676382904368474,0.16702019759866013,0.13313909067849766,0.5924502220160801,30.65640854910912,"0.1619939811, 0.3766236382, 0.4350450535"
584,"gopher, jamesbond, mspacman",42,0.1573988935147138,0.16702772352603895,0.13310540185800993,0.5924134928158968,30.64865141152356,"0.1288288548, 0.5003907648, 0.2805739756"
585,"boxing, pong, roadrunner",42,0.15530495336017955,0.16704337968202293,0.1312891485019611,0.5923370799082932,30.230443621249712,"0.07888722515, 0.1326901415, 0.5499556379"
586,"gopher, jamesbond, krull",42,0.157250053338291,0.16712302766199036,0.1341707639850817,0.5919482315857181,30.89396010676715,"0.08392516524, 0.4515982097, 0.2142164069"
587,"kangaroo, krull, qbert",42,0.14515295750035473,0.16717391770115847,0.1356663643388591,0.5916996849620333,31.23833481473559,"0.1693469733, 0.4173125606, 0.2284448084"
588,"krull, pong, upndown",42,0.15070880016088156,0.167189911346776,0.13453654772080145,0.5916215564715491,30.978184924479947,"0.3739727818, 0.1325943311, 0.2493216341"
589,"bankheist, jamesbond, kangaroo",42,0.1438747401744948,0.1672030223949188,0.1266339703082193,0.5915575038103378,29.158549229835636,"0.2082553577, 0.5447568105, 0.08747108419"
590,"jamesbond, kangaroo, krull",42,0.15019284121418644,0.16726567118123925,0.1269078120187451,0.5912513703430613,29.2216036138853,"0.3168943256, 0.1533769806, 0.2753348272"
591,"jamesbond, krull, roadrunner",42,0.15361694678279353,0.16727040246980332,0.14067154353360314,0.5912282462309258,32.39081991489375,"0.1790597936, 0.2396338916, 0.3002142082"
592,"kungfumaster, seaquest, upndown",42,0.15079368036747184,0.16728853778912622,0.1427771255730294,0.5911396040319212,32.875648096499646,"0.5171272728, 0.4951279715, 0.2541574361"
593,"bankheist, jamesbond, seaquest",42,0.13993298427446332,0.16729721094894692,0.13107643561346363,0.5910972077801465,30.181464668635517,"0.2220640786, 0.5568934724, 0.2742856668"
594,"breakout, roadrunner, seaquest",42,0.15593751063705913,0.1672992645631788,0.13744461913444564,0.5910871689547204,31.64779311312187,"0.09309930579, 0.6248021445, 0.1748160539"
595,"boxing, krull, qbert",42,0.14887019586298778,0.1673093944683881,0.13096714907474877,0.5910376484307189,30.15630051314454,"0.09669547863, 0.455588811, 0.2171515991"
596,"battlezone, breakout, jamesbond",42,0.15266559577291286,0.16735233113916723,0.1371274544504199,0.5908277171826346,31.574763245775685,"0.1369248134, 0.1760203884, 0.5172236797"
597,"asterix, bankheist, hero",42,0.14925436187297092,0.1673594048144553,0.13901543877726114,0.5907931265316972,32.009487702454784,"0.266201733, 0.2041974371, 0.7455995417"
598,"amidar, assault, qbert",42,0.1569987690496636,0.16736546494233007,0.13777594367527443,0.5907634910190575,31.724083407987415,"0.5174120081, 0.4625891661, 0.1541379371"
599,"amidar, assault, asterix",42,0.1591474247070447,0.16739453391450534,0.1402012909848255,0.5906213216917579,32.28254026401797,"0.6291522325, 0.4353669522, 0.1107280202"
600,"assault, choppercommand, roadrunner",42,0.15661191701957317,0.1674507736914714,0.14095539012657415,0.5903461964218881,32.45617800826097,"0.322458371, -0.001673825187, 0.4434108859"
601,"gopher, jamesbond, qbert",42,0.15476367072248934,0.1674807833095555,0.13505624281801737,0.5901993514057318,31.09784914285509,"0.1256328197, 0.5792376249, 0.1613932624"
602,"gopher, jamesbond, kangaroo",42,0.1506917424219769,0.16748974938569763,0.1270237209115886,0.5901554729129562,29.248292622765987,"0.1320624288, 0.5228096513, 0.1641997787"
603,"breakout, choppercommand, roadrunner",42,0.15751899063190486,0.16750928668029982,0.1364700627121,0.5900598524906914,31.423393204084398,"0.1185701804, 0.01852397209, 0.6263419556"
604,"asterix, hero, krull",42,0.15146761988009225,0.1675617590495659,0.1368026900916301,0.5898029843454581,31.499983488647164,"0.2274153931, 0.3903227601, 0.3366569876"
605,"alien, choppercommand, roadrunner",42,0.1585242003050753,0.1675821052696207,0.13318581512021493,0.5897033617883958,30.667167249406784,"0.4837377279, 0.05428947958, 0.5011393593"
606,"amidar, demonattack, roadrunner",42,0.15881039405305852,0.16759293312695647,0.1367790451879628,0.5896503396953623,31.494539048376208,"0.3798605591, 0.07745233685, 0.5206825783"
607,"battlezone, gopher, roadrunner",42,0.15639954426102973,0.16760097453838138,0.13969522013988556,0.5896109601159258,32.166013145662205,"0.2108805306, 0.119725455, 0.5070081789"
608,"hero, jamesbond, upndown",42,0.15428989447429506,0.16760834086522292,0.12614642534089435,0.5895748848336382,29.046287852442966,"0.2385272255, 0.4502388905, 0.2080412754"
609,"bankheist, kungfumaster, pong",42,0.14913370019133798,0.16765396301674723,0.12848614027952254,0.5893514231007522,29.58502712639704,"0.2718930664, 0.4801966424, 0.1652359093"
610,"alien, battlezone, gopher",42,0.15632349593497585,0.16767774900828955,0.1306938425544671,0.5892348928822144,30.093369361202672,"0.8550623902, 0.2935488277, 0.1966110694"
611,"alien, kungfumaster, upndown",42,0.1494273638341503,0.1676880844370172,0.13604345071119311,0.5891842533148905,31.325162160706345,"0.5933982775, 0.3904069098, 0.1718154739"
612,"amidar, assault, krull",42,0.15261268737909886,0.16771849725439844,0.13578087707158135,0.589035224273039,31.264702345868017,"0.4329029544, 0.2940343154, 0.2449193009"
613,"asterix, breakout, krull",42,0.1565404133206926,0.16772283172815863,0.12806944536231718,0.5890139822623621,29.489079575928695,"0.1226728781, 0.09336643618, 0.515713717"
614,"bankheist, choppercommand, krull",42,0.15569787274903105,0.1677385092962629,0.1296246298887723,0.5889371464213224,29.84717404667575,"0.2041645813, 0.09538234525, 0.4840955985"
615,"amidar, krull, roadrunner",42,0.1534072173417168,0.1677513193303666,0.1384665542252533,0.5888743590475153,31.88310236373199,"0.2602118179, 0.2607342812, 0.3324119813"
616,"crazyclimber, jamesbond, krull",42,0.15035838535900045,0.16775483571613714,0.13499961827383122,0.5888571229207107,31.084810859721028,"0.1973532847, 0.4509397694, 0.1087512387"
617,"boxing, gopher, roadrunner",42,0.1591337950862996,0.16781315505915512,0.13370230091244903,0.588571208655003,30.786092498000926,"0.09619947669, 0.02726349119, 0.6176760624"
618,"alien, asterix, kungfumaster",42,0.15143816864024248,0.1678379922388067,0.13991797505985804,0.5884494126371365,32.21730436147418,"0.6447567297, 0.147202657, 0.435300196"
619,"amidar, breakout, kangaroo",42,0.15032880057849318,0.16785474600699501,0.13368663137163442,0.5883672456953046,30.782484452891552,"0.9281394859, 0.2252128696, 0.1541289475"
620,"freeway, roadrunner, upndown",42,0.15516811245794587,0.16788604705574872,0.13434287040432932,0.5882137113025929,30.933589074303963,"0.01793811294, 0.5659755152, 0.1977817355"
621,"choppercommand, krull, upndown",42,0.15256211012722207,0.16793334029064402,0.13625801232170184,0.5879816795284631,31.37456679729496,"0.04972492452, 0.4637204762, 0.2321393183"
622,"demonattack, krull, pong",42,0.15517831043876418,0.16795159834540802,0.1305897943441927,0.5878920837163988,30.069411375409626,"0.1285014145, 0.496419568, 0.09982408563"
623,"breakout, freeway, mspacman",42,0.15976506057071668,0.16796632002972203,0.1321581879315925,0.5878198344659882,30.43054734483905,"0.2331204609, 0.03492336411, 0.8730624676"
624,"assault, demonattack, mspacman",42,0.15892012130688885,0.1679750187508772,0.14472358346165887,0.5877771409883041,33.32383658834953,"0.3558738392, 0.07831214596, 0.6158096146"
625,"bankheist, kungfumaster, upndown",42,0.14156459397122684,0.16798567874537418,0.14372037307369517,0.5877248185313564,33.09283885990333,"0.2267005958, 0.5135285219, 0.1701569125"
626,"battlezone, krull, seaquest",42,0.14844070522084346,0.16801214901991227,0.12874578999590156,0.5875948801088801,29.644813683030485,"0.2310265801, 0.4354117598, 0.5090101065"
627,"asterix, kangaroo, pong",42,0.14889566178036504,0.16812774070997397,0.13078900343417904,0.5870272187383219,30.115280963508766,"0.2303604501, 0.3594695889, 0.3830843919"
628,"asterix, hero, pong",42,0.15572852871908338,0.16814445773192266,0.13370849734609302,0.5869450904918199,30.78751927957477,"0.2384484607, 0.695535434, 0.2374146444"
629,"gopher, jamesbond, roadrunner",42,0.15479927017744355,0.168194093956041,0.1343061195118844,0.586701186975714,30.925126868594173,"0.1103307037, 0.3508941738, 0.3189025884"
630,"boxing, privateeye, roadrunner",42,0.15912085897917377,0.16819504781581648,0.1355501175417833,0.5866964991745958,31.211568000530093,"0.1059900135, 0.04196196444, 0.6260545079"
631,"alien, frostbite, jamesbond",42,0.15613267507138695,0.16821453071018355,0.12866634448327724,0.5866007435037233,29.62652067772308,"0.7410093259, -0.1235942466, 0.5019633739"
632,"assault, demonattack, krull",42,0.1551195829485565,0.16821742836123782,0.13129056843457487,0.5865865010110716,30.230770572816667,"0.152892495, 0.09730518264, 0.4634206842"
633,"assault, jamesbond, qbert",42,0.15649616963628624,0.16826168895753804,0.1356615856147475,0.5863689214725489,31.237234472845305,"0.3152816012, 0.365152342, 0.1852399289"
634,"assault, freeway, roadrunner",42,0.1563451064232792,0.16826909834980217,0.14038218573131914,0.5863324922365111,32.32419281868568,"0.3277159372, -0.01412593066, 0.4484186431"
635,"boxing, kungfumaster, upndown",42,0.15432276713962195,0.16827719385266546,0.14036627268543073,0.5862926878150974,32.320528704461005,"0.1300908349, 0.5186552855, 0.1965104643"
636,"assault, breakout, roadrunner",42,0.1515744448426464,0.1683195591754737,0.1384892254693204,0.5860843523930577,31.888322610594845,"0.2212166625, 0.0794584151, 0.4640510431"
637,"battlezone, boxing, qbert",42,0.15827629747999206,0.16835653377965723,0.13394021942414921,0.5859024834735,30.840875259839745,"0.5366559707, 0.2137579451, 0.2964415184"
638,"assault, frostbite, pong",42,0.15519912940018868,0.16836447176119126,0.12862800441166908,0.5858634332999338,29.617692549988156,"0.4359811535, 0.1953198186, 0.2737010683"
639,"battlezone, krull, roadrunner",42,0.1533390329929532,0.1683815368991589,0.14483039724110208,0.5857794766820215,33.34843136997676,"0.11387448, 0.2595358668, 0.3734405046"
640,"krull, mspacman, upndown",42,0.1502457609346032,0.1683887723089465,0.13419714166865776,0.5857438775340857,30.900033792866143,"0.3732054591, 0.2306335454, 0.2226237972"
641,"amidar, boxing, hero",42,0.15329966372137233,0.1685026896720457,0.1380429959628343,0.5851831878022683,31.785574469625942,"0.6493516427, 0.185098431, 0.4353381814"
642,"boxing, choppercommand, roadrunner",42,0.1593642723788893,0.1685170409786467,0.13374228930944138,0.5851125252296894,30.79530016668166,"0.1048962909, 0.01818357669, 0.6233372598"
643,"freeway, kangaroo, roadrunner",42,0.15435316242263175,0.16852816668472945,0.1306514540587489,0.5850577406399625,30.083609049367162,"0.004788172959, 0.1929956137, 0.5789747097"
644,"crazyclimber, qbert, roadrunner",42,0.15694900000370998,0.16855798082013135,0.13818486917194242,0.584910913682418,31.818241983264706,"0.1650310439, 0.1298575034, 0.512343495"
645,"bankheist, demonattack, mspacman",42,0.1533951005847087,0.16856570703532553,0.13367720304319963,0.5848728598199853,30.78031350004097,"0.2051110208, 0.1528914274, 0.8366230938"
646,"battlezone, demonattack, krull",42,0.15493848621510323,0.1685719697556674,0.13781426878355474,0.584842012816444,31.732908090288774,"0.09963187777, 0.1127285065, 0.521678024"
647,"alien, demonattack, hero",42,0.15588678577437262,0.16859733401126964,0.1401599788901696,0.5847170695589016,32.27302780268646,"0.6335692693, 0.1238104652, 0.6094348599"
648,"assault, frostbite, krull",42,0.15410357142283962,0.16860397403614333,0.13518747732844416,0.5846843579706159,31.128067005594602,"0.3562609784, 0.1236976721, 0.2982324436"
649,"alien, gopher, kungfumaster",42,0.15423931068975724,0.1686093707859465,0.13792727524650927,0.58465777033538,31.758928789989888,"0.8001733382, 0.1027282237, 0.3471914392"
650,"gopher, pong, roadrunner",42,0.1603125659718779,0.1686269136291244,0.13714617422027492,0.5845713378599567,31.579073632076927,"0.03467258188, 0.169771207, 0.5751245804"
651,"assault, battlezone, kangaroo",42,0.1468489294320768,0.16867380112157854,0.13678624351287,0.5843402820234623,31.496196523938792,"0.5117115159, 0.09723894986, 0.2422013794"
652,"demonattack, krull, kungfumaster",42,0.15515697006928383,0.16868991954242318,0.13385196904192526,0.5842608375770526,30.82055485838376,"0.1281997121, 0.4458099557, 0.1652962183"
653,"assault, boxing, krull",42,0.15052388628161706,0.16872816006816277,0.13303733780877142,0.5840723273665684,30.632979085009016,"0.3196031685, 0.1069689137, 0.2891986744"
654,"asterix, krull, qbert",42,0.15528774466587641,0.16873158881621483,0.12974477304907536,0.5840554229483983,29.874838031669654,"0.1150133115, 0.5132776955, 0.169959911"
655,"demonattack, freeway, krull",42,0.1570691666981688,0.16875696761415732,0.13656847132309222,0.5839302896840987,31.44605262415369,"0.1303694403, -0.009042158324, 0.5729872232"
656,"gopher, krull, upndown",42,0.1525179368621362,0.16877281299209895,0.1405521739915401,0.5838521525687341,32.36333406208256,"0.05208178348, 0.4251642571, 0.2580738325"
657,"alien, jamesbond, roadrunner",42,0.15487146647373098,0.16880949328058367,0.12996597809360158,0.583671245684807,29.925772375471766,"0.4496727233, 0.245661342, 0.3061106529"
658,"boxing, hero, seaquest",42,0.1502500734513418,0.1688207955118456,0.12586214219917458,0.583615495249312,28.98082924001162,"0.1439064908, 0.8153320813, 0.5365582117"
659,"alien, hero, krull",42,0.15594093219339747,0.1688390779267573,0.13287220192035112,0.5835253058096348,30.594955141509526,"0.6195296853, 0.1058705909, 0.3489571411"
660,"assault, breakout, krull",42,0.15615818459744213,0.16884807209011105,0.12992646608967245,0.5834809328925363,29.916674400347613,"0.2197662049, 0.1033157968, 0.3874031589"
661,"alien, kungfumaster, roadrunner",42,0.15338909130757516,0.1688621388900724,0.13727346490225695,0.5834115292637458,31.608383394757816,"0.5128604839, 0.2389545463, 0.3081752368"
662,"alien, krull, privateeye",42,0.15644454808019562,0.16888116320365099,0.13265032991580028,0.5833176567569488,30.54386722448638,"0.6610671071, 0.3901196188, -0.02923439717"
663,"choppercommand, mspacman, roadrunner",42,0.1609962285505294,0.16888973630513862,0.13344060887998627,0.5832753506688066,30.725835680710524,"0.05010797463, 0.3318771706, 0.5322118166"
664,"breakout, freeway, roadrunner",42,0.15722502502732205,0.16896551462068873,0.13894746236187205,0.5829013104564111,31.99383555437978,"0.126462122, 0.0194675626, 0.6122011591"
665,"asterix, breakout, jamesbond",42,0.1550573594833478,0.16899633417751997,0.1397228372845221,0.5827491377581852,32.17237222821731,"0.05227718565, 0.1411749198, 0.6145223803"
666,"demonattack, gopher, jamesbond",42,0.15457162140876013,0.16900561885876744,0.13678906661271373,0.58270328886217,31.49684656670041,"0.08522619105, 0.1889698194, 0.5515654236"
667,"crazyclimber, roadrunner, seaquest",42,0.15603575100504657,0.16901800545958148,0.14290678836515075,0.5826421183847219,32.905504057725096,"0.1253409434, 0.5697106527, 0.2794700786"
668,"assault, demonattack, hero",42,0.15503220229807782,0.1690195170150731,0.1376844532787349,0.5826346533526132,31.703016965665014,"0.3798796251, 0.06792497027, 0.5665169667"
669,"assault, battlezone, roadrunner",42,0.15432563249795994,0.16903338699455991,0.1410409074900965,0.5825661513663422,32.475869108904845,"0.2956837689, 0.09905114259, 0.4032873196"
670,"choppercommand, demonattack, krull",42,0.15643457090259882,0.16905690195626635,0.13438327639291886,0.5824500012505688,30.94289289700336,"0.03367238831, 0.1225694845, 0.5597580551"
671,"breakout, gopher, krull",42,0.15830216008414535,0.16907776957082474,0.12902142770024685,0.5823469139456997,29.70828160993974,"0.1709055202, -0.07288670081, 0.5651563785"
672,"amidar, gopher, jamesbond",42,0.15682492498967396,0.16908103745987385,0.1343897969375611,0.582330769219644,30.944394307892498,"0.4246797359, 0.1590597763, 0.4478501214"
673,"assault, hero, mspacman",42,0.15351462241588382,0.16909897591617667,0.14187481561085444,0.5822421402544616,32.66788354968323,"0.4050724402, 0.3400106522, 0.282318556"
674,"jamesbond, kungfumaster, qbert",42,0.15483637820636365,0.1691055891900534,0.13701597025743664,0.5822094635200266,31.54909306168891,"0.3790975359, 0.3116444136, 0.2161065461"
675,"amidar, asterix, bankheist",42,0.1585299431122951,0.1691419728059508,0.13470287492710006,0.5820296662026119,31.016483179058195,"0.9923111104, 0.2035511727, 0.2661484675"
676,"breakout, mspacman, qbert",42,0.16095224268323463,0.1691454093165241,0.12918671273719853,0.5820126819610418,29.746339896157732,"0.2234811405, 0.8930983775, 0.04269124866"
677,"amidar, demonattack, kungfumaster",42,0.15753967145762085,0.1691734725302226,0.13162340726609947,0.5818739724263886,30.30740954600048,"0.5900809174, 0.1204718747, 0.4676140534"
678,"amidar, breakout, freeway",42,0.15968328581847324,0.1691890126507424,0.13076681831802378,0.5817971515489604,30.110172651734224,"1.226755182, 0.2424221936, -0.02436374885"
679,"battlezone, boxing, hero",42,0.15502158722601975,0.16921306070621292,0.14554775242349569,0.5816782587216494,33.51360850491291,"0.3000572491, 0.2098562674, 0.5385100782"
680,"frostbite, gopher, jamesbond",42,0.15764480157230212,0.16923365086391165,0.13208241447631147,0.5815764482038615,30.413099861981568,"0.1355952391, 0.206738824, 0.5205742524"
681,"assault, jamesbond, roadrunner",42,0.15551357284212575,0.1692571726224323,0.13902433502059264,0.5814601268733518,32.01153613818266,"0.2764161611, 0.1211292549, 0.3706626081"
682,"kangaroo, mspacman, pong",42,0.15215191875246417,0.16927344661061672,0.12392943085635313,0.5813796382264425,28.535806007307503,"0.248892852, 0.4644059201, 0.3265572508"
683,"alien, boxing, upndown",42,0.15830862364249873,0.16930805013272365,0.1316600034755706,0.581208468797946,30.315836134639312,"0.9905471989, 0.1650003808, 0.1385904044"
684,"choppercommand, crazyclimber, roadrunner",42,0.16104385131066834,0.16933102266699274,0.13999298347057082,0.5810948137710725,32.23457568630982,"0.04384435929, 0.1558409789, 0.5741686665"
685,"crazyclimber, pong, roadrunner",42,0.1599798809370285,0.16933318744780346,0.13740797358509962,0.5810841028724902,31.639355163557,"0.07781857145, 0.134968259, 0.5571421655"
686,"crazyclimber, frostbite, roadrunner",42,0.15901731975807598,0.16933939292505998,0.14057511408299747,0.5810533986644859,32.36861621334473,"0.2022128708, 0.08467389846, 0.4995612361"
687,"breakout, krull, privateeye",42,0.1585713481317936,0.16937924000026483,0.13097258973080356,0.5808562116952669,30.157553270497328,"0.1633450533, 0.5097494565, 0.1085464065"
688,"alien, bankheist, pong",42,0.15022047949393572,0.16938132067773118,0.1248429497835121,0.5808459139941791,28.746151513691913,"0.7580414269, 0.1535207204, 0.3474186816"
689,"battlezone, kangaroo, pong",42,0.14903970759830168,0.1694145610185245,0.12633519227642798,0.5806813835520284,29.08975304562395,"0.2999684819, 0.2546308898, 0.4071067596"
690,"krull, privateeye, roadrunner",42,0.15566343839768204,0.1694666839074197,0.14632700868617188,0.5804233247440862,33.69303889031895,"0.2699405749, 0.05440447952, 0.4308069249"
691,"alien, jamesbond, kangaroo",42,0.15051179068840218,0.16947029219729048,0.1302372060891398,0.5804054572747994,29.988224929404662,"0.5358689423, 0.3854976491, 0.1601271803"
692,"amidar, asterix, upndown",42,0.15917255869378294,0.16947586007473328,0.1312878914617372,0.5803778856061894,30.23015417704163,"0.8619942395, 0.2237741607, 0.2907995882"
693,"alien, bankheist, breakout",42,0.15318929914379584,0.16954227118563628,0.13354154742036045,0.5800489534398987,30.749077638547938,"1.004742708, 0.130495682, 0.2056979371"
694,"boxing, freeway, roadrunner",42,0.15774125268544908,0.16957913757884774,0.13258557539672106,0.5798662997150574,30.528956945452794,"0.122280678, 0.03835984384, 0.5835766285"
695,"asterix, freeway, krull",42,0.1597103791871688,0.1696409290143662,0.12886314888345052,0.5795600663586558,29.671836565530548,"0.2216681063, 0.04196345267, 0.5157148994"
696,"breakout, gopher, mspacman",42,0.16114000805819947,0.1696500175678363,0.13154488010032347,0.5795150148112411,30.289327997869385,"0.2254283279, 0.02087470898, 0.9006994738"
697,"demonattack, gopher, hero",42,0.1561224797435231,0.16975188705399424,0.14375687022706649,0.5790098872503635,33.10124264003228,"0.191978984, 0.1774587085, 0.7606626314"
698,"boxing, crazyclimber, roadrunner",42,0.15577652623563215,0.16978685410118358,0.13627195212850202,0.5788364305948309,31.377776556428692,"0.08317660669, 0.1065596226, 0.5512270334"
699,"demonattack, hero, upndown",42,0.15710090046432165,0.1698180895634292,0.1451843587173092,0.5786814545347945,33.429934011837624,"0.1451910711, 0.7482439242, 0.2271676566"
700,"boxing, qbert, roadrunner",42,0.15611016803477504,0.16983319968666846,0.133063565454455,0.5786064747916231,30.639018223606552,"0.102165599, 0.1045448428, 0.5765018045"
701,"krull, kungfumaster, upndown",42,0.15369291537213503,0.1698413964403643,0.1382505604840246,0.5785657979122601,31.833367966858667,"0.4077239395, 0.09203482442, 0.2400991847"
702,"frostbite, gopher, roadrunner",42,0.15916156234937157,0.16985075806222258,0.13984450643547414,0.5785193379036516,32.20038758554326,"0.1456624706, 0.1611519383, 0.5270975019"
703,"amidar, assault, hero",42,0.15512324654263057,0.1698577257736348,0.14075576893969738,0.5784847567703151,32.410213531346145,"0.3310913307, 0.4272412879, 0.3337820698"
704,"choppercommand, jamesbond, krull",42,0.16035363582700213,0.16985944743239043,0.13376974696876548,0.5784762118650579,30.80162252638648,"0.03908604208, 0.3641598283, 0.3334392947"
705,"crazyclimber, privateeye, roadrunner",42,0.1614291204793487,0.16988573120356937,0.14239146951318932,0.5783457499784501,32.78684750705858,"0.1600095774, 0.05928471792, 0.5831803568"
706,"asterix, battlezone, pong",42,0.15834009401379967,0.1699133004116314,0.13256289788199732,0.5782088860182112,30.52373525471789,"0.2243686929, 0.4528371811, 0.3933137305"
707,"bankheist, crazyclimber, krull",42,0.15694374695746766,0.1699255458623476,0.13091786155510982,0.5781480878534436,30.144951642345408,"0.2103955387, 0.1352716558, 0.4001264216"
708,"hero, roadrunner, seaquest",42,0.14763142819641145,0.16994989492829857,0.14582234724953153,0.578027182713403,33.57683630021725,"0.4167027588, 0.4065689392, 0.4696793513"
709,"battlezone, gopher, jamesbond",42,0.16072915127999154,0.1699531454015814,0.13485022348647266,0.5780110411972695,31.050411438686748,"0.1325690565, 0.1657846394, 0.5462455026"
710,"bankheist, crazyclimber, kungfumaster",42,0.15130169608283517,0.1700361134978869,0.13827192859201368,0.5775989256519456,31.83828815555078,"0.274803498, 0.1219338405, 0.4984635777"
711,"hero, krull, upndown",42,0.15344524889621045,0.17006032942363866,0.1370996258128683,0.5774786034307412,31.568355465177216,"0.1145745131, 0.420720284, 0.2337582754"
712,"gopher, mspacman, roadrunner",42,0.1575569154170398,0.17008035347666817,0.13479140111978796,0.577379096520655,31.036867088220465,"0.07775449653, 0.3179154862, 0.4968619704"
713,"breakout, choppercommand, jamesbond",42,0.15431294264149928,0.1700811495244853,0.14165119294579903,0.5773751404231033,32.61639252818201,"0.1761641822, -0.0515829693, 0.6336703241"
714,"alien, assault, seaquest",42,0.14700998045061822,0.17010317885478252,0.13019602440588587,0.5772656545031669,29.978742496408174,"0.6952822144, 0.435876129, 0.1111690319"
715,"amidar, bankheist, kungfumaster",42,0.1393176988676218,0.17014491285407496,0.1381440372661374,0.5770581973676431,31.808840089502183,"0.4890293546, 0.2464494458, 0.4113570453"
716,"breakout, kungfumaster, qbert",42,0.15587994620022616,0.17015472776585644,0.13398604146640886,0.5770094006549786,30.851426174983505,"0.1520993522, 0.5939258548, 0.1790989595"
717,"demonattack, jamesbond, upndown",42,0.1570692573981786,0.170246251457262,0.1354511779705801,0.5765542376002586,31.18878632235412,"0.0379023969, 0.5441485665, 0.2385182296"
718,"assault, breakout, jamesbond",42,0.15519007421846234,0.17027503814247322,0.140475869940987,0.576411025866402,32.3457644051487,"0.09765171245, 0.1428833555, 0.5472974433"
719,"amidar, choppercommand, pong",42,0.15680473083599739,0.1702829811537667,0.13445665355732844,0.5763715056816758,30.959788613496926,"0.9110706128, 0.08234879039, 0.3768437274"
720,"demonattack, gopher, upndown",42,0.16027946881710675,0.17032024846320662,0.13663357113634805,0.5761860588253236,31.461042410109652,"0.1932844119, 0.3109810716, 0.4115109635"
721,"alien, amidar, gopher",42,0.15837574243909114,0.1703380874965029,0.13543700890011887,0.5760972751720685,31.18552377331156,"0.7003773976, 0.6260971177, 0.1816731436"
722,"assault, kungfumaster, roadrunner",42,0.15600163071916195,0.1703894667741441,0.14243246172658772,0.5758415120500602,32.79628631300858,"0.290630257, 0.0777968416, 0.4064568797"
723,"assault, demonattack, kangaroo",42,0.1487265299069291,0.1704129845718396,0.13949594592249936,0.5757244160568422,32.120128561425055,"0.5430644825, 0.01893232565, 0.266143121"
724,"asterix, qbert, roadrunner",42,0.16050879658060535,0.17044014497997337,0.13511172359446333,0.5755891632607345,31.11062406373431,"0.1482950665, 0.01410964447, 0.6539063526"
725,"hero, pong, roadrunner",42,0.15576509283398166,0.17050550673800483,0.1425339967637131,0.5752635878812364,32.819665619298725,"0.249591266, 0.1877739439, 0.4400677494"
726,"alien, crazyclimber, hero",42,0.15580358133708283,0.1705071592477666,0.1373526915992665,0.5752553548982451,31.62662601590795,"0.6863516431, 0.2248556062, 0.3568761852"
727,"demonattack, kungfumaster, qbert",42,0.1578803283891092,0.17050837282056938,0.1380293205051652,0.5752493086960084,31.782425579129068,"0.1111011994, 0.6227638785, 0.2421064529"
728,"amidar, pong, qbert",42,0.15359830084566672,0.1705245425072142,0.13799600253218114,0.5751687447785325,31.774753832336884,"0.8221904973, 0.363108982, 0.1541768893"
729,"demonattack, qbert, roadrunner",42,0.16112709512016096,0.17052489761608902,0.13666696664486205,0.5751669753967896,31.468732010117378,"0.06589499119, 0.1134559808, 0.63276999"
730,"assault, frostbite, hero",42,0.15716683894224445,0.17057939397517882,0.13992714262947686,0.5748953956706484,32.21941527238851,"0.4924283052, 0.07478401397, 0.4028657529"
731,"assault, battlezone, qbert",42,0.15879832359625173,0.17062213797314174,0.1348134183302982,0.5746823224906747,31.041936738291483,"0.4751858881, 0.2506221323, 0.2468211197"
732,"breakout, choppercommand, mspacman",42,0.16077150957516592,0.17062457630946706,0.12919953951799218,0.5746701660968387,29.749293371582386,"0.242417507, -0.03354400196, 0.9280420716"
733,"breakout, crazyclimber, mspacman",42,0.16013433874788316,0.170638779862838,0.13085370839472787,0.5745993504315363,30.13017983126902,"0.2104984182, 0.06673089182, 0.8424176961"
734,"assault, hero, pong",42,0.15491132643766234,0.17066138800393166,0.1381349961090888,0.5744866192571472,31.806758286157834,"0.3939345412, 0.4336610284, 0.1411889393"
735,"amidar, gopher, roadrunner",42,0.1570176813233152,0.17067054261905665,0.14087855883856198,0.5744409672704196,32.43848695041574,"0.4708989466, 0.1173871708, 0.440278895"
736,"assault, freeway, kangaroo",42,0.1491944994687338,0.17072217337196222,0.13972660648957455,0.5741834505792457,32.17324011975394,"0.5647056224, -0.0040843916, 0.2622307279"
737,"boxing, kungfumaster, qbert",42,0.1537327162919712,0.17074103808345303,0.14187199268465675,0.5740893403648528,32.66723354690509,"0.1396264067, 0.5551389382, 0.2222597308"
738,"jamesbond, privateeye, upndown",42,0.15677051959727814,0.1707502885309002,0.1278450257559979,0.5740431889422561,29.437405051920056,"0.5716698494, 0.0940563537, 0.2305036469"
739,"asterix, boxing, kungfumaster",42,0.15700725745422847,0.17076564515476675,0.1368510020778398,0.573966567664074,31.511107734573102,"0.1695173435, 0.1438468523, 0.5832275028"
740,"bankheist, battlezone, crazyclimber",42,0.15337517208349644,0.1707866108089013,0.13183364181034615,0.5738619492216598,30.355817838761958,"0.2169019953, 0.3596661266, 0.3600671744"
741,"frostbite, krull, roadrunner",42,0.15504085856492994,0.17080275944104406,0.14474166928900953,0.5737813589232535,33.32800100399474,"0.05122033553, 0.2903788883, 0.3832256845"
742,"assault, asterix, jamesbond",42,0.16043859928528473,0.17083941669076746,0.14407141407606527,0.5735983913903451,33.17366903781204,"0.2632826346, 0.1335333083, 0.445574611"
743,"asterix, demonattack, hero",42,0.16110607257348836,0.17086129639433986,0.1462077406672527,0.5734891643933766,33.66557641407553,"0.2147183098, 0.1025032682, 0.9176666512"
744,"alien, freeway, krull",42,0.1562660184498272,0.17086214512871012,0.13399123150544043,0.5734849270931548,30.852621225634124,"0.6533313079, 0.01691886571, 0.3798156926"
745,"freeway, pong, roadrunner",42,0.16094935714738176,0.17088409260962417,0.13857932382160623,0.5733753471434535,31.90906852288251,"-0.007488654269, 0.2046861199, 0.5807555463"
746,"jamesbond, krull, privateeye",42,0.16026228887812696,0.17092824143314314,0.13633025201627846,0.5731548771245205,31.39120060168042,"0.3961398768, 0.3161240352, 0.06473264052"
747,"breakout, freeway, jamesbond",42,0.15549510189873308,0.1709502163870244,0.1409463002124324,0.5730451175580197,32.45408497818103,"0.161823521, -0.01930892075, 0.640047892"
748,"gopher, jamesbond, kungfumaster",42,0.1602623289606312,0.171007341614251,0.13749244731290086,0.5727597248830054,31.658805958195472,"0.122368013, 0.5232868202, 0.1701742417"
749,"assault, gopher, jamesbond",42,0.15743064094450596,0.17108931391651055,0.1316782782920373,0.5723500317961675,30.320044066636648,"0.2361362895, 0.1164215235, 0.4485187165"
750,"choppercommand, kangaroo, kungfumaster",42,0.15480627835896954,0.17109001369347634,0.14221572678461386,0.5723465335039327,32.746381248356585,"0.09192491145, 0.2766610121, 0.5579915318"
751,"assault, jamesbond, krull",42,0.15617016839571318,0.171093208003826,0.13598255661535935,0.5723305644755015,31.31114077697453,"0.2174408516, 0.2645011171, 0.2531493968"
752,"bankheist, boxing, mspacman",42,0.15519944379033027,0.17109606039972275,0.13500602628229658,0.5723163044972595,31.08628635819784,"0.207111584, 0.1714555176, 0.7079640564"
753,"alien, hero, roadrunner",42,0.15659206814858465,0.17110044226431517,0.1391658744075832,0.5722943977854923,32.04412678643826,"0.4424253285, 0.2201842614, 0.4110431995"
754,"krull, qbert, seaquest",42,0.15246013134088549,0.17114447892493606,0.13906491344047417,0.5720742095734974,32.02087966465431,"0.509691484, 0.1860916628, 0.3127570217"
755,"amidar, krull, qbert",42,0.15100863210832893,0.1711473228739098,0.13667104879156405,0.5720599875637458,31.469671959131723,"0.3852862774, 0.4054387937, 0.2037203243"
756,"amidar, assault, freeway",42,0.16155938486346857,0.1711723259349318,0.13812346367734726,0.5719349421743432,31.804102845616434,"0.7037716873, 0.509127268, -0.0539297863"
757,"choppercommand, jamesbond, upndown",42,0.15908210814578272,0.17118280742123726,0.13168040610214587,0.5718825166974215,30.32053401302032,"-0.008058741124, 0.5795023951, 0.2354847978"
758,"alien, krull, kungfumaster",42,0.15474099113304732,0.1711878205434781,0.13557589609529105,0.5718574413205706,31.21750373183268,"0.6439104763, 0.2752886976, 0.1608822039"
759,"asterix, breakout, mspacman",42,0.15919359181000323,0.17126270611761557,0.13395461370703504,0.5714827801576112,30.84418966595947,"-0.08760621812, 0.2704152721, 0.943079748"
760,"assault, boxing, kungfumaster",42,0.15502268678325182,0.17130538071718482,0.13482527218384932,0.5712692009202145,31.04466618893962,"0.3436410804, 0.1347761004, 0.3271883968"
761,"alien, choppercommand, pong",42,0.15899712782775852,0.17138851621559748,0.13644449984042115,0.5708529688400101,31.417507135358214,"0.9378539436, 0.06778439312, 0.3503714375"
762,"asterix, roadrunner, seaquest",42,0.15846466337125695,0.17142556128414385,0.14021506591750432,0.5706674313295206,32.28571205948229,"0.1026410296, 0.6493518702, 0.1998592999"
763,"asterix, battlezone, kungfumaster",42,0.16083904405646987,0.17142913880554442,0.13383651294500964,0.5706495114526027,30.816995960548383,"0.2448789929, 0.286258558, 0.4961620963"
764,"gopher, roadrunner, seaquest",42,0.1566509858345607,0.17148002930354866,0.1424949706685373,0.5703945594239062,32.810679528799774,"0.07732724775, 0.6171830731, 0.3313805734"
765,"assault, hero, privateeye",42,0.15779494404388322,0.17148027007277203,0.14480929123354538,0.5703933530345522,33.34357153213949,"0.5116491239, 0.428911021, 0.0996923195"
766,"bankheist, battlezone, krull",42,0.15459425623291081,0.17152392194085067,0.1386098415894343,0.5701746046087228,31.91609549860975,"0.1813833348, 0.1710150259, 0.436272103"
767,"amidar, krull, seaquest",42,0.14400223973705928,0.17152419633644264,0.13651941857818278,0.5701732293802786,31.434757812233805,"0.5303783705, 0.3709185665, 0.4696163952"
768,"boxing, gopher, krull",42,0.15931910431563026,0.1715893715790498,0.13370090650422467,0.569846518781983,30.785771423641833,"0.1783351842, -0.1254358067, 0.5739672119"
769,"asterix, jamesbond, mspacman",42,0.15958018162770995,0.17159508629165296,0.13391885791322442,0.5698178661395435,30.835956590177823,"0.1580993823, 0.4938498635, 0.3251080152"
770,"assault, jamesbond, mspacman",42,0.15858891860577592,0.1716059038595146,0.14141839157466446,0.5697636259953942,32.56278803150171,"0.3272911095, 0.2517921708, 0.3457778138"
771,"jamesbond, krull, mspacman",42,0.1589115300459316,0.17161071322307722,0.13600353811602287,0.5697395103666342,31.31597194604017,"0.3406497508, 0.2717071112, 0.1905712217"
772,"assault, krull, seaquest",42,0.1552813930287191,0.1716206250743389,0.13973071363199038,0.5696898071627251,32.17418582424409,"0.2495783674, 0.3900377463, 0.3438135222"
773,"alien, gopher, pong",42,0.15935416555900656,0.17162224268607348,0.13679022614911746,0.569681695339364,31.497113559824214,"0.9855673414, 0.06936741267, 0.2884863684"
774,"krull, kungfumaster, roadrunner",42,0.15616216315594098,0.17163990607699908,0.1455198011898097,0.5695931139123802,33.5071724955113,"0.3122716704, -0.06690058602, 0.4440452871"
775,"assault, hero, jamesbond",42,0.15681782480604387,0.1716527253419987,0.14029134869203902,0.569528819936705,32.30327681743187,"0.3673204034, 0.3646393754, 0.1918384909"
776,"alien, choppercommand, kungfumaster",42,0.1584983363231519,0.17166823836148645,0.14075132294068532,0.5694510092343346,32.409189802241286,"0.7390759478, 0.07809712288, 0.4415698729"
777,"demonattack, roadrunner, seaquest",42,0.15958494360717645,0.1716700711670896,0.14235352298239454,0.5694418157245427,32.778109995444694,"0.04180012618, 0.6599188984, 0.2816886793"
778,"asterix, choppercommand, krull",42,0.1612729216244828,0.1716758776607662,0.13077263558596766,0.569412689207178,30.111512127179175,"0.1949504097, 0.03363994163, 0.5437608497"
779,"amidar, bankheist, jamesbond",42,0.14421181361581087,0.17170973504577233,0.12978041168888055,0.5692428342674137,29.88304413174465,"0.265722866, 0.2356928817, 0.4781525567"
780,"alien, frostbite, roadrunner",42,0.15919127750573583,0.17173689656786584,0.13777014746839383,0.5691065467629027,31.722748782031495,"0.5762451243, -0.05589756274, 0.5135537494"
781,"alien, crazyclimber, kungfumaster",42,0.1561833964290928,0.17175817378848904,0.13782268044061077,0.5689997696730915,31.734844945903234,"0.7583567017, 0.1474300412, 0.3015144461"
782,"bankheist, krull, pong",42,0.1579987695447952,0.17177030417117228,0.13184335400461075,0.5689388889332088,30.35805415413535,"0.2129068354, 0.4064293054, 0.1482085473"
783,"breakout, kungfumaster, privateeye",42,0.15925762703411117,0.17181139469975445,0.13331305282680397,0.5687326292125049,30.696464814052653,"0.2133990385, 0.6254757954, 0.1661208874"
784,"kungfumaster, roadrunner, seaquest",42,0.153993006091425,0.17182892548264378,0.1494736795395903,0.568644615953857,34.41758663028296,"0.2498489238, 0.4598479996, 0.3827326903"
785,"demonattack, pong, upndown",42,0.16021682027216547,0.17183180122555963,0.14007885864286918,0.5686301774352353,32.254349175469066,"0.1244530037, 0.4512898093, 0.3363530155"
786,"battlezone, roadrunner, seaquest",42,0.15362741606100586,0.17184166454185845,0.1395273556919392,0.5685806539001919,32.12736092811371,"0.1857591821, 0.5466288071, 0.4048149171"
787,"alien, boxing, gopher",42,0.16198082660983867,0.17186439242799223,0.13103437588701117,0.5684665267678175,30.171780058721033,"1.130289077, 0.1506461324, 0.08066733696"
788,"amidar, asterix, breakout",42,0.1602702048737485,0.1718842840228361,0.13433382919529174,0.5683666295681737,30.931507258988706,"1.188148635, -0.01830615077, 0.2518165293"
789,"alien, frostbite, krull",42,0.15658581604955446,0.17190957576737909,0.13525895093295964,0.5682395956840545,31.144524411224587,"0.6267153261, 0.0133457765, 0.3948565184"
790,"asterix, battlezone, hero",42,0.16159896630006176,0.17192845273763582,0.13859825647885848,0.5681447693690254,31.913427928318495,"0.3008076633, 0.2385714449, 0.7037802024"
791,"alien, privateeye, roadrunner",42,0.16042257448598943,0.17198144700950685,0.14016579276369465,0.5678785030211261,32.274366496537596,"0.484012869, 0.02431250795, 0.5214552501"
792,"choppercommand, gopher, roadrunner",42,0.16423514240828044,0.17198751473765797,0.1409660274058895,0.56784801087129,32.45862733233913,"0.05354860596, 0.08512290537, 0.6502901569"
793,"gopher, krull, roadrunner",42,0.1558676420829259,0.17202231755413633,0.1468869474647751,0.5676730955220672,33.82196955877907,"0.02932277445, 0.248522074, 0.435751569"
794,"alien, pong, qbert",42,0.15727036939674233,0.17210723755117044,0.13921919945448602,0.567246147881441,32.05640533224642,"0.8578226645, 0.344915004, 0.1259717985"
795,"freeway, krull, qbert",42,0.1565003169992042,0.17212295180190945,0.13349138280686018,0.5671671190957538,30.737526809423787,"0.05021343188, 0.480935062, 0.284022622"
796,"amidar, kungfumaster, upndown",42,0.15642487991281942,0.17213967246164288,0.14476423349487938,0.5670830210394058,33.333196604401856,"0.5332806277, 0.3785287539, 0.2269787971"
797,"alien, krull, mspacman",42,0.15656018028789523,0.17214270593058567,0.1347448104694441,0.5670677630600829,31.026139194524994,"0.6251060414, 0.3803846974, 0.04330268818"
798,"amidar, assault, demonattack",42,0.1638584599760668,0.17214467824312024,0.13826217182635522,0.567057842424009,31.836041577234685,"0.6526057168, 0.4666308527, 0.02918324576"
799,"assault, battlezone, mspacman",42,0.1589362088209512,0.17214632220964363,0.14257946562797966,0.5670495732655381,32.83013521220429,"0.4136342532, 0.1579070518, 0.4426296015"
800,"crazyclimber, hero, roadrunner",42,0.1568778405950748,0.1721514760992085,0.14539564180141767,0.5670236486676676,33.47858373982462,"0.153777503, 0.2547477461, 0.442387987"
801,"breakout, mspacman, pong",42,0.15891471382663883,0.17217626374159753,0.12998363621701284,0.5668989534181976,29.92983830864547,"0.1928085365, 0.8269367451, 0.1094138311"
802,"asterix, krull, privateeye",42,0.16129463861189844,0.17218164636898833,0.133589888355633,0.5668718735182702,30.76020855024194,"0.2095262097, 0.5449952505, 0.05166558299"
803,"battlezone, pong, upndown",42,0.1546383229225832,0.17218457850674013,0.13651936954868193,0.5668571216306986,31.434746522774027,"0.3122827071, 0.4043045631, 0.248693675"
804,"frostbite, mspacman, roadrunner",42,0.16241621162297715,0.17219794661206775,0.13654583253730243,0.566789862129941,31.44083985108539,"-0.02405083363, 0.3669170519, 0.546666436"
805,"alien, amidar, roadrunner",42,0.15944236824151264,0.17220450476848365,0.13638426156924677,0.566756863897362,31.40363676083483,"0.4425373698, 0.1704393241, 0.4679360315"
806,"assault, crazyclimber, frostbite",42,0.1585533481585799,0.1722080867821657,0.13687120378359768,0.5667388399904547,31.515759349226226,"0.4642557291, 0.2124303005, 0.1824422803"
807,"battlezone, mspacman, roadrunner",42,0.15823527082728442,0.1722334070236407,0.13880294747546884,0.5666114233993571,31.960559772065,"0.1376067883, 0.3345062827, 0.4621499534"
808,"asterix, gopher, krull",42,0.16134375868576428,0.17228925981916868,0.1318388728961106,0.5663302945661903,30.357022340772094,"0.21310151, -0.03125215536, 0.5700389849"
809,"alien, hero, jamesbond",42,0.15835706315157527,0.17230899415851325,0.12586457807902804,0.5662309421715619,28.981390122075506,"0.5434381368, 0.2332621035, 0.3755263753"
810,"choppercommand, gopher, jamesbond",42,0.16362911696717528,0.17233020226194087,0.1360671077755505,0.5661241574360623,31.330609401079677,"-0.003258410541, 0.1535841286, 0.6490762896"
811,"alien, bankheist, boxing",42,0.1565750123048765,0.1723720877323296,0.1229076707296111,0.5659132216623538,28.30053704366231,"0.9696901466, 0.1379858657, 0.1865694497"
812,"alien, breakout, demonattack",42,0.16157546841361012,0.17237413209382452,0.13435366286892955,0.5659029249191943,30.936074131114477,"1.192711813, 0.2225621343, -0.007449826985"
813,"assault, asterix, mspacman",42,0.16168948813535539,0.1723759443108603,0.1488338169654168,0.565893797305435,34.2702528277973,"0.4522628191, 0.08515077933, 0.4766003469"
814,"assault, mspacman, pong",42,0.1580975128827269,0.1723959407409778,0.1367836706835483,0.565793074691564,31.495604108094494,"0.3796328353, 0.4434535108, 0.1631110977"
815,"krull, mspacman, roadrunner",42,0.15404561314294538,0.1724402991780948,0.14300422740871616,0.5655695982169179,32.92794022664403,"0.2228623712, 0.184552419, 0.3836336289"
816,"hero, seaquest, upndown",42,0.1506125974963254,0.1724425320142875,0.13559488064293881,0.5655583477353425,31.221875085473776,"0.7202737218, 0.6541417807, 0.2275241507"
817,"krull, pong, roadrunner",42,0.15456900121688155,0.1724653166573204,0.14428534105852728,0.5654435355507229,33.22292754589266,"0.2105332195, 0.09650553202, 0.4241370898"
818,"choppercommand, demonattack, roadrunner",42,0.16416414933698284,0.17247646253184726,0.14298279500681693,0.5653873657835873,32.92300523373201,"0.03830329323, 0.06532184147, 0.6794548196"
819,"amidar, pong, seaquest",42,0.1468026150717629,0.17248366262475703,0.13525320400980417,0.5653510788999621,31.14320113326575,"0.9013546076, 0.3330422984, 0.4001284948"
820,"kangaroo, krull, seaquest",42,0.14290690358586494,0.17249958500354337,0.13309691893018544,0.5652708282363786,30.646698145208195,"0.1974581618, 0.4267687377, 0.4853055362"
821,"asterix, krull, kungfumaster",42,0.16006530644730285,0.1725969457024712,0.13691532425453048,0.5647799577162,31.525918463092793,"0.2056805339, 0.4297707682, 0.1632068428"
822,"demonattack, kungfumaster, privateeye",42,0.1578434554249201,0.17259951699768683,0.13680678447750513,0.5647669900759702,31.50092625583525,"0.1999393996, 0.6683439599, 0.3301184214"
823,"asterix, pong, upndown",42,0.16265343267177504,0.17260215861510061,0.1422038475147985,0.5647536675833442,32.74364594539734,"0.2097428121, 0.4002195531, 0.3569557427"
824,"freeway, krull, roadrunner",42,0.15631475170991516,0.17266043382429383,0.1474881340181989,0.5644597158381546,33.96039787838128,"-0.009858228253, 0.2800869427, 0.4314195992"
825,"hero, krull, roadrunner",42,0.1561179987030467,0.17267909214562657,0.14842695850231405,0.5643655785829387,34.176570204587414,"0.07273322305, 0.2529941561, 0.4114618469"
826,"choppercommand, krull, qbert",42,0.15813518897087284,0.17268043622375623,0.1356697790998415,0.5643587968820407,31.23912109250901,"0.04872467447, 0.5150797865, 0.2442920152"
827,"breakout, krull, kungfumaster",42,0.15577590631564697,0.1727072450712512,0.13622675149680302,0.5642235187298099,31.36736872635429,"0.1632443214, 0.3083587055, 0.2829579543"
828,"amidar, choppercommand, roadrunner",42,0.16512625784268417,0.17271147768451384,0.1392112803195423,0.5642021589320194,32.054581884039344,"0.3446563729, 0.06574153637, 0.5649494863"
829,"assault, jamesbond, privateeye",42,0.16220831828910653,0.17271454737557626,0.14146081807175714,0.5641866674702581,32.572557093477066,"0.4071740557, 0.3667667057, 0.1594491964"
830,"assault, krull, privateeye",42,0.16034384975764737,0.1727293904404265,0.1410453873167027,0.5641117567737386,32.4769006271011,"0.4154584862, 0.3011865781, 0.1242270628"
831,"amidar, gopher, pong",42,0.1586097949907851,0.17275127986811345,0.14099680403962964,0.5640012724059429,32.46571391414538,"0.9610899201, 0.07178681988, 0.3195475609"
832,"alien, mspacman, roadrunner",42,0.15753558433847759,0.17275901038896233,0.13803640445773943,0.5639622501460761,31.784056719488763,"0.3635047046, 0.2128859816, 0.4564443653"
833,"alien, kungfumaster, qbert",42,0.15383281213450398,0.17279080870653082,0.1420620097734419,0.5638017196725247,32.710986598510175,"0.607591678, 0.4424274146, 0.1672182331"
834,"gopher, hero, jamesbond",42,0.16062530072016343,0.1728199462970302,0.14072769474025465,0.5636545956607406,32.40374920803269,"0.1301319117, 0.2004470996, 0.5422161755"
835,"jamesbond, kangaroo, mspacman",42,0.1588219794141393,0.1728592129755065,0.12615377868019123,0.5634562877505014,29.047981021387837,"0.429227556, 0.1726094725, 0.3327868905"
836,"hero, mspacman, roadrunner",42,0.15987014220180948,0.172859321846137,0.1402884802283073,0.5634557378601792,32.30261632924903,"0.1941111289, 0.286576138, 0.4631248753"
837,"battlezone, kungfumaster, qbert",42,0.15810188676373516,0.17286555247666283,0.13693379546234882,0.5634242672400693,31.530171615870007,"0.2728607172, 0.4698979686, 0.3026987504"
838,"alien, asterix, hero",42,0.15723010327423004,0.17290532744538603,0.14140920360741166,0.5632233390202407,32.56067242385859,"0.5510827834, 0.2163465917, 0.6237694187"
839,"battlezone, qbert, roadrunner",42,0.15866573497190578,0.1729130988035033,0.13864314282747495,0.5631840756362763,31.92376339203881,"0.2040590045, 0.1771081307, 0.5131540022"
840,"boxing, kangaroo, krull",42,0.15384643873440582,0.17292260058925027,0.13332810164395958,0.5631360671812633,30.699929932257625,"0.1042558602, 0.1663759374, 0.4308842048"
841,"amidar, assault, mspacman",42,0.16021592857428432,0.1729488520039445,0.14089579454016304,0.5630034163105444,32.44245561737312,"0.366355328, 0.4489179329, 0.2850476062"
842,"alien, crazyclimber, upndown",42,0.15880759842648406,0.17295274330355867,0.1409724544677073,0.5629837514934843,32.46010721801246,"0.8044768912, 0.2502843492, 0.1619201636"
843,"alien, asterix, breakout",42,0.1586867149234408,0.17298850352947126,0.13390553795390137,0.5628030152403227,30.832889556200165,"1.229782711, -0.1006097282, 0.2588338976"
844,"amidar, breakout, qbert",42,0.16018210704808844,0.17300003146879692,0.1339962619485532,0.562744743758198,30.853779527966385,"1.162456629, 0.2371436126, 0.026698037"
845,"assault, crazyclimber, hero",42,0.15537025237164204,0.1730061062391383,0.14357302656726972,0.5627140354181428,33.058911072983335,"0.397197786, 0.11594431, 0.4348936052"
846,"amidar, jamesbond, krull",42,0.15840295013442365,0.17301315957159816,0.13374462310462132,0.562678379033197,30.795837542880804,"0.2792579526, 0.2755163776, 0.3146708557"
847,"demonattack, kangaroo, pong",42,0.14849031593292583,0.17304144207330352,0.14396966498496566,0.5625353892113099,33.15024044377287,"0.1308706032, 0.3377587781, 0.4433263579"
848,"bankheist, demonattack, hero",42,0.15398693389072085,0.17307101638214595,0.13593953201498477,0.5623858433113597,31.301233996629072,"0.2153959957, 0.1495419932, 0.7938659607"
849,"crazyclimber, gopher, roadrunner",42,0.16134792779582874,0.17307941862697437,0.1418467522861795,0.5623433517305536,32.66142173037759,"0.132891508, 0.04059744317, 0.5810430193"
850,"breakout, mspacman, privateeye",42,0.160804407893073,0.17307957853850625,0.13200226912850668,0.5623425430107423,30.394645713668755,"0.2387606634, 0.9013354152, 0.05206446335"
851,"amidar, boxing, upndown",42,0.15513167001673303,0.17311314360653685,0.13843656199027907,0.5621727780176997,31.87619639641627,"0.9391853631, 0.1620830115, 0.1899507159"
852,"jamesbond, kangaroo, qbert",42,0.15370958783705932,0.17311876700861115,0.13894461207109016,0.562144332823464,31.993179250673272,"0.5084315188, 0.1809302342, 0.1980382881"
853,"demonattack, frostbite, roadrunner",42,0.16493145135867612,0.17314287132466422,0.14107678321584144,0.5620223940373781,32.48412980003491,"0.071847975, 0.01715661942, 0.6808990875"
854,"kangaroo, kungfumaster, mspacman",42,0.1569172372229355,0.1731641536632471,0.14141887745725795,0.5619147169438843,32.56289991010338,"0.2567185296, 0.4600761829, 0.2407273124"
855,"breakout, frostbite, gopher",42,0.16248694315810638,0.1731690624886126,0.1343873377351473,0.5618898790708604,30.943828055610634,"0.254338795, 0.4800579026, 0.2821335642"
856,"crazyclimber, kangaroo, krull",42,0.1571285719465362,0.17320660257233467,0.12722254562115065,0.5616999089565333,29.29407370400164,"0.1817039561, 0.2346925456, 0.3245150058"
857,"assault, boxing, qbert",42,0.1594666762740145,0.17321287371827168,0.12857966517109495,0.5616681700556689,29.60656202851289,"0.5591349141, 0.1149463712, 0.1764453588"
858,"hero, jamesbond, krull",42,0.16078244222032012,0.17323438919431186,0.1375569341993507,0.5615592693312746,31.67365461253877,"0.09551061055, 0.3685709349, 0.2940611694"
859,"alien, krull, seaquest",42,0.1444441728215463,0.17327420278918354,0.1323862735189019,0.561357716884227,30.483065992165585,"0.5246673094, 0.3827889092, 0.3635742283"
860,"alien, freeway, roadrunner",42,0.16021938558485327,0.17327624218703785,0.14138653811160534,0.5613473913841698,32.55545350058169,"0.5088319222, 0.01611579286, 0.5002551444"
861,"breakout, jamesbond, seaquest",42,0.15572241946928853,0.17327818572587544,0.1431607132832297,0.5613375511065701,32.96397243083594,"0.1544677273, 0.6195532238, 0.06237468632"
862,"alien, battlezone, roadrunner",42,0.15758408473619206,0.17330890144485206,0.14194330115830495,0.5611820205456773,32.683652929747744,"0.4565115949, 0.1135368522, 0.4622859899"
863,"hero, pong, upndown",42,0.15679753058412685,0.17330979679664288,0.13598317303663948,0.5611774864741397,31.31128271321959,"0.4651372448, 0.3132905228, 0.2488718432"
864,"alien, breakout, qbert",42,0.16160153268739139,0.17341466576031003,0.13592658348176373,0.560646266820324,31.298252486671984,"1.199383913, 0.2203787744, -0.01176739722"
865,"krull, pong, qbert",42,0.15863877778987354,0.173434305509742,0.13261723791551638,0.5605467448356884,30.536247509831277,"0.4733009607, 0.07497928558, 0.2558241584"
866,"assault, battlezone, hero",42,0.1590633816460889,0.17349488805318247,0.14317708101449445,0.5602396793363584,32.96774124023757,"0.4656211578, 0.0711663612, 0.4379332508"
867,"breakout, demonattack, kungfumaster",42,0.16156195684003288,0.17350238685041505,0.12924017383130906,0.5602016638676766,29.75864976799314,"0.1547936531, 0.06462255863, 0.6508086277"
868,"assault, hero, krull",42,0.15680023536914073,0.17356108846457094,0.14271658810238028,0.5599040167856393,32.86170882875122,"0.3852117765, 0.3241754572, 0.1661271209"
869,"frostbite, krull, upndown",42,0.15392011007802242,0.17357560462262028,0.13834078870216288,0.5598303969430365,31.854143781863932,"0.02838285323, 0.470108226, 0.2289063383"
870,"boxing, krull, seaquest",42,0.1532491353809014,0.17358012260173497,0.14078865716305572,0.5598074823985717,32.41778632463014,"0.09519551434, 0.4958396364, 0.396675722"
871,"battlezone, jamesbond, krull",42,0.160612886870417,0.17358778429769486,0.13965337364816763,0.5597686220081584,32.15637763485982,"0.0641718486, 0.3418589251, 0.3296798053"
872,"gopher, krull, qbert",42,0.15890115840742516,0.17358989153690593,0.13685458127916944,0.5597579337162826,31.51193187613575,"-0.03573800962, 0.5472766839, 0.2683907338"
873,"assault, mspacman, privateeye",42,0.1625628969831736,0.17361196693970693,0.15105403414972232,0.5596459555497131,34.78147672697641,"0.5240101445, 0.4253869341, 0.1056405015"
874,"alien, gopher, kangaroo",42,0.15820478658526713,0.1736197214575996,0.13931929281012093,0.5596066171372996,32.0794526791057,"0.9592074783, 0.1589674843, 0.2091184933"
875,"gopher, jamesbond, privateeye",42,0.16340953951531115,0.17362353240342196,0.13670427191946274,0.5595872836914444,31.47732186703594,"0.1611370639, 0.6441922449, -0.03338955346"
876,"assault, boxing, privateeye",42,0.16462786922862901,0.17362951596580722,0.13322970678965346,0.5595569274104069,30.677273679782363,"0.6456706202, 0.1173500136, 0.1498466324"
877,"alien, freeway, pong",42,0.16085322530158275,0.173671580425833,0.13631022567304973,0.5593434931432553,31.386589365741855,"0.9644786848, 0.03105300617, 0.3417012094"
878,"crazyclimber, freeway, roadrunner",42,0.1622074862133755,0.1737193522490066,0.14462316995253804,0.5591010371246303,33.30071552342584,"0.1668338724, 0.00940212559, 0.5747343563"
879,"battlezone, jamesbond, upndown",42,0.1590442973043528,0.17374493445170777,0.1348695694197814,0.558971172524199,31.05486600445142,"-0.02146084144, 0.589899348, 0.2363741363"
880,"asterix, krull, pong",42,0.161590643107611,0.17379192062561266,0.1324017531510148,0.5587326037367981,30.486630309180406,"0.2031924371, 0.5193562449, 0.04539749895"
881,"amidar, assault, choppercommand",42,0.16469840557814952,0.17379341994225467,0.1411337859181253,0.5587249900065137,32.497255157288826,"0.6121400011, 0.5163975027, -0.01767906803"
882,"asterix, battlezone, boxing",42,0.16363333514813366,0.1738115392845623,0.1382809795680416,0.5586329723712826,31.84037221979868,"0.232565277, 0.5705357746, 0.2249740085"
883,"amidar, breakout, demonattack",42,0.1602951317432478,0.17381424062987777,0.13459989222149157,0.5586192529827709,30.992770534781165,"1.179883233, 0.2381749218, 0.008334294528"
884,"alien, jamesbond, qbert",42,0.15647848294241454,0.17383130254285442,0.13089872499240393,0.558532595301718,30.140545285943638,"0.4949987475, 0.4636537926, 0.1414884784"
885,"assault, frostbite, mspacman",42,0.16223333212376784,0.17384738194257504,0.14542621286644647,0.5584509200330285,33.48562298768585,"0.5083466159, 0.0768587407, 0.391273794"
886,"amidar, crazyclimber, pong",42,0.15766680328269927,0.17385756512624564,0.1349875914709639,0.5583991906711113,31.082041586021163,"0.9075998359, 0.1475558264, 0.246739873"
887,"assault, breakout, frostbite",42,0.16129669363583815,0.17385821063474033,0.1449929687853037,0.5583959114626091,33.38586485139913,"0.5069083398, 0.1477034946, 0.2335069744"
888,"battlezone, mspacman, pong",42,0.15654851113736445,0.1738815924478483,0.1298178122146333,0.558277122726023,29.89165592105149,"0.3042072056, 0.4877530656, 0.322179402"
889,"frostbite, krull, qbert",42,0.15377071968652206,0.17390497359174054,0.13728635459311078,0.5581583214154348,31.611351355759147,"0.09730480062, 0.4897974648, 0.2340691504"
890,"alien, boxing, privateeye",42,0.16225121907930862,0.17393463725664401,0.13416196051677912,0.5580075751653485,30.89193303327913,"1.180750095, 0.2016900425, -0.1216251813"
891,"crazyclimber, krull, roadrunner",42,0.1545942628214563,0.17396619724746723,0.14513172945992972,0.5578471638450746,33.417815677487894,"0.07917630531, 0.2202125566, 0.4157564912"
892,"breakout, choppercommand, krull",42,0.16081330609717157,0.1739895460590126,0.13242937923208736,0.557728469107732,30.49299144942596,"0.1431066119, 0.03284872121, 0.5224482352"
893,"mspacman, privateeye, roadrunner",42,0.16247594392972975,0.1740136653229621,0.13904032100412336,0.5576058410141921,32.01521704692013,"0.3346528382, 0.03031391674, 0.5488012243"
894,"assault, gopher, mspacman",42,0.16125769178422739,0.17402644166359144,0.1494556793912527,0.5575408761626928,34.41344194295958,"0.4514670123, 0.06832002046, 0.4611802966"
895,"amidar, freeway, pong",42,0.1550567369831146,0.1740349549989031,0.13580880812781085,0.5574975850974673,31.27113370923858,"1.061622637, -0.0755147194, 0.4077034685"
896,"bankheist, krull, mspacman",42,0.1557509906976711,0.1740655931306006,0.13301659708869862,0.5573417699552679,30.62820335772326,"0.1858236624, 0.3840257138, 0.2924532528"
897,"freeway, jamesbond, krull",42,0.15963344799201878,0.17406821044636558,0.1387871141027901,0.5573284579037181,31.95691400327481,"-0.03746717258, 0.4235171503, 0.3230636422"
898,"amidar, mspacman, roadrunner",42,0.16244155817146774,0.1740751432938516,0.13590997388559975,0.5572931954580831,31.2944279858192,"0.09253327842, 0.3117171795, 0.5241595455"
899,"asterix, hero, mspacman",42,0.16343439542963736,0.1741536478099889,0.14323826472684376,0.5568938010399859,32.98182931063652,"0.243003357, 0.6649277912, 0.3671047447"
900,"bankheist, gopher, kungfumaster",42,0.15388944268591348,0.174167367990574,0.14376138092256635,0.5568239806644477,33.102281266053986,"0.2796768587, 0.05009669815, 0.584290746"
901,"amidar, breakout, frostbite",42,0.1547670833613146,0.17417783662490008,0.1367821102585208,0.5567707033235417,31.49524480695379,"0.9754033085, 0.2675989325, 0.1210474095"
902,"assault, boxing, choppercommand",42,0.16359460702506007,0.17419470907072046,0.13183517505602543,0.5566848287409873,30.35617088162646,"0.6659783971, 0.1545071471, -0.1085260174"
903,"alien, breakout, choppercommand",42,0.16159012942161688,0.17421393911271021,0.13725548151922173,0.5565869447127524,31.604242567787967,"1.193587136, 0.220172184, -0.008727637327"
904,"boxing, hero, krull",42,0.15731510427738601,0.1742151026866947,0.13870003749567847,0.5565810215860365,31.936863873526438,"0.1422817195, 0.3781798507, 0.3187667507"
905,"alien, mspacman, pong",42,0.15751355982097956,0.17426519461967752,0.13152351225973352,0.5563259930992314,30.284407870748197,"0.7405699904, 0.2583270298, 0.3139407635"
906,"choppercommand, hero, roadrunner",42,0.16235583734001094,0.17426586574433667,0.14741747202399016,0.5563225757657739,33.94412735293065,"0.07529532353, 0.3108966227, 0.5259919973"
907,"breakout, freeway, krull",42,0.16065244287064395,0.17427420386717551,0.13524235092415418,0.5562801173606007,31.140702117942688,"0.155141955, 0.02501355212, 0.5083220197"
908,"bankheist, battlezone, pong",42,0.15525991700852854,0.17430433864910477,0.11869462560943071,0.5561266516419995,27.330447554678443,"0.2253296194, 0.3515695287, 0.4227187175"
909,"alien, breakout, frostbite",42,0.1570410570566345,0.17430751058205102,0.1358984922576175,0.5561104965730079,31.29178424327567,"0.9941195455, 0.2452957528, 0.1128421451"
910,"breakout, krull, seaquest",42,0.15659194130633874,0.17431324746099178,0.13777126240732385,0.5560812771522027,31.72300550620748,"0.09921041299, 0.5225783711, 0.2891894941"
911,"freeway, mspacman, roadrunner",42,0.16262845847105187,0.17431611267288,0.1374038039335487,0.556066683520634,31.638395065806584,"-0.00711818176, 0.3528065487, 0.5464165746"
912,"amidar, crazyclimber, qbert",42,0.15824473811496875,0.17433890768942062,0.14189425879981477,0.5559505711453692,32.672360509389264,"0.8279307233, 0.3056625594, 0.1536099299"
913,"freeway, krull, upndown",42,0.15371124747623244,0.17433928212143132,0.13958195526224731,0.5559486637513027,32.13993294378124,"0.02077019354, 0.4574417708, 0.246958639"
914,"asterix, crazyclimber, kangaroo",42,0.15946138652074304,0.17434439405281243,0.13096623119491388,0.5559226226524456,30.156089163502042,"0.2041800289, 0.3261052236, 0.3748022609"
915,"crazyclimber, kangaroo, mspacman",42,0.160155699826372,0.17436336826352392,0.1293383777886271,0.5558259579299002,29.7812620648125,"0.2754915002, 0.2685705277, 0.4375662371"
916,"demonattack, hero, kangaroo",42,0.15450339242386354,0.17437054632158466,0.13842409146832363,0.5557893863412493,31.873324952620624,"0.152294442, 0.7334119781, 0.2304787514"
917,"kangaroo, krull, kungfumaster",42,0.15736716515395122,0.17441121837800072,0.13916874401459117,0.5555821372778476,32.04478753787019,"0.2435379101, 0.2006262428, 0.3657511072"
918,"alien, demonattack, jamesbond",42,0.1606391196498778,0.1744245058667655,0.13028532842477336,0.5555144189010603,29.999305506671654,"0.6423835305, 0.03902331206, 0.4446605022"
919,"demonattack, freeway, roadrunner",42,0.16508438349080173,0.1744313414795393,0.1431276481449591,0.5554795798646968,32.956358901387965,"0.0721060786, -0.0003946904879, 0.6907501767"
920,"amidar, asterix, crazyclimber",42,0.15894127938890706,0.1744685754130522,0.14197108492378424,0.5552897858731616,32.69005037816973,"0.9106420453, 0.1212205712, 0.2863729123"
921,"amidar, kangaroo, kungfumaster",42,0.15773520038383537,0.17447535764592736,0.14610976267571224,0.5552552101697605,33.64301614779927,"0.2693198108, 0.2414152145, 0.4990104213"
922,"assault, choppercommand, mspacman",42,0.16422155125504906,0.17450333369453036,0.14854485283956645,0.5551125745616229,34.20371637893799,"0.5156565676, -0.03740019088, 0.4825076454"
923,"crazyclimber, hero, kangaroo",42,0.1549774736836171,0.1745053001717911,0.14269512760771863,0.5551025476364451,32.856767367241595,"0.2804640473, 0.4359509735, 0.2517435402"
924,"krull, privateeye, qbert",42,0.15950437480130192,0.17450822670447533,0.1359795451452882,0.5550876252489667,31.310447360365146,"0.5248823881, -0.03064522203, 0.2657898055"
925,"bankheist, crazyclimber, demonattack",42,0.15959339080038523,0.17453206172925823,0.13202254805225402,0.5549660811604062,30.399315108421014,"0.2869112542, 0.4312471934, 0.1541833147"
926,"jamesbond, krull, kungfumaster",42,0.16131396332934944,0.17456776773332505,0.13714254924183444,0.5547839712581171,31.578238949944982,"0.3862372411, 0.3164515905, 0.01736186141"
927,"jamesbond, qbert, roadrunner",42,0.15817618395428718,0.17459586864035856,0.13738318398883673,0.5546406231318507,31.633647148075365,"0.3207674781, 0.1481884957, 0.3572944823"
928,"crazyclimber, krull, upndown",42,0.1537737002185036,0.17460013490997203,0.14132905055294773,0.5546188580533864,32.54221650102193,"0.04343488509, 0.4407633933, 0.2379528599"
929,"amidar, choppercommand, krull",42,0.1611669627758493,0.17463819090695154,0.13501763138885714,0.5544246855740018,31.08895853273474,"0.5465061917, 0.08054123072, 0.4116968382"
930,"alien, asterix, pong",42,0.15689425353515227,0.17466315033310933,0.14235456410428787,0.5542973125311055,32.77834972261985,"0.8990499359, 0.1036677204, 0.3367998513"
931,"asterix, krull, mspacman",42,0.15757195894077702,0.1746692805133628,0.13464735377644252,0.5542660261864435,31.003698961673205,"0.1838068069, 0.4378870425, 0.2466184457"
932,"battlezone, demonattack, roadrunner",42,0.16278614433032723,0.17471795014445402,0.14549697377257825,0.554017594059621,33.50191628844843,"0.1044308758, 0.05996429765, 0.6314289736"
933,"krull, privateeye, upndown",42,0.15394829242478367,0.17474981261919034,0.14172392349348928,0.5538549158820834,32.6331393556737,"0.4697025946, 0.03702023268, 0.2448521103"
934,"amidar, asterix, boxing",42,0.16009356334119462,0.17476198968036824,0.14044782372849535,0.5537927364132039,32.33930652606888,"1.057622727, 0.1494451136, 0.1836559621"
935,"choppercommand, kungfumaster, roadrunner",42,0.16343349565213586,0.17477924626629324,0.14710501893530706,0.5537046120543414,33.87218237050448,"0.07157588527, 0.2387406007, 0.5108771499"
936,"alien, choppercommand, jamesbond",42,0.16250869553439776,0.17478689610662104,0.12772638830588806,0.553665543763973,29.410087769510685,"0.6287867955, 0.01997971028, 0.4723681886"
937,"battlezone, breakout, crazyclimber",42,0.16214653529776588,0.17480362356930826,0.14160756104899022,0.5535801094392405,32.606345912664914,"0.4739964718, 0.150679269, 0.3034886218"
938,"kungfumaster, mspacman, roadrunner",42,0.1610727646536661,0.1748054743080087,0.14182226670099476,0.5535706564207621,32.65578371603364,"0.1267251941, 0.2865827597, 0.4716313248"
939,"kungfumaster, qbert, roadrunner",42,0.1582805105311709,0.17481772712789848,0.14774973906698738,0.553508070165156,34.02063466694051,"0.2853834399, 0.1695603416, 0.4081897372"
940,"boxing, hero, kungfumaster",42,0.1597344917494813,0.17482134613183006,0.14176791795103702,0.5534895837930764,32.64326945388608,"0.1724966006, 0.4232536506, 0.3588176322"
941,"choppercommand, privateeye, roadrunner",42,0.16877385566494205,0.17483650885178406,0.14372207870464457,0.5534121263640966,33.09323159594315,"0.06039712725, 0.07492015281, 0.7111252861"
942,"battlezone, kangaroo, kungfumaster",42,0.15663311264043406,0.17486824043994514,0.14685039114743248,0.5532500065809933,33.81355215564228,"0.1342697429, 0.2623388292, 0.5141776002"
943,"alien, pong, privateeye",42,0.16212654126863277,0.1748799678903501,0.1377778140765051,0.5531900824454099,31.72451408378658,"0.9874572503, 0.3590473021, -0.01735210459"
944,"assault, choppercommand, hero",42,0.16010630307300475,0.17488003080329406,0.14445168502160793,0.5531897609662525,33.26122965886257,"0.4871194363, 0.0005572802582, 0.4813956786"
945,"battlezone, choppercommand, roadrunner",42,0.16407288525162098,0.17489808849786473,0.14548668227975387,0.5530974830846624,33.499546584652215,"0.1645640136, 0.07488176966, 0.6047640174"
946,"amidar, asterix, kungfumaster",42,0.16015364752889383,0.17493162723873948,0.14169584010464376,0.5529260691492224,32.62667291642206,"0.592017538, 0.199095837, 0.4407578535"
947,"jamesbond, roadrunner, seaquest",42,0.15483886670523136,0.17497669481976816,0.14296614732177348,0.5526956804384597,32.919171962590625,"0.2692482038, 0.4239561982, 0.3401619187"
948,"amidar, assault, battlezone",42,0.1617369754793867,0.17499454154857902,0.13862258368581407,0.5526044302750728,31.919029474727502,"0.5447955253, 0.4574829966, 0.1186277194"
949,"gopher, privateeye, roadrunner",42,0.16612560056014153,0.1749949529405584,0.1446855306743367,0.5526023267218565,33.31507461026604,"0.08853056552, 0.008211866478, 0.6690209004"
950,"kungfumaster, pong, roadrunner",42,0.15999469163461397,0.17500214792711577,0.14343613535499805,0.552565536101709,33.02739070650947,"0.1030176861, 0.1722542684, 0.5144687021"
951,"bankheist, battlezone, kungfumaster",42,0.15113505953828354,0.17500722889635797,0.14006875672524513,0.5525395543205873,32.252023122975885,"0.2605012956, 0.1369161695, 0.5450798702"
952,"assault, frostbite, qbert",42,0.1630355051614715,0.17512126957564686,0.1447432488423444,0.5519562033410815,33.328364709590986,"0.6043716476, 0.1347554209, 0.1847764127"
953,"breakout, krull, pong",42,0.1585429712262315,0.1751453362680294,0.13519472868182728,0.5518330467057222,31.129736691415,"0.1889181956, 0.6057451275, -0.1501585725"
954,"alien, crazyclimber, pong",42,0.16033089970137007,0.1751561751250959,0.13965079964844718,0.55177757542731,32.155784949521255,"0.9401329185, 0.1032523644, 0.2618783781"
955,"jamesbond, mspacman, roadrunner",42,0.15892949684316468,0.17516329926973115,0.134520526195855,0.5517411134947766,30.97449583202907,"0.2101694514, 0.2801413634, 0.3832634016"
956,"amidar, battlezone, gopher",42,0.16194825570138552,0.17524615159416165,0.14668036055015762,0.5513169598701348,33.774401163778485,"0.8386673912, 0.3002867527, 0.2169454463"
957,"assault, battlezone, krull",42,0.15877347113765927,0.17525394325941984,0.14159095808172123,0.5512770609537598,32.60252293817161,"0.3159566043, 0.1473184239, 0.3083009048"
958,"bankheist, hero, krull",42,0.15863992697037096,0.17536151722641574,0.14269324258895003,0.5507260237502034,32.85633332562994,"0.1953481819, 0.2307417361, 0.4037380179"
959,"hero, krull, seaquest",42,0.1518606602520679,0.17540807245562567,0.14234279842730568,0.5504874442752397,32.77564057537703,"0.4089397302, 0.3443561239, 0.5605768982"
960,"alien, jamesbond, privateeye",42,0.1626084767473776,0.1754475200678989,0.12505862082941457,0.5502852393178121,28.79581160722046,"0.61260927, 0.4865003057, 0.02567467615"
961,"amidar, assault, frostbite",42,0.16356969477109584,0.1754665749056825,0.14006255039554233,0.550187549625186,32.250594062750295,"0.5106152905, 0.5211855506, 0.05744245872"
962,"demonattack, jamesbond, mspacman",42,0.16243350599716705,0.17548113941008353,0.13840598700012635,0.5501128736669878,31.86915624476186,"0.09655303197, 0.3495288339, 0.5925626687"
963,"choppercommand, roadrunner, seaquest",42,0.1617109035032515,0.17549538212527518,0.14694726287399665,0.5500398416105123,33.8358576949942,"0.00981708098, 0.6734976592, 0.349695832"
964,"assault, battlezone, crazyclimber",42,0.16163935127263596,0.1755050560532999,0.1357661972854891,0.5499902334429732,31.261322200205587,"0.3583137701, 0.2790357846, 0.2335042505"
965,"amidar, pong, privateeye",42,0.15950311326837419,0.17551162998899533,0.13987001594200296,0.549956520560396,32.20626136648955,"0.9425776596, 0.3918628974, 0.09104023832"
966,"demonattack, jamesbond, roadrunner",42,0.1612588669122561,0.17554279714759483,0.14211285274800925,0.5497966699349632,32.7226936260424,"0.0529040688, 0.2171020187, 0.4984566228"
967,"asterix, crazyclimber, hero",42,0.16224398656566288,0.1756022988743681,0.14198892256269957,0.5494914177006065,32.694157646315794,"0.2308868149, 0.1765274422, 0.7422624703"
968,"crazyclimber, kangaroo, qbert",42,0.15984717575505433,0.17562339820142084,0.13569840784279935,0.5493831503369471,31.245713104185608,"0.3561022055, 0.3216754863, 0.233026687"
969,"assault, krull, mspacman",42,0.1572336854097418,0.17562815667486176,0.14616571287330032,0.5493587312973196,33.65589915689092,"0.3408050884, 0.2216347025, 0.2996884092"
970,"amidar, assault, jamesbond",42,0.16192046233124563,0.17566370283370722,0.14086887081866178,0.5491762982813713,32.43625620139545,"0.4249903752, 0.3896048539, 0.2033184772"
971,"jamesbond, privateeye, roadrunner",42,0.16301156284985874,0.175666950504499,0.1379884720589841,0.5491596284687796,31.773019876804216,"0.2989074965, 0.08888454169, 0.4514766123"
972,"amidar, asterix, hero",42,0.16398713331719522,0.1757071609589161,0.13940192475158425,0.5489532086387763,32.09847938676755,"0.475506007, 0.2627838299, 0.6508342812"
973,"gopher, qbert, roadrunner",42,0.16249459909423053,0.17572627034604835,0.14360767206805627,0.5488550942943796,33.066888494348376,"0.07983312157, 0.10992434, 0.6166605605"
974,"frostbite, jamesbond, krull",42,0.1607471567889819,0.175753238910432,0.13884231106228348,0.5487166100026352,31.96962357288562,"0.03650757877, 0.3494719347, 0.3418074976"
975,"assault, kungfumaster, qbert",42,0.15910269922721296,0.1757644077450303,0.14006158751111109,0.5486592515184008,32.250372350416534,"0.362271552, 0.3324942977, 0.2228437062"
976,"bankheist, crazyclimber, kangaroo",42,0.16279447055877125,0.17577718918658988,0.1354151315657968,0.5485936068839172,31.180486330923113,"0.1854765472, 0.3874051614, 0.2750478271"
977,"alien, bankheist, crazyclimber",42,0.15665378278247782,0.1758018349025999,0.13846424284511188,0.5484670146479652,31.882570148786204,"0.7499356799, 0.1627237275, 0.2912611621"
978,"crazyclimber, kungfumaster, roadrunner",42,0.1613539658971244,0.17584960942009092,0.14573883533115287,0.5482215712303197,33.55760697038265,"0.1372677207, 0.1030370874, 0.5230704434"
979,"asterix, battlezone, crazyclimber",42,0.1644028730778051,0.17589784293028354,0.13976480296678281,0.5479737020651752,32.1820351836564,"0.1895229036, 0.4745860702, 0.3387135428"
980,"amidar, kungfumaster, roadrunner",42,0.16284243279227717,0.17592647217820015,0.14741975097658988,0.5478265458989631,33.94465210115902,"0.3071864379, 0.2089893467, 0.4316741621"
981,"krull, kungfumaster, qbert",42,0.15788703742931595,0.1759453104972967,0.1417249803604506,0.5477297026692163,32.633382708284735,"0.4080412648, 0.159496542, 0.2576997162"
982,"bankheist, frostbite, krull",42,0.1567493363165851,0.1759681389405252,0.1375140673912339,0.5476123332823993,31.663784165203374,"0.1798840109, 0.09496910573, 0.4874631166"
983,"mspacman, qbert, roadrunner",42,0.15889123322914017,0.17599117755458657,0.13916347677833757,0.5474938678920472,32.04357471190231,"0.3232244956, 0.1104556493, 0.4974426024"
984,"bankheist, hero, pong",42,0.15643064241866192,0.17599282669635652,0.13960675927308647,0.5474853873503476,32.14564427834171,"0.2266208156, 0.5294186456, 0.3152379551"
985,"freeway, gopher, jamesbond",42,0.1633543123244963,0.17600076387684868,0.1392831787600616,0.54744457010552,32.07113711177427,"-0.01570455523, 0.1497974159, 0.663373166"
986,"asterix, breakout, kungfumaster",42,0.16441592972215546,0.1760199521891727,0.1377184396815095,0.5473458858940254,31.71084262410434,"0.07591982005, 0.1665109934, 0.6441379838"
987,"amidar, assault, kungfumaster",42,0.16067091894418178,0.1762072576988704,0.1464005087997969,0.5463820210730098,33.70996291691559,"0.5185767701, 0.3814668337, 0.1885030274"
988,"amidar, breakout, choppercommand",42,0.16036516167333928,0.17621157793705627,0.13534925264594783,0.546359777247593,31.16531714904443,"1.180950849, 0.2427000973, 0.003474437223"
989,"battlezone, breakout, upndown",42,0.1587950091753534,0.1762630983222364,0.14557487591725954,0.5460944696444145,33.51985392015397,"0.3899613494, 0.2501184507, 0.3088215885"
990,"alien, amidar, kungfumaster",42,0.15972999418225042,0.1762676440642226,0.1359428199706682,0.5460710573243885,31.301991076403386,"0.6459807792, 0.2667632008, 0.3923261447"
991,"alien, gopher, privateeye",42,0.16618761123540787,0.17630174724376543,0.13776507224351095,0.5458953935734807,31.721580168315604,"1.238490175, 0.243995401, -0.2589684096"
992,"jamesbond, kungfumaster, roadrunner",42,0.1615907199549627,0.17630537131720306,0.14521133171422912,0.5458767241571822,33.43614477389975,"0.2460889155, 0.1738696274, 0.3621333168"
993,"alien, battlezone, kungfumaster",42,0.15897053413798637,0.17631432961568202,0.1397270376258967,0.5458305738309008,32.173339392560784,"0.705079005, 0.1276408033, 0.4002262825"
994,"amidar, crazyclimber, gopher",42,0.16201678961917168,0.1763354705528361,0.1431585177263772,0.5457216530987749,32.96346688518799,"0.9667256422, 0.2592906649, 0.0825280961"
995,"assault, asterix, boxing",42,0.16789725522986543,0.17634649172466293,0.13598410929561763,0.5456648654749989,31.311498294816214,"0.6045768747, 0.06933974725, 0.1295170689"
996,"assault, freeway, hero",42,0.15975237570792067,0.17635839616253202,0.14938928572155835,0.5456035227526767,34.398154235548844,"0.4964632448, -0.01644299604, 0.4878597887"
997,"asterix, hero, kungfumaster",42,0.16218346424117522,0.17637139118317102,0.1475648909072605,0.5455365556075851,33.978071805235054,"0.2579180814, 0.546336498, 0.3223030969"
998,"assault, freeway, mspacman",42,0.1646944719490272,0.17656033720147302,0.14977669198291488,0.5445623040205507,34.487357823782055,"0.5022982434, -0.01626430681, 0.4981227861"
999,"amidar, frostbite, pong",42,0.1587867493935235,0.17659360994432066,0.13711970141781624,0.544390633650714,31.57297804404581,"0.8020342888, 0.08560895564, 0.4174239232"
1000,"crazyclimber, kangaroo, upndown",42,0.1611541995806362,0.17659897098536734,0.1395342008383405,0.544362970389394,32.12893708132001,"0.3318626496, 0.300136589, 0.2039629131"
1001,"alien, breakout, privateeye",42,0.16113491952789596,0.17661050109253143,0.1351783559569831,0.5443034715684058,31.125966732199213,"1.171801279, 0.2225025929, 0.04616596301"
1002,"assault, battlezone, pong",42,0.16248903795391972,0.17667412785206138,0.13498881887802983,0.5439750684879672,31.08232420694247,"0.3769049451, 0.2665434975, 0.2637091522"
1003,"assault, hero, kungfumaster",42,0.1600935650005461,0.17668417863709274,0.1458483411426434,0.5439231815593752,33.582821615296076,"0.4937056409, 0.4906104181, -0.01347272447"
1004,"bankheist, kangaroo, krull",42,0.15435719259952935,0.17672475734794146,0.1344797811671899,0.5437136649550312,30.965113942467283,"0.1537468609, 0.1367360005, 0.4514864544"
1005,"assault, gopher, hero",42,0.15839797490311333,0.17673857979990104,0.1468853948754177,0.5436422856792564,33.82161206186808,"0.4654159848, 0.04650222589, 0.451312392"
1006,"battlezone, boxing, crazyclimber",42,0.15844238676219613,0.17675036699741017,0.14417727640449013,0.5435814120669875,33.19804473974611,"0.4800119284, 0.1557627006, 0.2709187605"
1007,"alien, amidar, jamesbond",42,0.16267297689469107,0.17675366916269533,0.12436821467196882,0.5435643576900021,28.636839714595872,"0.6112090186, 0.05403402271, 0.4646919445"
1008,"bankheist, crazyclimber, hero",42,0.15761451270760488,0.17684589010951193,0.14540744979146164,0.5430879442921572,33.48130263000997,"0.2254426673, 0.2662395123, 0.5330361968"
1009,"krull, mspacman, qbert",42,0.15693414636974706,0.176850737252237,0.13634241468251,0.5430628970796166,31.394001159075994,"0.4388238667, 0.2009510446, 0.2303499188"
1010,"asterix, mspacman, upndown",42,0.16790040276122212,0.1769579764160546,0.14067535981963522,0.542508571885002,32.391698647226555,"0.2001485299, 0.6740952722, 0.2940796269"
1011,"amidar, battlezone, krull",42,0.16080438347610873,0.17699572592230992,0.13611952796644008,0.5423133626274823,31.3426795960911,"0.4693652688, 0.1445795897, 0.3882987053"
1012,"amidar, jamesbond, roadrunner",42,0.1638227981793966,0.17709071136939147,0.14062226706195624,0.541821992174575,32.3794735879888,"0.186419235, 0.2382920586, 0.4353483083"
1013,"bankheist, freeway, krull",42,0.1584076072585802,0.177110495833315,0.13838573695234319,0.541719611732896,31.864493498946068,"0.2288692156, 0.0558364718, 0.4662740983"
1014,"asterix, jamesbond, qbert",42,0.1647600768244364,0.1771284830416704,0.13588599539728802,0.5416265217849967,31.288906734845284,"0.1203962591, 0.638110672, 0.1268658539"
1015,"asterix, krull, seaquest",42,0.15774891554571546,0.1771763835743042,0.14227821294877838,0.541378574055978,32.760769219368946,"0.1309798182, 0.5404598488, 0.2834937209"
1016,"choppercommand, jamesbond, roadrunner",42,0.16412457628853816,0.17721133527987015,0.14202544834930292,0.541197611087804,32.702568019490066,"0.03796975831, 0.2670931084, 0.4736550525"
1017,"jamesbond, mspacman, qbert",42,0.16159265159005504,0.17726349610056183,0.13369826114916025,0.5409274812890208,30.785162308128132,"0.4873085524, 0.3144764167, 0.1808627149"
1018,"crazyclimber, krull, qbert",42,0.15819114431579423,0.17727879754563197,0.13895245917048954,0.5408482232775267,31.994986112083296,"0.07338619081, 0.4669272549, 0.2519982233"
1019,"freeway, gopher, roadrunner",42,0.16561104774394014,0.177282042320479,0.14500730611174967,0.5408314152013078,33.38916614281391,"0.0205644812, 0.09600199397, 0.648148522"
1020,"amidar, privateeye, roadrunner",42,0.1663863708298083,0.17732782734178132,0.1452861727461445,0.5405942139836741,33.45337755834301,"0.3364311486, 0.08050000578, 0.5888214681"
1021,"assault, crazyclimber, mspacman",42,0.16150303582624848,0.1773340450174751,0.14772008155584607,0.5405619969728421,34.01380577263558,"0.4232463835, 0.1042929237, 0.4297686388"
1022,"boxing, kungfumaster, seaquest",42,0.16007335909788845,0.1773727244945343,0.143509828807182,0.5403615531184094,33.04435925095447,"0.1453459925, 0.6070103656, 0.3799462117"
1023,"alien, freeway, jamesbond",42,0.16258351838713295,0.17739309673004772,0.12715363832058144,0.5402559630344411,29.278207211692724,"0.6155603062, -0.01262265468, 0.4974693881"
1024,"kungfumaster, pong, upndown",42,0.16122077790972983,0.1774010342128528,0.1415208417216185,0.5402148194713863,32.58637804961685,"0.377772452, 0.2343912539, 0.2757029013"
1025,"asterix, jamesbond, privateeye",42,0.16474502122256476,0.17740290853109114,0.14262729172100913,0.5402051037636288,32.841147577090865,"0.1870308591, 0.661958676, 0.1160881656"
1026,"demonattack, mspacman, qbert",42,0.17148902880833472,0.17741937373718855,0.13407946964170525,0.5401197503822699,30.872938807353815,"0.157057426, 0.9511240091, 0.1470943364"
1027,"assault, asterix, frostbite",42,0.1685292040255868,0.17745662215674324,0.1464639703266176,0.5399266304282724,33.72457547347919,"0.6237686589, 0.1151995097, 0.1689986504"
1028,"amidar, battlezone, roadrunner",42,0.16439372636954952,0.17748909109175612,0.1454166151170397,0.5397582573492088,33.48341302421482,"0.2866577839, 0.1280065765, 0.5344554674"
1029,"assault, frostbite, privateeye",42,0.16769113198989619,0.17749058830487235,0.14386267182631587,0.539750492557853,33.125604358556934,"0.6943459452, 0.1390751106, 0.1671634325"
1030,"assault, battlezone, gopher",42,0.16675327682824714,0.17750764223434104,0.14107729478436634,0.5396620434767398,32.484247593040855,"0.483984235, 0.2766348508, 0.1325806455"
1031,"gopher, jamesbond, seaquest",42,0.15501957146911424,0.17753353313290693,0.14134703221225248,0.5395277457935882,32.54635693108817,"0.136544961, 0.6006550178, 0.314876878"
1032,"assault, pong, qbert",42,0.1639888284757794,0.1775491766277389,0.13551028660922596,0.5394465925312383,31.202396589375432,"0.4951412897, 0.1993166744, 0.2108925995"
1033,"alien, qbert, roadrunner",42,0.15825876408785775,0.1775503166264859,0.1444229021434648,0.5394406783163378,33.254602156247984,"0.4460965044, 0.08762966675, 0.4927216891"
1034,"boxing, mspacman, upndown",42,0.16323634815977664,0.17757198344801825,0.13727985150786196,0.5393282655007761,31.609853965043904,"0.1471252173, 0.7308856957, 0.1983714771"
1035,"hero, jamesbond, roadrunner",42,0.1614384474533018,0.17760476920095106,0.145382924480742,0.5391581388436194,33.47565546852356,"0.2172902852, 0.2353672433, 0.3898845258"
1036,"asterix, battlezone, jamesbond",42,0.1655512231230525,0.17762392618812728,0.13986439430289344,0.5390587178901173,32.204966936248375,"0.2030685801, 0.1276592545, 0.5758444339"
1037,"choppercommand, qbert, roadrunner",42,0.16612832366403807,0.17764153041000585,0.141333249404031,0.5389673460249624,32.54318332221313,"0.04939275598, 0.1174123611, 0.6579010856"
1038,"boxing, kangaroo, mspacman",42,0.16413195618446164,0.17764715313059828,0.1320605016956264,0.5389381602955166,30.40805425776642,"0.1563873149, 0.1880805688, 0.726739423"
1039,"hero, jamesbond, qbert",42,0.16129731764793656,0.1776846694374767,0.14010678147881955,0.5387434015996713,32.26077864605041,"0.3088908686, 0.4734115519, 0.1970125593"
1040,"hero, krull, qbert",42,0.15810301775890817,0.17768985717571523,0.14154925472454116,0.5387164672171779,32.59292038531454,"0.1576394981, 0.4497233975, 0.2457027421"
1041,"alien, battlezone, jamesbond",42,0.16270410450290682,0.17770901038768558,0.1299175437489904,0.5386170182380585,29.914619955482703,"0.6258866434, 0.0187389853, 0.4696921849"
1042,"amidar, roadrunner, seaquest",42,0.1544671637166,0.17771505381230843,0.14605558347367545,0.5385856368165034,33.630540925503254,"0.4061216708, 0.4917185589, 0.3952789049"
1043,"demonattack, jamesbond, kungfumaster",42,0.16458452998694198,0.17772213072445764,0.1347150942753787,0.5385488874938184,31.019296787977446,"0.07827036261, 0.3560505581, 0.4090969897"
1044,"alien, frostbite, pong",42,0.1597631178359261,0.17772622376561584,0.13957026415182455,0.5385276322889923,32.137240966123244,"0.8305466842, 0.08035619601, 0.3885897166"
1045,"kangaroo, krull, mspacman",42,0.15976527584871328,0.17775869811723155,0.13672224038458744,0.5383589752979873,31.481459259029954,"0.1828031517, 0.3684596625, 0.2949982234"
1046,"amidar, kangaroo, krull",42,0.15786164882494266,0.17778486420131,0.14047801803021104,0.5382230581582493,32.34625902097127,"0.3989088403, 0.140373866, 0.3950881092"
1047,"hero, kangaroo, pong",42,0.15407885202541505,0.1778077091170908,0.14147757405626843,0.5381043761414206,32.57641530149248,"0.4349494355, 0.2521115973, 0.3307412053"
1048,"bankheist, krull, privateeye",42,0.16211782038814676,0.17784486625081222,0.1407953805660303,0.5379113079013031,32.41933444537649,"0.2071560323, 0.5185646598, -0.02392705854"
1049,"amidar, crazyclimber, krull",42,0.15630790636493933,0.1778484580034912,0.14046185336111386,0.5378926430380154,32.342536968361635,"0.6564465138, 0.1846710683, 0.2426911993"
1050,"bankheist, mspacman, pong",42,0.15635908221765882,0.17786553474669164,0.14097185863861308,0.5378038970617012,32.45997002329343,"0.2204173648, 0.5544861673, 0.3190137372"
1051,"boxing, hero, upndown",42,0.16305659950138418,0.1778757907854276,0.13837579971042435,0.5377505934488442,31.862205364435287,"0.1605964472, 0.7070585097, 0.1766970922"
1052,"amidar, boxing, mspacman",42,0.16122673383596298,0.17790894407574218,0.1378824296829006,0.5375782651417151,31.748602717364662,"0.69821084, 0.1901214046, 0.4060114016"
1053,"bankheist, gopher, krull",42,0.16224196876546362,0.17791851187171426,0.1414639380218065,0.5375285264868737,32.57327548852452,"0.2042387692, 0.004982609931, 0.5149432792"
1054,"amidar, demonattack, hero",42,0.16747357122694473,0.1779599608048226,0.14844612541869065,0.537313021289314,34.18098355018016,"0.5455628455, 0.1462649257, 0.6626540824"
1055,"hero, pong, seaquest",42,0.15736418704234428,0.17800258677241743,0.13889289466374335,0.5370913439851455,31.981270877552763,"0.7296357609, 0.2391647567, 0.5822504894"
1056,"amidar, choppercommand, crazyclimber",42,0.16443564622894913,0.1780043690441513,0.14458119561166508,0.5370820740845413,33.29105057426761,"0.943164984, 0.0488212537, 0.3193294626"
1057,"amidar, hero, roadrunner",42,0.1642997787798241,0.17800578960655952,0.14978398558186218,0.5370746854296315,34.48903723700309,"0.2236676605, 0.2295965748, 0.5081252339"
1058,"choppercommand, frostbite, roadrunner",42,0.17000382811126225,0.17805791045459313,0.14605838705042556,0.5368035527611495,33.63118647290644,"0.06387043519, 0.01707012215, 0.7065505261"
1059,"demonattack, hero, kungfumaster",42,0.16234689616596454,0.17806059694460935,0.1451931898369718,0.5367895754880786,33.431967452286585,"0.1473597212, 0.5069790243, 0.390740737"
1060,"frostbite, jamesbond, roadrunner",42,0.16481704306275108,0.17810314316500978,0.1426955692198145,0.5365681878518271,32.85686905218448,"-0.02121587113, 0.3105439366, 0.4602717201"
1061,"asterix, demonattack, jamesbond",42,0.16753244414739538,0.17816150540628797,0.1409015957707279,0.5362644161133875,32.44379140007509,"0.2016067317, -0.023601061, 0.6823797604"
1062,"alien, boxing, choppercommand",42,0.16578220567884436,0.17818140078747602,0.13375718510598608,0.5361608391780923,30.798730050588873,"1.169906649, 0.1999494494, -0.01042451025"
1063,"amidar, bankheist, demonattack",42,0.16021193584820215,0.17823754089290572,0.1423922970176162,0.5358685069647421,32.78703804699435,"1.046076225, 0.2736835285, 0.1136076368"
1064,"gopher, kangaroo, kungfumaster",42,0.15868396456628764,0.17829395691569538,0.14925035442895362,0.5355746452257494,34.36616412321864,"0.05425320521, 0.2839806655, 0.5426553351"
1065,"asterix, choppercommand, jamesbond",42,0.1674406129227254,0.17830962779801918,0.13723917996147325,0.5354930016854826,31.600488995401545,"0.1971927894, -0.03548116577, 0.6823594496"
1066,"amidar, asterix, jamesbond",42,0.16397971218805818,0.1783806560950295,0.1408325473638071,0.5351228622518269,32.42789241682801,"0.3380944254, 0.1824404994, 0.5198998921"
1067,"freeway, roadrunner, seaquest",42,0.16129370206252963,0.178406019700507,0.14851944705351325,0.5349906528649733,34.1978664805138,"0.01896125029, 0.6590292163, 0.3728930201"
1068,"amidar, assault, seaquest",42,0.15845026116529765,0.17844801195921395,0.14740211747734605,0.5347717242560053,33.94059183790941,"0.6742552677, 0.4207208831, 0.2926367909"
1069,"alien, frostbite, kungfumaster",42,0.1622682342127289,0.17845822287475996,0.14344291012238924,0.5347184813816037,33.02895065434981,"0.8416461639, -0.03459319398, 0.4479800186"
1070,"battlezone, choppercommand, krull",42,0.16627228415266251,0.17846031984433663,0.14019168847394306,0.5347075467560564,32.280329204176645,"0.2304421998, 0.1004586508, 0.4818269679"
1071,"alien, hero, kungfumaster",42,0.16166928421293272,0.17846205595010534,0.14166149473272233,0.534698493753774,32.61876460228209,"0.7389634281, 0.1382147503, 0.3824435499"
1072,"battlezone, privateeye, roadrunner",42,0.16652933995637076,0.17846915249328618,0.15040452819071454,0.5346614875916935,34.631922453074196,"0.1438408891, 0.07107383175, 0.6431314088"
1073,"freeway, jamesbond, upndown",42,0.1587867293844077,0.17847384438539818,0.13646608948506342,0.5346370200939259,31.422478334749847,"-0.01686668949, 0.5942971133, 0.2297706802"
1074,"mspacman, qbert, upndown",42,0.1673530042027999,0.1785115675983721,0.14126475474548517,0.5344402759477918,32.5274118442414,"0.6262174959, 0.2499283212, 0.2947896674"
1075,"breakout, kungfumaster, pong",42,0.16452951515575423,0.1785345857910532,0.13779743650702506,0.5343202049127662,31.729032315386934,"0.2352438542, 0.7286823826, -0.1134375373"
1076,"breakout, kungfumaster, seaquest",42,0.16444863814656893,0.17854883520441694,0.13835503119150597,0.5342458671739725,31.857423236228783,"0.1707587721, 0.6495446789, 0.1772831771"
1077,"assault, breakout, kungfumaster",42,0.16329812210298747,0.17856207883507996,0.13773805613571968,0.5341767711816092,31.71535947960852,"0.1913310851, 0.1513809268, 0.4996624287"
1078,"bankheist, frostbite, kungfumaster",42,0.1541969149941807,0.1785630040231049,0.14845095419013188,0.5341719440067425,34.18209541589396,"0.2737753187, 0.05375614563, 0.6024641552"
1079,"alien, crazyclimber, gopher",42,0.16506800832411053,0.17864740372319057,0.14578730102919743,0.5337314827820289,33.56876660976655,"1.005132206, 0.218527638, 0.08892217634"
1080,"asterix, frostbite, jamesbond",42,0.16814980839050508,0.17867849040991188,0.14221597016893997,0.5335691965786358,32.746437289668705,"0.1854463323, -0.004316603502, 0.6760687261"
1081,"battlezone, kungfumaster, roadrunner",42,0.1629375518038289,0.17869800897843924,0.1535127280245542,0.5334672866191781,35.347611913418774,"0.1317326695, 0.2031421236, 0.4852038054"
1082,"assault, boxing, breakout",42,0.16934676869516407,0.1786996354838326,0.1349149744642014,0.5334587938392954,31.065320902294243,"0.6563419295, 0.1488326804, -0.03331136212"
1083,"battlezone, crazyclimber, demonattack",42,0.16736270514454407,0.17870576666952592,0.14213054824562574,0.5334267792262621,32.72676816494488,"0.3815042402, 0.4321060872, 0.1017988834"
1084,"freeway, jamesbond, roadrunner",42,0.1642935847792099,0.17872171258617955,0.14149612659744404,0.5333435108487188,32.580687181967285,"-0.02516867991, 0.3271937056, 0.4513107282"
1085,"battlezone, hero, roadrunner",42,0.1638249282565997,0.1787222777339666,0.15174356781165113,0.5333405595531506,34.940247720083896,"0.1062259673, 0.2324424329, 0.5351009529"
1086,"gopher, kungfumaster, roadrunner",42,0.1628283889703149,0.17878517538386862,0.15087459720654062,0.5330120392661379,34.74015984392615,"0.0722654494, 0.1730046224, 0.5366638182"
1087,"demonattack, gopher, kungfumaster",42,0.16234132230250947,0.17880790089068777,0.1412826124913537,0.5328933133981029,32.53152374218454,"0.1691069455, 0.1558971698, 0.5766582666"
1088,"battlezone, demonattack, mspacman",42,0.17044598001865288,0.17887941272398525,0.13385857209646418,0.5325196125156355,30.822075267878713,"0.183033272, 0.1385357114, 0.9083179762"
1089,"amidar, demonattack, upndown",42,0.16674114792763456,0.17890566672961664,0.1394674566480771,0.5323823789099843,32.11356866356556,"0.9645304291, 0.1128626118, 0.2853455182"
1090,"kangaroo, krull, pong",42,0.15837502365758255,0.1790059627342067,0.13286546843723104,0.5318579312919293,30.5934046997239,"0.2384475513, 0.3258926036, 0.2081344434"
1091,"alien, freeway, kungfumaster",42,0.1627813666509108,0.17900787611790098,0.14199198400213991,0.5318479233550492,32.69486256879763,"0.790825887, 0.0004405255254, 0.4516034561"
1092,"freeway, qbert, roadrunner",42,0.1664549267358854,0.17900906227093222,0.14418579549176475,0.5318417191381551,33.20000633208255,"0.03340737149, 0.1572950401, 0.6315130352"
1093,"amidar, krull, pong",42,0.15555133653430972,0.179017849265242,0.14202883882694334,0.5317957571621272,32.70334870581736,"0.7031609841, 0.2083296019, 0.2403982747"
1094,"bankheist, hero, kungfumaster",42,0.15453603749974865,0.17902724399732292,0.14729543751247137,0.5317466138073412,33.91602786822525,"0.2707588178, 0.1479081051, 0.5367721912"
1095,"gopher, mspacman, upndown",42,0.16576056961440574,0.1791824765196966,0.14581006517530143,0.5309342271988218,33.57400824811393,"0.159535675, 0.6271166161, 0.30054773"
1096,"hero, jamesbond, kangaroo",42,0.16070960635580936,0.17921024780006328,0.13521340872986598,0.5307888160311087,31.134037931430036,"0.2931546691, 0.4426262031, 0.1758384898"
1097,"battlezone, crazyclimber, mspacman",42,0.16232653389261503,0.17921332846712115,0.14200518199341103,0.5307726841873164,32.69790151859347,"0.3399864648, 0.2777842941, 0.4391278451"
1098,"kangaroo, pong, qbert",42,0.1574365820869449,0.179218983709336,0.14055268031194537,0.5307430699168182,32.36345064666431,"0.3186271538, 0.4182818417, 0.2396616964"
1099,"assault, kungfumaster, mspacman",42,0.16347431114935465,0.1792259168784487,0.15072254102831728,0.5307067623726441,34.70514761499868,"0.4263419634, 0.1272097611, 0.4126226424"
1100,"demonattack, hero, jamesbond",42,0.16563937994782585,0.17926542777087742,0.1475636660716107,0.5304998253537834,33.9777897764042,"0.09282220828, 0.5454657738, 0.3665690118"
1101,"assault, freeway, jamesbond",42,0.16679109938170936,0.17928733424781604,0.147476971857934,0.5303850712341218,33.95782769599812,"0.3672061699, -0.03868717204, 0.4511835654"
1102,"asterix, freeway, hero",42,0.16780567534575405,0.17931703249494624,0.15053917855406568,0.5302294785886004,34.66292684501605,"0.3217680465, 0.07119812876, 0.8542576555"
1103,"jamesbond, kungfumaster, seaquest",42,0.15735631495512956,0.17932235211180547,0.1461841449235955,0.5302016057622598,33.660143293315215,"0.4104959237, 0.3261062085, 0.4063353497"
1104,"assault, boxing, seaquest",42,0.1695018487796386,0.17933021298125956,0.13440340611834128,0.5301604161977911,30.947527937571735,"0.6248784396, 0.1328550336, 0.08303213446"
1105,"battlezone, gopher, upndown",42,0.16875609503428274,0.1793576684492403,0.16183318974625432,0.5300165402395287,37.2634690261402,"0.4064102049, 0.252841093, 0.3210140853"
1106,"kungfumaster, privateeye, roadrunner",42,0.16531061282410425,0.17936547810617223,0.15375598689730124,0.5299756109664702,35.403624338831364,"0.2229377259, 0.07851782138, 0.5471379534"
1107,"amidar, freeway, roadrunner",42,0.16748256321933996,0.17939196089152018,0.1454804666235775,0.5298368052826009,33.49811537692673,"0.3864332678, -0.02182687925, 0.5904091653"
1108,"amidar, crazyclimber, hero",42,0.16093682997242834,0.17939811324856797,0.14539689285024926,0.5298045556607984,33.478871804463644,"0.7159729905, 0.2842580392, 0.2577637058"
1109,"demonattack, hero, qbert",42,0.16928404389862128,0.17940369169031298,0.1530577806576444,0.5297753134505169,35.24285641090443,"0.1471489443, 0.8814538017, 0.1941990807"
1110,"qbert, roadrunner, seaquest",42,0.16079964951806316,0.17943258985790694,0.1464254285092989,0.5296238146035053,33.7157008920777,"0.061105081, 0.6510324547, 0.3124341813"
1111,"alien, kungfumaster, privateeye",42,0.16273086886080818,0.1794750235161229,0.1420717814629074,0.5294013116298306,32.71323661315983,"0.7964820813, 0.4504878155, -0.01444095769"
1112,"bankheist, freeway, kungfumaster",42,0.15417666617375123,0.1794934044887164,0.14347538805564944,0.5293049137648471,33.03642897484743,"0.3001197657, 0.03796657788, 0.5819899505"
1113,"amidar, crazyclimber, privateeye",42,0.16564189524847844,0.1794952829028128,0.14611594582743578,0.5292950619832286,33.644439871097916,"0.9570812583, 0.3305730091, 0.03764683498"
1114,"choppercommand, freeway, roadrunner",42,0.16999844017683421,0.17951619161165266,0.14707461020420487,0.5291853944136107,33.86518050141121,"0.06656723954, 0.0110419711, 0.7068396593"
1115,"assault, crazyclimber, qbert",42,0.16510655785427095,0.1795703580756184,0.133829126831765,0.5289012282932506,30.815295245123153,"0.5045815087, 0.1620906145, 0.207304018"
1116,"assault, frostbite, jamesbond",42,0.1668047880969713,0.17958122329141055,0.1459436156681784,0.5288442172729081,33.604759385519976,"0.4307343473, 0.06847174419, 0.3172261479"
1117,"battlezone, crazyclimber, krull",42,0.16317067053229045,0.17960071103919445,0.14391623720745045,0.5287419542068191,33.13793824336704,"0.2866146398, 0.1984383629, 0.3183739546"
1118,"battlezone, jamesbond, roadrunner",42,0.1640702257955025,0.1796302997572066,0.1455611267218237,0.5285866645093742,33.51668805090885,"0.074969232, 0.2341399128, 0.4719983348"
1119,"frostbite, kangaroo, kungfumaster",42,0.16064906270720308,0.17967003303748,0.14991057693475765,0.5283780931293103,34.518185973211,"0.02548811811, 0.2833883758, 0.5791197352"
1120,"assault, boxing, freeway",42,0.16758909330657826,0.1797062641980034,0.1351130998955709,0.5281878651697947,31.11094096877569,"0.5855634619, 0.1500429248, 0.04545473351"
1121,"kangaroo, kungfumaster, privateeye",42,0.16065501055322112,0.17971036596937023,0.15012134302591326,0.5281663268266557,34.56671665917135,"0.2903119832, 0.5855350021, 0.03626255144"
1122,"alien, jamesbond, mspacman",42,0.16090987293166237,0.17973028708677297,0.1292677923668027,0.5280617143306795,29.765009170804934,"0.5170113395, 0.4295305719, 0.1743232989"
1123,"alien, demonattack, mspacman",42,0.16638465430735097,0.17973912628425945,0.13662413478934798,0.5280152930139904,31.458869610916185,"0.5313569956, 0.138434773, 0.696040306"
1124,"bankheist, kungfumaster, privateeye",42,0.1558541112793011,0.17975699166264172,0.14781585575771855,0.5279214614190708,34.035858597588074,"0.2901523123, 0.6256832661, -0.01538285522"
1125,"assault, asterix, kungfumaster",42,0.16717956233234732,0.17976343609662312,0.14587367206466614,0.5278876120151409,33.588654275640216,"0.3525656702, 0.1483998851, 0.3902855707"
1126,"gopher, kungfumaster, upndown",42,0.16334652719107462,0.17976569766044995,0.15761802159528,0.5278757328584184,36.29289069125052,"0.1189067754, 0.4697842614, 0.2948593072"
1127,"assault, choppercommand, krull",42,0.16396425612698148,0.17984071382297467,0.14355545282141363,0.5274816160613057,33.0548645684597,"0.3647999229, 0.009890837457, 0.3484357354"
1128,"breakout, freeway, kungfumaster",42,0.16620329611096263,0.17984507904391073,0.13860126976629888,0.5274586771824346,31.91412176339261,"0.2020483846, -0.0003392328836, 0.6549748091"
1129,"assault, jamesbond, kungfumaster",42,0.16403799751150677,0.179899387245464,0.1423230812952735,0.5271732454733886,32.77110053794764,"0.2744814452, 0.3349874037, 0.1983048092"
1130,"assault, boxing, demonattack",42,0.16951198391812614,0.17990055732181987,0.13697465410041917,0.5271670948665019,31.53957966496409,"0.6160453737, 0.1412829065, 0.02024167696"
1131,"frostbite, kungfumaster, roadrunner",42,0.16632297761825782,0.1800077371516413,0.15312990333629914,0.5266035252212653,35.25946327137815,"0.03260253765, 0.2343750468, 0.5258172171"
1132,"amidar, gopher, krull",42,0.16230689207309743,0.18004327076700147,0.14064249528379,0.5264166093831036,32.38413130819402,"0.6635300227, 0.07757325927, 0.3398919935"
1133,"assault, krull, pong",42,0.16344298118352715,0.18008235356101737,0.1416119216349428,0.5262109813589362,32.607349974686024,"0.3650884791, 0.3119173156, 0.05541444504"
1134,"boxing, mspacman, pong",42,0.16943962655602443,0.18010263734964344,0.13795187352498017,0.5261042437764072,31.764592752921928,"0.1319054629, 0.7466366876, 0.2089004481"
1135,"battlezone, krull, pong",42,0.1657667499507043,0.1801134033204739,0.13617627558369866,0.5260475860788577,31.35574621784735,"0.2782964601, 0.3410831216, 0.2085132949"
1136,"breakout, choppercommand, kungfumaster",42,0.1652830836047381,0.18012024956998565,0.13797020281682554,0.5260115547997726,31.768813228338754,"0.1904843286, 0.03889693075, 0.6481890536"
1137,"breakout, crazyclimber, krull",42,0.16143666410355273,0.1801284195535779,0.13843095781290093,0.5259685550187448,31.87490598688733,"0.1555521601, -0.0145547822, 0.5367126428"
1138,"assault, frostbite, kungfumaster",42,0.1662033722331583,0.1801527780762631,0.14406494537727849,0.5258403410871799,33.17217956487228,"0.4815050886, 0.1321793106, 0.2567374538"
1139,"crazyclimber, demonattack, kungfumaster",42,0.16702833665829608,0.18015505246769864,0.13196189248498222,0.5258283686770258,30.385348647920303,"0.2103193732, 0.1476723977, 0.5070388508"
1140,"hero, qbert, roadrunner",42,0.1606827984299433,0.180158672988861,0.1527732169800274,0.5258093099201075,35.177333202695586,"0.2915747106, 0.1325443898, 0.4961672843"
1141,"jamesbond, kungfumaster, mspacman",42,0.1666954743344619,0.18016083168470018,0.13905966153532115,0.525797946164088,32.01967036880279,"0.4145446742, 0.223715139, 0.2771529587"
1142,"assault, gopher, krull",42,0.16390773044528364,0.1802648576743266,0.14521600174049018,0.5252501736099131,33.437220087185004,"0.3768206113, 0.01291998738, 0.3328379898"
1143,"krull, kungfumaster, seaquest",42,0.16126397992197328,0.18028771817814085,0.1500867524528683,0.5251297540392169,34.5587518853862,"0.4452697852, 0.1661253042, 0.495222297"
1144,"amidar, hero, pong",42,0.15773973010491982,0.18028785665064032,0.14853715791340716,0.5251290245774898,34.20194455671138,"0.7436930733, 0.2271060139, 0.3426329155"
1145,"bankheist, krull, kungfumaster",42,0.15188728820785558,0.18031554136127914,0.14235914631398877,0.5249831725475205,32.77940481539488,"0.2439854235, 0.2022520535, 0.3923030017"
1146,"assault, asterix, battlezone",42,0.16990195017968188,0.180342474142893,0.1473442484877686,0.5248412604324499,33.92726701063464,"0.5128729778, 0.1552376799, 0.271970831"
1147,"frostbite, privateeye, roadrunner",42,0.17108399057567056,0.18034583215836658,0.14956319381194433,0.5248235651528153,34.43819805319623,"0.01075503537, 0.08113685135, 0.7295827851"
1148,"privateeye, qbert, roadrunner",42,0.16705773401289195,0.18038165029268455,0.14544211112247227,0.5246347986777348,33.48928369641881,"0.05194038768, 0.1199706372, 0.6724834711"
1149,"amidar, frostbite, roadrunner",42,0.16767024969845298,0.18038761247041887,0.15140693346797687,0.5246033735449214,34.86273479793048,"0.3848729971, -0.0286802951, 0.5910035456"
1150,"assault, choppercommand, jamesbond",42,0.16774287588467443,0.18040517744055684,0.14703483590924873,0.5245107869866399,33.85602213154617,"0.3964168315, -0.03725315409, 0.4082694105"
1151,"gopher, hero, roadrunner",42,0.16167289760189626,0.18051426684179278,0.150961541357516,0.5239355649537358,34.76017947452204,"0.07461694633, 0.2380762062, 0.5391695038"
1152,"battlezone, jamesbond, qbert",42,0.1665036681274584,0.18056100850230936,0.13950568699951843,0.5236889924968897,32.122371527298434,"0.1349877386, 0.5467608292, 0.2453152726"
1153,"asterix, demonattack, kungfumaster",42,0.17025769887809306,0.18057125588214165,0.14140400622712776,0.5236349268006835,32.55947568282215,"0.152423063, 0.09836917774, 0.6903428108"
1154,"alien, crazyclimber, qbert",42,0.16441101420201829,0.18058907581928402,0.14776727715044155,0.5235409006005074,34.024672959892634,"0.8638108008, 0.2860773247, 0.1318958793"
1155,"alien, gopher, hero",42,0.1651690293012984,0.18060925373054695,0.1444212886207649,0.5234344214407216,33.25423062891638,"0.8782063937, 0.1355419771, 0.3859712234"
1156,"hero, jamesbond, seaquest",42,0.15296225633834423,0.18061073042865494,0.1467685766584264,0.5234266284140563,33.79471367336465,"0.490406414, 0.3723498937, 0.5116442195"
1157,"alien, boxing, qbert",42,0.163962563779111,0.18061563196697786,0.13891703214512036,0.5234007609106563,31.986828738032873,"1.092047037, 0.1873797696, 0.08112954596"
1158,"breakout, gopher, kungfumaster",42,0.16599910142105767,0.18064142668368255,0.13819048962347788,0.5232646196465948,31.819536140056847,"0.2081616996, -0.01798205958, 0.6656309932"
1159,"frostbite, hero, roadrunner",42,0.16613664896062286,0.1806599671901785,0.15266439039591462,0.523166753180649,35.15227495566563,"-0.005935339964, 0.2927492421, 0.5714933405"
1160,"amidar, mspacman, pong",42,0.16023761480084273,0.18066786014431152,0.13922171966085867,0.5231250870027979,32.05698563120892,"0.7953778468, 0.1662202273, 0.3640644233"
1161,"alien, freeway, gopher",42,0.16738519715089759,0.18068953059937432,0.14734230989826338,0.5230106813068083,33.926820633905024,"1.118497409, 0.09207433264, 0.1985782398"
1162,"assault, pong, privateeye",42,0.170022605256844,0.18069200082324466,0.1419855978295747,0.5229976392843828,32.69339209822264,"0.6065301954, 0.1925043033, 0.1932372363"
1163,"kangaroo, mspacman, upndown",42,0.16741576335284244,0.1807205593944874,0.13814116074600372,0.5228468458639163,31.80817774626423,"0.2103431584, 0.6428797002, 0.2371406354"
1164,"gopher, krull, seaquest",42,0.16289190092729794,0.18073644260055877,0.1454453558544953,0.5227629699071321,33.49003082357751,"-0.02282913121, 0.5831403614, 0.5073527597"
1165,"choppercommand, jamesbond, kungfumaster",42,0.1704362600251558,0.18073743340691553,0.13892824714382662,0.5227577374175204,31.989411086916775,"0.04642537134, 0.459850297, 0.3371061787"
1166,"alien, crazyclimber, freeway",42,0.16442909623895682,0.18074057660909693,0.14889001465035542,0.522741137846127,34.28319282295734,"0.9365959961, 0.2809728628, 0.05940950425"
1167,"jamesbond, kungfumaster, privateeye",42,0.16950797370103574,0.18078244292603574,0.140957682418842,0.5225200100247651,32.45670582806144,"0.4955876782, 0.3101490892, 0.09465478484"
1168,"hero, jamesbond, mspacman",42,0.1672235100950458,0.18079866437003936,0.13695085265464832,0.5224343184909042,31.53409917954172,"0.2628437764, 0.4228027208, 0.320151885"
1169,"amidar, jamesbond, kungfumaster",42,0.16851642569989247,0.18088685222276668,0.1404639017722375,0.5219683220916964,32.3430086324534,"0.3006480135, 0.3721784437, 0.3033511815"
1170,"assault, privateeye, qbert",42,0.16900677232506167,0.18089209695105318,0.1471970012138457,0.5219406010873345,33.893362072842756,"0.672578853, 0.1510873402, 0.1826642384"
1171,"alien, asterix, boxing",42,0.16233806192938202,0.18091337639603478,0.13938260140148637,0.5218281203632431,32.094030020979346,"1.095357626, 0.08691413936, 0.1829436642"
1172,"hero, kungfumaster, roadrunner",42,0.16441946615448427,0.18092965016877469,0.15384507477528103,0.5217420901243712,35.42413758081164,"0.2018321955, 0.1406046911, 0.5033075722"
1173,"frostbite, qbert, roadrunner",42,0.16754677674285878,0.1809613571850349,0.1444015719498885,0.5215744508233509,33.24969069767204,"0.01697087454, 0.1306024013, 0.6615681982"
1174,"amidar, demonattack, mspacman",42,0.17186250762660185,0.18101311604943676,0.13532353020643545,0.5213007315624594,31.159394338466768,"0.4243543938, 0.156364102, 0.7696314396"
1175,"breakout, kangaroo, upndown",42,0.16107693205959236,0.18101743347373944,0.14584099103539172,0.5212778959520044,33.58112919055712,"0.2324753665, 0.2913441161, 0.3404784937"
1176,"choppercommand, kangaroo, krull",42,0.16157619905773057,0.1810951090740737,0.1347586311020758,0.5208669631013534,31.02932151279235,"0.08150944364, 0.1964411699, 0.4766099075"
1177,"amidar, crazyclimber, frostbite",42,0.16444996688155702,0.18110728747187052,0.14464157935776675,0.5208025188548897,33.3049544456309,"0.8476423157, 0.346662569, 0.06291910916"
1178,"boxing, choppercommand, krull",42,0.1660134568876635,0.18112763830157513,0.143953017009692,0.5206948190004621,33.14640710580351,"0.1186697056, 0.03790812791, 0.5245161788"
1179,"amidar, crazyclimber, freeway",42,0.16468501816135242,0.18114193015939836,0.14487190936367295,0.5206191769634914,33.357989889437775,"1.018946088, 0.3325712222, -0.03408389688"
1180,"frostbite, roadrunner, seaquest",42,0.16119071620161626,0.18116025545667153,0.14864937873572676,0.5205221785441833,34.227784355971046,"0.03296472034, 0.6553087663, 0.3687372147"
1181,"amidar, qbert, upndown",42,0.16684943712345507,0.18117760059678248,0.1382012952202259,0.520430359197737,31.822024220656136,"0.7994604446, 0.2472619506, 0.3080024085"
1182,"alien, roadrunner, seaquest",42,0.1525075506503232,0.1812071898523797,0.14194351055333332,0.5202737033267057,32.683701144734826,"0.4277448443, 0.4925055506, 0.3032900197"
1183,"frostbite, kangaroo, pong",42,0.1612783113182822,0.18124463426079315,0.12941391682866396,0.520075422857527,29.798655571565284,"0.1784367256, 0.2743839276, 0.5001826566"
1184,"frostbite, jamesbond, mspacman",42,0.17016434333469335,0.181251552227903,0.13776231754885931,0.5200387854606043,31.720945876431543,"-0.07085884969, 0.5559846876, 0.4433679884"
1185,"freeway, kungfumaster, roadrunner",42,0.16655200643570386,0.1812689985829791,0.1554288334122399,0.5199463837496391,35.78881148364784,"-0.01617356504, 0.2419845083, 0.5500192952"
1186,"amidar, boxing, gopher",42,0.16574702161215302,0.18131540995998377,0.1471024599369178,0.519700530329868,33.871593139350075,"1.123037739, 0.157932749, 0.09786245697"
1187,"assault, freeway, krull",42,0.1638436753859015,0.18132247993209083,0.14519672095627997,0.5196630732813123,33.43278052255464,"0.3805175005, -0.01159246363, 0.3468314225"
1188,"asterix, battlezone, mspacman",42,0.1713588367686796,0.18132479420839934,0.1332559730408672,0.5196508118180445,30.683321707631723,"0.2227832709, 0.3682513361, 0.6601327731"
1189,"frostbite, jamesbond, qbert",42,0.16854715970449663,0.18136207118302677,0.1411971579792855,0.5194532899607224,32.51184711362281,"-0.04212870768, 0.6775952875, 0.222588045"
1190,"asterix, kangaroo, upndown",42,0.16474929407297487,0.18149783471818562,0.15028850824846196,0.5187335679306392,34.605207874122115,"0.3220023624, 0.3506513331, 0.3251253252"
1191,"bankheist, battlezone, boxing",42,0.16277150800505166,0.18151257040902427,0.13463061937887016,0.5186554173427378,30.99984572423417,"0.2268566605, 0.4815612, 0.2430258344"
1192,"assault, boxing, gopher",42,0.16999285083092988,0.1815166593773779,0.1399766582440598,0.5186337304157081,32.230816663989415,"0.637043367, 0.1364217886, 0.0005395758435"
1193,"hero, privateeye, roadrunner",42,0.16576806832495133,0.18153186415966852,0.1533184832056868,0.5185530835384695,35.302885390987235,"0.2693195904, 0.04072909151, 0.5785350982"
1194,"bankheist, pong, upndown",42,0.15841205356574617,0.1815326199869434,0.15472725179509178,0.5185490744189675,35.627266346331446,"0.2195003558, 0.4255141093, 0.2773107383"
1195,"battlezone, kangaroo, krull",42,0.15890814247986712,0.18155240270916792,0.14208985796019621,0.5184441353849485,32.71739888047891,"0.1699755621, 0.1762226627, 0.4245151352"
1196,"kungfumaster, mspacman, upndown",42,0.1637625125819284,0.18158471358174247,0.15220120399473916,0.5182727151833124,35.04562234540322,"0.3894710642, 0.3716355024, 0.2392380112"
1197,"freeway, jamesbond, kungfumaster",42,0.1678513607894111,0.18163914354103844,0.14290449537155298,0.5179838767038528,32.90497607643744,"-0.05842990082, 0.5240578979, 0.3400621143"
1198,"amidar, qbert, roadrunner",42,0.1636547973006094,0.1816540123346046,0.14510127508975781,0.5179049587852294,33.41080329961046,"0.308738565, 0.119719207, 0.5423403207"
1199,"hero, qbert, upndown",42,0.16588592564943985,0.18166600718620443,0.13628385879660426,0.5178412899532525,31.380518168076637,"0.5961989746, 0.2764717004, 0.2806055749"
1200,"crazyclimber, qbert, upndown",42,0.17457549107268897,0.18168696978169702,0.14183937029856558,0.5177300101238185,32.65972196491395,"0.3033565972, 0.3250664035, 0.32248294"
1201,"asterix, kangaroo, mspacman",42,0.16626896277850786,0.1817403496910662,0.1391317938816407,0.5174465851745667,32.0362794553386,"0.2335742902, 0.2999586093, 0.6310433723"
1202,"amidar, bankheist, upndown",42,0.1594600965051467,0.18174055640143957,0.14040559056586882,0.5174454874672777,32.32958198099949,"0.9146428004, 0.2200535171, 0.2168816657"
1203,"assault, demonattack, jamesbond",42,0.16850231783958536,0.18176364005112272,0.14827739007000776,0.5173228970344692,34.14213080032631,"0.3759838139, -0.004435664886, 0.4152855384"
1204,"assault, boxing, crazyclimber",42,0.16781015128875937,0.1817815499069822,0.13997751564576366,0.5172277723633891,32.231014088027614,"0.5709417374, 0.1146507695, 0.08849684804"
1205,"boxing, krull, kungfumaster",42,0.16172514063900387,0.18181932599585016,0.14707720947311692,0.5170271013763954,33.86577900519616,"0.1397342376, 0.3159327487, 0.2732645295"
1206,"assault, choppercommand, qbert",42,0.1711285835861716,0.1818422463163417,0.146907067157178,0.5169053256377021,33.82660228915932,"0.6905723855, -0.07451512581, 0.2329810883"
1207,"asterix, freeway, jamesbond",42,0.1681343491001663,0.18185316655219907,0.14528935104742763,0.5168473009894334,33.45410938925857,"0.1838655321, -0.004778880301, 0.6781821345"
1208,"alien, boxing, frostbite",42,0.16540208786517963,0.18192705749439822,0.1376669257516126,0.516454590080911,31.698981103398125,"1.113021594, 0.2021982458, 0.03362353372"
1209,"amidar, krull, privateeye",42,0.16518966007778013,0.1819467531300191,0.1400909973665275,0.5163498860324163,32.25714421988343,"0.5719898489, 0.4277159132, 0.04435302359"
1210,"bankheist, kangaroo, pong",42,0.1615097270059282,0.18200020972918404,0.138291847104184,0.5160656480575743,31.84287456247058,"0.1877304366, 0.2742745335, 0.4551423795"
1211,"demonattack, kungfumaster, pong",42,0.16897669982371089,0.18201041775803825,0.1335048109926818,0.5160113607095175,30.74061876347367,"0.1378485835, 0.5443221712, 0.2178373492"
1212,"assault, battlezone, privateeye",42,0.17192496754456374,0.182168010861426,0.14373511249464035,0.5151728780216909,33.096232736998104,"0.6522060576, 0.1790386546, 0.1814515303"
1213,"battlezone, freeway, roadrunner",42,0.16765611194641944,0.18229868463626517,0.15212604328915083,0.5144770707538358,35.028315953376556,"0.156266582, -0.01025690513, 0.6489792251"
1214,"asterix, crazyclimber, krull",42,0.1619409457341839,0.18230837566177752,0.13924287519889433,0.5144254484377612,32.06185687386044,"0.2049990828, 0.01200537842, 0.5409904607"
1215,"asterix, frostbite, kungfumaster",42,0.1711676356954795,0.1823415536316962,0.1480855809743258,0.5142486946955843,34.09796512388452,"0.2395729466, 0.1371638115, 0.6266961599"
1216,"demonattack, jamesbond, qbert",42,0.16887555592322334,0.18234863467065865,0.14201024196183296,0.514210966699552,32.6990666193794,"0.01910367975, 0.6403713292, 0.2177965862"
1217,"choppercommand, jamesbond, qbert",42,0.16929615881044013,0.18242419793852177,0.14080521380243954,0.5138082720199872,32.42159863173367,"-0.01049535179, 0.6565763713, 0.2232457679"
1218,"demonattack, freeway, mspacman",42,0.17790381040516334,0.18243202412195325,0.13907012557601367,0.5137665548869668,32.022079803213906,"0.1765057785, 0.0003866162181, 1.065980948"
1219,"frostbite, krull, pong",42,0.1660937142996355,0.18245013958328668,0.13616344856513565,0.5136699843363777,31.35279268767428,"0.1814473978, 0.396834953, 0.2262936267"
1220,"assault, jamesbond, seaquest",42,0.16347476069044145,0.1824638129178945,0.1486590432648008,0.5135970876839012,34.230009696028716,"0.2920277248, 0.4428444555, 0.261465546"
1221,"battlezone, gopher, mspacman",42,0.17047210678553648,0.18250054232286944,0.15435209747611883,0.5134012451507911,35.540883872087505,"0.3722571756, 0.1722882439, 0.6211752204"
1222,"frostbite, krull, seaquest",42,0.1521963778744231,0.18250776866278637,0.13920320269264677,0.5133627094009499,32.0527219417117,"0.129686712, 0.5062048821, 0.4867076952"
1223,"freeway, privateeye, roadrunner",42,0.17091396364478723,0.1825120517660429,0.15119545871219725,0.5133398682667139,34.81404093591021,"0.01374574399, 0.09081506199, 0.7245311199"
1224,"choppercommand, jamesbond, mspacman",42,0.17219605831292709,0.1825456812106654,0.1358578746433564,0.5131605089576569,31.282431691964618,"0.01650764039, 0.5252420121, 0.4117213809"
1225,"battlezone, crazyclimber, hero",42,0.1672705247969145,0.18258602659215956,0.153553909831406,0.5129452872616656,35.35709437487472,"0.3044505699, 0.3182964047, 0.3935664781"
1226,"boxing, freeway, krull",42,0.16406317593724642,0.1825870025740286,0.13993066464757897,0.5129400803151296,32.220226247026424,"0.1435880037, 0.04808336014, 0.4835210645"
1227,"krull, pong, seaquest",42,0.16297579964085096,0.18261924552337033,0.1443781701609581,0.5127680457814757,33.244302236637985,"0.5426941996, 0.03721819299, 0.4892075362"
1228,"boxing, hero, kangaroo",42,0.16198221439642538,0.1826259424813382,0.1497110107408183,0.5127323098792929,34.472234158887964,"0.1652984937, 0.6982211315, 0.1760619486"
1229,"amidar, crazyclimber, kungfumaster",42,0.16314257032168564,0.18274025216058407,0.14674208030704292,0.512122135395159,33.78861266299321,"0.8035836925, 0.256971243, 0.1675295667"
1230,"pong, seaquest, upndown",42,0.1697713268928101,0.18281696160755043,0.1493108874407933,0.5117124533934141,34.38010236428825,"0.4299649166, 0.4410961789, 0.3661333367"
1231,"boxing, crazyclimber, hero",42,0.16738343494979913,0.1828221277297132,0.14546854286834718,0.5116848565147016,33.49536983082215,"0.1483038653, 0.1587916962, 0.7171389398"
1232,"assault, freeway, qbert",42,0.17174848478829802,0.18282557493588356,0.1467485247735681,0.511666441469799,33.79009655624853,"0.6082620821, 0.04684439827, 0.2519767699"
1233,"alien, asterix, kangaroo",42,0.16187917568426047,0.182835796029116,0.13895650957789227,0.5116118381425068,31.995918752853903,"0.8381745705, 0.2097739757, 0.2934838262"
1234,"assault, krull, kungfumaster",42,0.16401616725166998,0.18285478737432098,0.14552909551571755,0.5115103740956738,33.50931259313978,"0.3752593926, 0.3448349206, -0.00178775432"
1235,"battlezone, krull, mspacman",42,0.16499341531298,0.1828618730084247,0.14540077511244637,0.5114725153568973,33.479765728369856,"0.2015700926, 0.3675719391, 0.3338166127"
1236,"hero, kangaroo, kungfumaster",42,0.1601051701230238,0.18286519727568254,0.15280281594690162,0.5114547531995222,35.184148616684844,"0.123296632, 0.2760168273, 0.5165885394"
1237,"freeway, krull, seaquest",42,0.16240324250884536,0.18286646907611903,0.1467038624053231,0.5114479576558317,33.779812665914655,"0.02505373874, 0.5496269598, 0.510310658"
1238,"jamesbond, privateeye, qbert",42,0.16877201769946332,0.18287505176846278,0.14107747921310704,0.5114020969762414,32.48429005932776,"0.6548058577, 0.05026434971, 0.210252494"
1239,"breakout, crazyclimber, kungfumaster",42,0.16582978958019387,0.18304356071469563,0.1409197638279316,0.5105012518405784,32.44797474984368,"0.2134178327, -0.0424320292, 0.6907952007"
1240,"battlezone, crazyclimber, upndown",42,0.16708477491046508,0.18308281436971044,0.14948941479835393,0.5102912835117219,34.42120980750932,"0.3806721549, 0.3483076687, 0.188064694"
1241,"alien, choppercommand, crazyclimber",42,0.1686256121932923,0.1832162155286717,0.15146494702541127,0.5095773824206191,34.87609291318448,"0.9780836527, 0.03893461412, 0.2902604259"
1242,"mspacman, roadrunner, seaquest",42,0.15324090749799757,0.18321897824418484,0.14527711646360913,0.5095625921534486,33.451292272226624,"0.3119883736, 0.5034761503, 0.3267514423"
1243,"assault, battlezone, jamesbond",42,0.1678080262855121,0.18322121362431038,0.14968218611860734,0.5095506248263444,34.46559704434655,"0.3771359817, 0.06554536495, 0.365803146"
1244,"freeway, jamesbond, mspacman",42,0.1703995278459806,0.18324548548783862,0.13676423878231314,0.5094206736208755,31.49112974748323,"-0.04155607713, 0.5672414949, 0.4088362213"
1245,"frostbite, jamesbond, kungfumaster",42,0.17170636159048785,0.18324817024134066,0.14100343962285072,0.509406298432211,32.467241813646204,"0.002439163498, 0.4933794885, 0.3207254087"
1246,"hero, jamesbond, kungfumaster",42,0.16942978552196444,0.1832890579372915,0.14249551946333822,0.5091873441696626,32.81080589347255,"0.2000449454, 0.4478342874, 0.2325534298"
1247,"battlezone, mspacman, qbert",42,0.1719626167904057,0.18336642410894258,0.1455687687407602,0.5087729134268177,33.518447690797196,"0.3639834037, 0.6193828047, 0.2711822921"
1248,"frostbite, jamesbond, kangaroo",42,0.16539597787136523,0.18341158746847838,0.13588240599759543,0.5085309040427641,31.288080245022794,"-0.07500718651, 0.6383209924, 0.2136303156"
1249,"crazyclimber, demonattack, frostbite",42,0.1716659936645347,0.18345104645664292,0.14962922225949643,0.5083194129413553,34.45340166510093,"0.5037110727, 0.1525425459, 0.2492544926"
1250,"amidar, krull, mspacman",42,0.16541601452904664,0.18347749637820499,0.14239764314137737,0.508177621976028,32.78826903748213,"0.5161241365, 0.4137074353, 0.0773617155"
1251,"privateeye, roadrunner, seaquest",42,0.16057424887605604,0.1834898231675328,0.1497541102115453,0.5081115343672974,34.482158178769154,"0.06786290757, 0.671065707, 0.3527465259"
1252,"boxing, breakout, kungfumaster",42,0.15724024375117482,0.18349561282221175,0.14170624750593994,0.5080804927625179,32.629069309130195,"0.1005084866, 0.137411421, 0.5986825231"
1253,"freeway, hero, roadrunner",42,0.16615001589765785,0.18355311952840003,0.1546422166619914,0.5077721136911342,35.60768628334568,"-0.001744962298, 0.2900178192, 0.5710616699"
1254,"boxing, frostbite, hero",42,0.16937687955436578,0.18357027084949845,0.14809307486362253,0.5076801212152442,34.09969065566284,"0.2166805296, 0.1163056413, 0.7407631565"
1255,"boxing, hero, qbert",42,0.16501932079901288,0.18360458722604017,0.15112413224612192,0.507496036794699,34.797617410158104,"0.1750436546, 0.7596799728, 0.1813802409"
1256,"assault, freeway, frostbite",42,0.174088557472952,0.1836186322371903,0.14671456031962465,0.5074206847751326,33.78227595171434,"0.7049396082, -0.0154653753, 0.1673464434"
1257,"jamesbond, kangaroo, privateeye",42,0.16650753746760522,0.18364106557479615,0.13541031939384296,0.5073003171091465,31.17937828738253,"0.6053205439, 0.1919707685, 0.07585181063"
1258,"crazyclimber, frostbite, kangaroo",42,0.16643910437239867,0.18364270727855594,0.1355067304454064,0.5072915078536038,31.201577752395515,"0.4226285838, 0.1559529493, 0.2915202193"
1259,"assault, crazyclimber, privateeye",42,0.17275608103556747,0.1836613663404291,0.14601754031109207,0.5071913792350549,33.62178116359777,"0.6295196629, 0.1429015283, 0.1732634559"
1260,"assault, battlezone, breakout",42,0.1712641324942488,0.18368395477981478,0.14506867028173112,0.5070701511027896,33.40329576511824,"0.4702513392, 0.2972635867, 0.1177533284"
1261,"demonattack, frostbite, mspacman",42,0.17733913342242263,0.18374112981103724,0.14322598412954818,0.5067632362629093,32.97900159860993,"0.1793042518, -0.03601834704, 1.098663441"
1262,"freeway, frostbite, roadrunner",42,0.17263070663383417,0.1837761207699036,0.151126227194014,0.5065753581249919,34.798099789736796,"0.003487205885, 0.0195470168, 0.7290814083"
1263,"amidar, frostbite, krull",42,0.16493489544520243,0.18381239129474453,0.13865249187000542,0.5063805718085599,31.925916088635255,"0.4880857074, 0.04329609433, 0.4418099592"
1264,"amidar, jamesbond, qbert",42,0.1677914196462786,0.183906475849068,0.14062057715821613,0.5058751232992167,32.37908447327275,"0.2148806141, 0.5639981887, 0.2044869156"
1265,"assault, kungfumaster, privateeye",42,0.16974205590809793,0.18391641569396977,0.15175267568730036,0.5058217085693244,34.94234488595377,"0.5271722449, 0.2767936037, 0.1692303385"
1266,"breakout, crazyclimber, kangaroo",42,0.16771588618155078,0.18399823671787593,0.14350431021736157,0.5053819091326746,33.043088548688985,"0.1202536261, 0.3384253778, 0.3615796614"
1267,"alien, hero, kangaroo",42,0.16241325719190577,0.18401457488388173,0.14486639899315634,0.5052940657771499,33.35672107973694,"0.7108481526, 0.4286703082, 0.1950906352"
1268,"alien, crazyclimber, privateeye",42,0.16849743432942654,0.18402075759377773,0.15066743538588462,0.5052608219467583,34.692459071918144,"1.007732914, 0.2994362209, -0.06769251066"
1269,"battlezone, jamesbond, kungfumaster",42,0.17122792920891328,0.18402970931568816,0.14261296108612911,0.5052126874284885,32.837847826466074,"0.05405509157, 0.4565940411, 0.3220603192"
1270,"boxing, breakout, krull",42,0.15717445724154594,0.1840335437857962,0.13800335928775115,0.505192068291148,31.776447787907713,"0.07115362064, 0.1120954022, 0.4928846913"
1271,"amidar, kungfumaster, pong",42,0.15914908549631027,0.1840669312305244,0.1469446188767336,0.5050125154694431,33.83524889212582,"0.810515584, 0.1513523117, 0.31602606"
1272,"crazyclimber, mspacman, upndown",42,0.171649344632773,0.1840841323458427,0.14097976278049426,0.5049199976599769,32.46179001922028,"0.2057452486, 0.6002008498, 0.2380835364"
1273,"freeway, jamesbond, qbert",42,0.16934266780819365,0.18410604677537304,0.14157271150965117,0.5048021163252632,32.59832150968693,"0.004478795517, 0.6478987804, 0.2241207066"
1274,"bankheist, kungfumaster, mspacman",42,0.15182313031820605,0.18426409656647302,0.14898162150739863,0.5039515248539836,34.30428608130172,"0.2557854557, 0.4951205034, 0.2354163265"
1275,"amidar, crazyclimber, mspacman",42,0.16590590983350884,0.18438153102174146,0.15015829998936892,0.5033190441223199,34.57522631448488,"0.9172513762, 0.3249930398, 0.0456280945"
1276,"battlezone, frostbite, roadrunner",42,0.16704289685879964,0.18438631556109827,0.15391641051835328,0.5032932669156698,35.44056324267122,"0.1858636527, -0.04463409875, 0.6474041479"
1277,"choppercommand, demonattack, mspacman",42,0.1778816276850867,0.18439035531939155,0.14178230052337568,0.5032715017741578,32.64658116355267,"-0.006341482186, 0.1778346592, 1.06942015"
1278,"breakout, crazyclimber, frostbite",42,0.16904394263678182,0.18441007745661386,0.15300521493231684,0.5031652373060421,35.23075270535026,"0.2260909854, 0.3420488736, 0.3539930643"
1279,"hero, kangaroo, seaquest",42,0.14965871942923498,0.18442185237501635,0.1427764993613857,0.5031017876763526,32.87550390594006,"0.7154959822, 0.2253798533, 0.6733783278"
1280,"amidar, jamesbond, mspacman",42,0.1723187198640522,0.18450519225910525,0.13566164730954178,0.5026525914909663,31.237248678596664,"0.04124240272, 0.5222824933, 0.3972080911"
1281,"jamesbond, mspacman, privateeye",42,0.17194484952900213,0.1845071248970298,0.1380200908894688,0.5026421722991192,31.78030038157741,"0.5424892009, 0.3885070895, 0.04337700913"
1282,"assault, choppercommand, frostbite",42,0.1723589346652433,0.1845155920468451,0.14876711527204228,0.502596523114908,34.254894195313135,"0.7213182346, -0.06035240592, 0.1648023776"
1283,"assault, boxing, pong",42,0.16795449831954795,0.1845340187472151,0.14112753915306914,0.5024971714841031,32.49581678647905,"0.574622397, 0.1135690985, 0.1014448501"
1284,"assault, asterix, privateeye",42,0.17491707148983668,0.18457470038141835,0.15336256869906797,0.5022777923240767,35.31303645097491,"0.7148800783, 0.09924948501, 0.2145931286"
1285,"boxing, hero, pong",42,0.16788541505576177,0.18471859776617555,0.15004759566224482,0.5015014254408547,34.54973570114829,"0.1468973144, 0.7242104993, 0.1836550978"
1286,"choppercommand, hero, jamesbond",42,0.1731961775715121,0.18475828614511974,0.14370916037943815,0.5012871890183692,33.09025704163847,"0.0495556551, 0.4008724733, 0.5068312228"
1287,"amidar, crazyclimber, seaquest",42,0.15702704841058324,0.1847607646145411,0.15117535100600327,0.5012738088039452,34.80941096545655,"0.9425151246, 0.276084976, 0.3349371202"
1288,"amidar, kungfumaster, qbert",42,0.16466447170326584,0.18479259288241712,0.15217793671706265,0.5011019654139821,35.04026485672996,"0.4891733582, 0.4759271191, 0.2268309501"
1289,"alien, kungfumaster, seaquest",42,0.15118643454009828,0.18485948853301626,0.14532916598263182,0.5007406939055807,33.46327711688654,"0.664944988, 0.4399737218, 0.3617820301"
1290,"hero, pong, qbert",42,0.1690192474158953,0.18488103485249696,0.15665887143120907,0.5006243046685274,36.07203820427728,"0.5987656452, 0.3137352851, 0.2284853946"
1291,"assault, crazyclimber, krull",42,0.1631397713568955,0.18490316457833111,0.14771934966881353,0.5005047498572516,34.013637249418494,"0.3585624679, 0.05683176907, 0.3089750675"
1292,"amidar, breakout, seaquest",42,0.15967714633814648,0.18492842849112187,0.13884249831680157,0.5003682452542181,31.969666689831815,"1.175399505, 0.2244937455, 0.110149112"
1293,"battlezone, pong, seaquest",42,0.16513487436813404,0.1849324475238303,0.1430756084074219,0.5003465281153106,32.94437630899832,"0.4648984489, 0.4212109128, 0.491061133"
1294,"assault, demonattack, frostbite",42,0.17422887388932898,0.18493782126719407,0.14697872278173293,0.5003174899602978,33.84310160645226,"0.7032891625, -0.01094433602, 0.1637782443"
1295,"amidar, krull, kungfumaster",42,0.16533792671654463,0.18494544395666915,0.14316657322514487,0.5002762977035555,32.965321732325904,"0.5536296751, 0.3848501654, 0.07183881863"
1296,"assault, gopher, qbert",42,0.1707365907033952,0.18497177609362578,0.1446046940507597,0.5001339883884601,33.2964612898244,"0.6149420347, 0.06777182368, 0.2023756871"
1297,"kungfumaster, pong, qbert",42,0.17046757105486746,0.18497856608979374,0.1478972086336104,0.5000972892695935,34.05459078951815,"0.5148192951, 0.1816373356, 0.2830293051"
1298,"boxing, krull, privateeye",42,0.166857627934579,0.1850057163897196,0.1462913989288076,0.49995053167629955,33.684839440671745,"0.1299918847, 0.5281454943, -0.005795895265"
1299,"battlezone, gopher, krull",42,0.17063147903955897,0.18501372275728264,0.15171322036798895,0.49990725013288195,34.93325996294519,"0.2686419837, 0.06864589338, 0.4465993924"
1300,"battlezone, hero, pong",42,0.16867995733175906,0.18503493189506895,0.15108284485921086,0.4997925868114539,34.7881106379951,"0.2883103294, 0.4225654634, 0.3664173663"
1301,"choppercommand, krull, seaquest",42,0.16313280664158314,0.1850898931249791,0.1483514802700742,0.49949538781927927,34.159190699347306,"0.01330761926, 0.5655602247, 0.483597155"
1302,"hero, mspacman, pong",42,0.1679836989447174,0.18509406488689625,0.1436280415987548,0.4994728257055312,33.07157875212215,"0.4184494948, 0.4618159282, 0.2759687047"
1303,"battlezone, gopher, qbert",42,0.17960800253537848,0.1850951653749576,0.14937634064599203,0.4994668738581016,34.39517352174618,"0.5778980317, 0.2125879468, 0.3411156842"
1304,"alien, kangaroo, mspacman",42,0.17084447852423726,0.18517076594797907,0.13878848595274168,0.49905791321439763,31.957229883399645,"0.7017214844, 0.2241780896, 0.4103642418"
1305,"amidar, freeway, krull",42,0.16367888932489788,0.18521704540559883,0.14112487336206186,0.49880748248312945,32.49520296541561,"0.6414500627, -0.04205732138, 0.43230427"
1306,"demonattack, frostbite, pong",42,0.17445606302960676,0.18522320687122287,0.1448746218010466,0.49877413639637724,33.35861445122401,"0.1261264331, 0.2828277463, 0.5933116031"
1307,"alien, kangaroo, upndown",42,0.16664189884663685,0.18522546390715133,0.1442784293314497,0.4987619209543258,33.22133606191909,"0.8573292359, 0.2239472978, 0.198448328"
1308,"boxing, gopher, kungfumaster",42,0.16921654600061195,0.1852284486705302,0.15177758135499084,0.4987457667054993,34.94807962786929,"0.214045141, -0.07614496034, 0.6781613402"
1309,"asterix, demonattack, mspacman",42,0.17738512024354935,0.18526085300842549,0.14240809220349152,0.4985703699730515,32.790675022948115,"0.03884097023, 0.1653969023, 1.043315265"
1310,"hero, mspacman, upndown",42,0.16954679610755322,0.18526875067593318,0.1455810040125684,0.4985276171859173,33.52126496624464,"0.4367771727, 0.5061494809, 0.2289751879"
1311,"asterix, choppercommand, hero",42,0.1725614517840443,0.18530029218617977,0.15909133059481192,0.4983568539820751,36.632132625220144,"0.2874090362, 0.05644025407, 0.9350699296"
1312,"assault, breakout, privateeye",42,0.1755515747127624,0.18531033147266485,0.15404450811276826,0.4983024959924368,35.47005880380605,"0.7000943296, 0.07203622909, 0.2362057902"
1313,"breakout, pong, upndown",42,0.1734799530207295,0.18531239860099283,0.14668520558230136,0.49829130310428416,33.77551677365741,"0.1343812826, 0.3540268555, 0.3913499841"
1314,"assault, asterix, pong",42,0.17469837137143412,0.1853874050006824,0.14481361183095756,0.4978850811882024,33.3445663864589,"0.5439975136, 0.1015751069, 0.2155930836"
1315,"bankheist, demonattack, pong",42,0.16855413335035585,0.1854225745171549,0.13200354243428808,0.4976945524524432,30.39493890315986,"0.3070327034, 0.1372115651, 0.5040462381"
1316,"battlezone, qbert, upndown",42,0.17156477858274122,0.18544395364234653,0.13968682103665736,0.49757871466767034,32.164079180673426,"0.3980450295, 0.4003078883, 0.3146345464"
1317,"amidar, asterix, gopher",42,0.17093604068701895,0.185490783769169,0.1545687943817124,0.4973249299217555,35.59078017853927,"1.125010151, 0.1713094492, 0.1866817164"
1318,"assault, choppercommand, privateeye",42,0.17609759936280991,0.18552684934521932,0.15195480687735882,0.4971294374227091,34.988887312459546,"0.8057975315, -0.07546298138, 0.2319011316"
1319,"battlezone, jamesbond, mspacman",42,0.17120855308150512,0.18559181665307603,0.13871820078466338,0.49677718795650294,31.94104612537208,"0.08451697555, 0.4643547442, 0.4287093067"
1320,"battlezone, jamesbond, kangaroo",42,0.16785925751145364,0.18560742473652217,0.13881878288271426,0.4966925433417222,31.96420600933148,"0.02042526654, 0.5920828206, 0.1990352511"
1321,"alien, hero, upndown",42,0.16568249980745203,0.18562738851967261,0.15273938310953405,0.4965842668402828,35.16954266611196,"0.6755217099, 0.4675597438, 0.1872307398"
1322,"demonattack, frostbite, kungfumaster",42,0.17359447293464197,0.1856988159583774,0.14346341858247194,0.49619677429643916,33.033672901796486,"0.1341098503, 0.1035165718, 0.6891796597"
1323,"alien, kungfumaster, mspacman",42,0.16267456283616308,0.18570277906122593,0.14509345131984075,0.49617527017112606,33.40900181001225,"0.7614841184, 0.4362205824, 0.04658429974"
1324,"assault, asterix, qbert",42,0.1740843518346439,0.18572112958917222,0.1492305131099108,0.4960756926997095,34.36159549067331,"0.6660217334, -0.01865057086, 0.2361766128"
1325,"choppercommand, krull, mspacman",42,0.1715115353217454,0.18575808282930656,0.14902924417229663,0.4958751394447596,34.315251605129994,"0.07533290455, 0.4507954624, 0.34116882"
1326,"demonattack, hero, privateeye",42,0.1730434581432775,0.1857761214944791,0.15631199474278135,0.495777225200972,35.9921668950892,"0.2132300173, 0.9458098912, 0.2198569887"
1327,"amidar, hero, krull",42,0.16559032912092606,0.18582322795764836,0.14521011551553456,0.4955214855209179,33.435864733801324,"0.5498050103, 0.04197763992, 0.4176703018"
1328,"crazyclimber, hero, upndown",42,0.16848286064316362,0.18584623629196198,0.14918290588687505,0.4953965503442358,34.350633522465216,"0.2353574239, 0.565401966, 0.2113660086"
1329,"crazyclimber, frostbite, krull",42,0.16629255539690674,0.18584936325901233,0.14449530784601325,0.4953795697298701,33.271274185381564,"0.177326756, 0.1670303085, 0.4165783645"
1330,"amidar, boxing, kangaroo",42,0.16760504611992147,0.18586634310845163,0.14759808566013863,0.4952873577341086,33.985715179549345,"1.016005779, 0.196426799, 0.1033402374"
1331,"assault, battlezone, frostbite",42,0.17360317787360457,0.1860900877333966,0.14840196935542632,0.49407148713402205,34.17081624087638,"0.6606760062, 0.07599527541, 0.1325783922"
1332,"amidar, boxing, qbert",42,0.16616636692082545,0.18620479414035226,0.1492063486695694,0.4934475836417527,34.35603142266224,"1.049674786, 0.1962473115, 0.130909472"
1333,"choppercommand, frostbite, krull",42,0.17005619803336666,0.1862620578355073,0.1429697310096512,0.4931359748717863,32.91999713721914,"0.08089870681, 0.1272511297, 0.556951688"
1334,"battlezone, hero, krull",42,0.1718977228614718,0.18628016330829164,0.14919275609018318,0.4930374313579702,34.352901615595236,"0.19605129, 0.1470792519, 0.460856768"
1335,"battlezone, breakout, pong",42,0.17219944081619576,0.18630771125164725,0.14524298422613788,0.4928874764885196,33.443433034107436,"0.4916375904, 0.1393872129, 0.3550854607"
1336,"amidar, seaquest, upndown",42,0.15782009829596416,0.1863368016159161,0.1398843966754429,0.49272910151153504,32.20957265273406,"0.9313171475, 0.5583123185, 0.2765739689"
1337,"frostbite, gopher, krull",42,0.16770370727862663,0.18639823588349563,0.146961783844061,0.49239455725493897,33.839201271914796,"0.2182819494, 0.1301013415, 0.4468727117"
1338,"asterix, frostbite, hero",42,0.1732568481925182,0.18642103138882152,0.15229966742452872,0.49227039481250134,35.068294387967065,"0.311538522, 0.04942490891, 0.9052234646"
1339,"assault, demonattack, qbert",42,0.17398322659573148,0.18646386803830678,0.14823880461044542,0.49203703129327414,34.13324616992686,"0.672113505, -0.01289240779, 0.2243204387"
1340,"amidar, jamesbond, kangaroo",42,0.16751843226957647,0.18650644462594282,0.13857534375595346,0.4918050313971052,31.90815207889839,"0.1147785131, 0.5631055392, 0.1878766129"
1341,"freeway, kangaroo, kungfumaster",42,0.1603459892966915,0.18651088125004417,0.15638129295349246,0.4917808531777679,36.008123397784644,"-0.02284497458, 0.2936352993, 0.6062989205"
1342,"amidar, asterix, battlezone",42,0.17607322342371148,0.18651999533004943,0.14297918333471085,0.4917311824764531,32.92217361549679,"0.8607074064, 0.2625971713, 0.3370777219"
1343,"assault, battlezone, kungfumaster",42,0.1698173006394798,0.18652256726933109,0.14868881900881692,0.49171716526025155,34.23686581445915,"0.4188003621, 0.1713430446, 0.2822512265"
1344,"assault, kungfumaster, seaquest",42,0.16933964708832186,0.18654306296890463,0.1529688553792399,0.49160545561790525,35.22238060885998,"0.3653711634, 0.4001187253, 0.326288778"
1345,"crazyclimber, demonattack, upndown",42,0.17462712098043234,0.18655393061201977,0.15465769992670278,0.491546217699094,35.61125143679721,"0.4003850443, 0.1559578601, 0.2870240231"
1346,"asterix, gopher, hero",42,0.17238997176128718,0.18655465918069714,0.15825170245553025,0.49154224625532095,36.43880110150331,"0.2934313775, 0.05324725042, 0.8950904429"
1347,"frostbite, hero, jamesbond",42,0.17332109874218915,0.18659575779371157,0.14737147238128348,0.49131819170341196,33.933535543772706,"-0.05385739913, 0.3856413947, 0.5704833433"
1348,"choppercommand, jamesbond, kangaroo",42,0.16761951008666356,0.1866342221819893,0.14203611401706356,0.4911084532669886,32.705023880249314,"0.02231955285, 0.5948866653, 0.2006113904"
1349,"asterix, hero, privateeye",42,0.17418375765601427,0.18669670091518967,0.15712214863477048,0.4907676773822117,36.178711722561715,"0.3105695201, 0.9578400953, -0.03287438587"
1350,"amidar, choppercommand, kungfumaster",42,0.1742619700250241,0.18676510030192597,0.15729261050841908,0.49039447786783075,36.21796201948043,"0.663663236, 0.1051213796, 0.4803540481"
1351,"amidar, hero, jamesbond",42,0.1734534757929854,0.18677792794709036,0.1464390552623414,0.49032447267634816,33.71883856791985,"0.1930158455, 0.3283924029, 0.4854029283"
1352,"choppercommand, kungfumaster, upndown",42,0.1701230920607507,0.18680570264342952,0.16326933372298988,0.4901728794373149,37.59415339736265,"0.07769055799, 0.5843880556, 0.2569617018"
1353,"alien, amidar, upndown",42,0.17000764568612514,0.1868629980860822,0.14764884492405,0.48986009187490065,33.997402931990706,"0.6062293793, 0.6314766812, 0.2286315452"
1354,"alien, crazyclimber, frostbite",42,0.16816246796048068,0.1868833728700325,0.151917260029016,0.4897488386339891,34.980241831131245,"0.8753302356, 0.3186898219, 0.06248367885"
1355,"krull, privateeye, seaquest",42,0.16314622013182153,0.18693838514903527,0.1478738824252292,0.48944839231529846,34.04921973154869,"0.5665394118, 0.01825961096, 0.4985495115"
1356,"battlezone, mspacman, upndown",42,0.17251511747620962,0.18694473505531395,0.14198092858008102,0.4894137069838951,32.692316963794674,"0.2444212176, 0.6793271586, 0.2316989153"
1357,"battlezone, krull, kungfumaster",42,0.17221009050664254,0.18695414072229322,0.14895982220974852,0.4893623278910795,34.29926660752103,"0.2140738368, 0.4416183487, 0.1157219712"
1358,"assault, breakout, qbert",42,0.17415752640072665,0.1869566357343662,0.15005967569893333,0.4893486982848737,34.55251723238847,"0.6577440577, 0.006254143286, 0.2209382113"
1359,"amidar, kungfumaster, seaquest",42,0.15733670751249687,0.18698321061814224,0.15333798923623612,0.4892035152757047,35.30737682050387,"0.652138463, 0.4253582288, 0.5144046891"
1360,"asterix, battlezone, kangaroo",42,0.16784882162021672,0.18698945155678104,0.1490653250512418,0.4891694169980255,34.32355953453012,"0.3429486274, 0.4089056678, 0.341472735"
1361,"assault, demonattack, kungfumaster",42,0.17180170294474323,0.18706607332846706,0.14515900322824232,0.4887506900245763,33.424095694722524,"0.3166398237, 0.07507478169, 0.4611897779"
1362,"amidar, boxing, choppercommand",42,0.17129960816791942,0.18707237493154016,0.14908164183115064,0.4887162450348538,34.3273166119485,"1.161872208, 0.2136729631, 0.009177602156"
1363,"hero, jamesbond, privateeye",42,0.17404552741965265,0.1870798912710789,0.14593039224301985,0.488675158695863,33.60171457935514,"0.3449034315, 0.5591115159, 0.05039151979"
1364,"assault, qbert, seaquest",42,0.17417990276176248,0.18715369865275083,0.1503461582622086,0.48827161995067736,34.61848228034851,"0.6630317545, 0.2249404292, -0.007140566009"
1365,"frostbite, kangaroo, krull",42,0.16257709211810853,0.18716781268433644,0.14531372299652717,0.48819443394887874,33.45972123792695,"0.08161801601, 0.169881014, 0.4853199052"
1366,"amidar, gopher, kungfumaster",42,0.16835871248367495,0.18717772403814087,0.15726602915127608,0.4881402278299751,36.211841435809525,"0.7984069037, 0.1357896733, 0.3303962814"
1367,"asterix, kungfumaster, mspacman",42,0.1716639423393255,0.18718565653558816,0.14829135797222776,0.4880968421932037,34.14534702866953,"0.1971031971, 0.4868952437, 0.3834364634"
1368,"battlezone, boxing, breakout",42,0.1741010611627505,0.18721128683789773,0.1434441875206525,0.4879566484286675,33.02924478616969,"0.5908298494, 0.196277294, 0.1569580383"
1369,"crazyclimber, hero, seaquest",42,0.16430711526818428,0.1872192559800489,0.14543828860306693,0.4879130545495295,33.48840352879876,"0.1764607461, 0.7787321292, 0.5603433945"
1370,"mspacman, pong, qbert",42,0.1716154122537974,0.18725502537520752,0.13987915037717058,0.4877173611097353,32.208364647914536,"0.6268539773, 0.3293113459, 0.2020390885"
1371,"asterix, kungfumaster, qbert",42,0.1728519789094488,0.18727677924968572,0.15647382975997193,0.48759832794069746,36.029430784899944,"0.1256457591, 0.6581083023, 0.207234633"
1372,"boxing, freeway, hero",42,0.1679316126095341,0.18727697495085316,0.1467118087353934,0.48759725703742574,33.781642376031044,"0.2146002759, 0.07773813944, 0.7577394689"
1373,"crazyclimber, hero, qbert",42,0.17074091994311122,0.1873088823440331,0.15337915211330064,0.4874226404988846,35.31685492321522,"0.2634766045, 0.6081275887, 0.223188116"
1374,"battlezone, boxing, pong",42,0.16280162441871052,0.1873411785971533,0.14395107310558825,0.48724586558989236,33.145959505342354,"0.4858220291, 0.159598722, 0.308996277"
1375,"alien, gopher, mspacman",42,0.17192153483713488,0.18741906726663848,0.15021398514206225,0.4868194132762439,34.58804829473416,"0.8989945344, 0.1620264531, 0.3464992712"
1376,"battlezone, kungfumaster, upndown",42,0.16730999048964632,0.18744918674917582,0.15518243622095834,0.48665445699996546,35.73207643368779,"0.1700678616, 0.506702541, 0.2423502203"
1377,"amidar, boxing, privateeye",42,0.17133484881890187,0.1874704956124614,0.1508847575895067,0.4865377380967233,34.74249935856183,"1.164243732, 0.21567034, 0.007338362754"
1378,"alien, choppercommand, hero",42,0.1735571949258686,0.1875025276400511,0.15011312153527728,0.4863622582975238,34.564823590993285,"0.7929893872, 0.0993250328, 0.5682061666"
1379,"battlezone, hero, jamesbond",42,0.17460041954698896,0.18754013951798126,0.14739008568893844,0.4861561723539376,33.937821416246464,"-0.0003372167992, 0.371832189, 0.547073831"
1380,"battlezone, breakout, kangaroo",42,0.16647764871510048,0.18766265940261975,0.1576247998080236,0.4854845651850611,36.294451432412586,"0.4259493622, 0.2453038221, 0.2835822794"
1381,"breakout, frostbite, pong",42,0.17318791347350324,0.18766668408662562,0.14776182204290617,0.4854624959651851,34.023416874963466,"0.1999907097, 0.3678261998, 0.4222107216"
1382,"amidar, bankheist, qbert",42,0.1738271800236746,0.18770283918406924,0.14529353139720344,0.48526421947630105,33.455071950366296,"1.043414994, 0.2693402999, 0.1572175449"
1383,"hero, kangaroo, krull",42,0.16323712221788933,0.18775038572299016,0.14895036485204155,0.48500341357010357,34.29708897043351,"0.212634461, 0.1920232839, 0.3982766469"
1384,"battlezone, crazyclimber, pong",42,0.17420972120897427,0.18785985490513255,0.14632727573856172,0.4844026937346545,33.69310038140414,"0.4596068756, 0.2527631224, 0.2394615657"
1385,"demonattack, hero, seaquest",42,0.16215167431265695,0.18798525129647822,0.1624350689241374,0.4837141419426644,37.402056828417905,"0.1049412543, 0.9483938831, 0.5217998592"
1386,"hero, kungfumaster, upndown",42,0.1694280968276579,0.18800845893981682,0.15594260788227832,0.48358665834940673,35.90711242723498,"0.2744655657, 0.4346561837, 0.2515249249"
1387,"asterix, kungfumaster, pong",42,0.17622885768500465,0.1880617293113448,0.1448874603148578,0.4832939754775182,33.36157062827579,"0.2167050546, 0.5716340642, 0.1661914739"
1388,"battlezone, crazyclimber, kungfumaster",42,0.17329155029009072,0.1881956552488607,0.15054923591974062,0.4825577812597003,34.665242639043846,"0.3588066344, 0.2839597584, 0.2743418975"
1389,"battlezone, kungfumaster, pong",42,0.1732376534949622,0.1882199756755191,0.14248734215275896,0.48242403504060805,32.80892299812849,"0.3351959881, 0.313044087, 0.3132446263"
1390,"battlezone, frostbite, krull",42,0.17099140677435365,0.18824597878575308,0.14548416552550933,0.4822810160598292,33.4989670805716,"0.1497416625, 0.07610175072, 0.5265307643"
1391,"assault, demonattack, privateeye",42,0.17646022617763746,0.18826270946741783,0.15478567128274182,0.4821889856591406,35.64071793047178,"0.7236974997, 0.055357174, 0.2806158908"
1392,"jamesbond, kangaroo, seaquest",42,0.1525430835769465,0.1882905051274982,0.14681413340148508,0.48203607208973365,33.80520350110987,"0.5183711075, 0.206344627, 0.4153735468"
1393,"asterix, jamesbond, seaquest",42,0.16678806104261518,0.1883030208362846,0.14874740172663364,0.4819672114625668,34.25035498373434,"0.1427534751, 0.6653682983, 0.1665024691"
1394,"amidar, jamesbond, privateeye",42,0.17855961874008253,0.18840466618629256,0.13562807645073388,0.4814077957342503,31.229518702691657,"0.3504508777, 0.6092866086, 0.1049476413"
1395,"assault, asterix, crazyclimber",42,0.17704820101358057,0.18843841878061474,0.1477469690485801,0.4812219680629445,34.019996846631315,"0.5734969647, 0.0784837141, 0.1676100349"
1396,"battlezone, krull, privateeye",42,0.1729212863235378,0.18845178864861784,0.1506009444010507,0.4811483499556376,34.67714895686844,"0.2230525036, 0.5203622338, 0.02590393761"
1397,"battlezone, kangaroo, mspacman",42,0.17513541876654795,0.1884644723076362,0.1444731994444483,0.48107850547264364,33.266183537794234,"0.2626765239, 0.2153178039, 0.6801403424"
1398,"gopher, kangaroo, krull",42,0.16611827184077912,0.1884726627644468,0.14736473855393253,0.48103340098805236,33.931985022724994,"0.01065022783, 0.2054225175, 0.4918406266"
1399,"alien, asterix, upndown",42,0.17394114809445216,0.18847981796483587,0.1512160523530687,0.4809939960107682,34.81878279695832,"0.901836991, 0.1901254535, 0.2722096489"
1400,"boxing, freeway, mspacman",42,0.17317142641032326,0.18847983242017577,0.14983179641704797,0.4809939164010937,34.50004608864133,"0.2095779541, 0.07435983491, 0.802955778"
1401,"battlezone, kungfumaster, seaquest",42,0.16504503936289613,0.18850985070531687,0.15153635881874733,0.480828583982686,34.892536086264435,"0.2791577579, 0.5339142156, 0.5704868129"
1402,"alien, asterix, crazyclimber",42,0.16687844179453523,0.188527042277043,0.15726788608731831,0.48073388569941045,36.21226901113448,"0.9469105206, 0.07835279314, 0.2771235969"
1403,"kangaroo, krull, privateeye",42,0.1661357797205534,0.18854240478803647,0.14853647984946045,0.4806492553321846,34.201788426717805,"0.2037341582, 0.4996559704, 0.01496278244"
1404,"asterix, hero, qbert",42,0.17440977993993545,0.1885612649240863,0.1566955720318833,0.48054534750712563,36.08048882987892,"0.3061709563, 0.9467993533, 0.01103395233"
1405,"demonattack, kungfumaster, seaquest",42,0.1719550891755295,0.18864232091401226,0.1467459910226901,0.4800986602108608,33.78951313854842,"0.1031518928, 0.7093696159, 0.3417055024"
1406,"amidar, boxing, frostbite",42,0.1705496282042199,0.18865711471333504,0.15092913579751588,0.48001711310481077,34.7527178185834,"1.091082693, 0.2219822494, 0.04566183154"
1407,"boxing, gopher, hero",42,0.1737838148678988,0.18879716202009866,0.15186521691056432,0.47924482065964824,34.96825846025726,"0.2354528775, -0.06411980281, 0.9058839052"
1408,"alien, crazyclimber, mspacman",42,0.16635820847966168,0.1888388376514512,0.15161571743014926,0.4790148892770323,34.91080908182592,"0.795236998, 0.2567687049, 0.2302704566"
1409,"amidar, boxing, seaquest",42,0.1581229426992522,0.18886365880561864,0.1524147120615728,0.4788779227316531,35.09478439459573,"1.092219247, 0.1769267946, 0.3968786563"
1410,"asterix, hero, seaquest",42,0.16505820211067995,0.18889933687905613,0.1564816604342259,0.47868101467618696,36.03123386428047,"0.1877838744, 0.9315938462, 0.4315080325"
1411,"demonattack, jamesbond, kangaroo",42,0.16459356723210272,0.18894888766644524,0.14339136247491596,0.4784074811144814,33.01708136988473,"0.05016903624, 0.5538539158, 0.2146228374"
1412,"hero, kungfumaster, seaquest",42,0.1633070378944308,0.1889848565089613,0.1520651607898397,0.4782088785706188,35.01429723984275,"0.5743103095, 0.3296801521, 0.6333903785"
1413,"choppercommand, demonattack, hero",42,0.17785109002086716,0.18906854451568145,0.16381803309382031,0.4777466475925388,37.720496096543584,"0.07732624179, 0.1568443802, 0.992995977"
1414,"amidar, mspacman, upndown",42,0.17523249258972393,0.18909060029474942,0.1502418802450107,0.47762479362212207,34.59447137955582,"0.592523864, 0.4482622478, 0.2706281137"
1415,"assault, freeway, privateeye",42,0.1785582401381359,0.18911544582042875,0.15497597144029313,0.47748750980949284,35.68453616106898,"0.7543981446, 0.02216574896, 0.2266681887"
1416,"choppercommand, hero, krull",42,0.17333086729979133,0.18919243156470467,0.15585843787407544,0.4770620109778584,35.88773156661846,"0.101312452, 0.3151708565, 0.4474503936"
1417,"frostbite, kungfumaster, qbert",42,0.1731131279792295,0.18921233126903883,0.15465475523756425,0.4769519975004617,35.61057339706582,"0.09088281606, 0.6297015811, 0.2834447022"
1418,"alien, amidar, demonattack",42,0.17654012073924943,0.18922203096877482,0.1401852562003756,0.4768983695093235,32.278848118453595,"0.7840690983, 0.7077235822, 0.1028983127"
1419,"assault, kungfumaster, pong",42,0.17241459859377706,0.18923416653179762,0.1480369080397493,0.4768312701727698,34.08675776652571,"0.4423241372, 0.251338872, 0.1405461687"
1420,"bankheist, crazyclimber, mspacman",42,0.16565225015090843,0.1893228110365745,0.152026982523583,0.4763410109772742,35.005506369166845,"0.2350291979, 0.2611463975, 0.5507729649"
1421,"bankheist, frostbite, pong",42,0.1656152019356464,0.1893341558777987,0.13877561481613657,0.4762782503828117,31.954266194671966,"0.2423533953, 0.2294554751, 0.5264347734"
1422,"assault, crazyclimber, demonattack",42,0.17718205442202897,0.18936612201066988,0.14549547592844858,0.4761013908804418,33.501571397091965,"0.511563083, 0.2323844736, 0.05236956971"
1423,"battlezone, demonattack, pong",42,0.17681547012690468,0.18941059925865428,0.14726476463220717,0.47585526127098887,33.908965176539695,"0.410306594, 0.08104511724, 0.503561417"
1424,"kungfumaster, mspacman, qbert",42,0.1705437396310244,0.18941849211825126,0.1502012215761958,0.4758115774745889,34.58510937508441,"0.4913996516, 0.3273623748, 0.249636799"
1425,"assault, pong, seaquest",42,0.17682096017569707,0.18944162037754486,0.14469059431924514,0.4756835614000089,33.31624055759428,"0.5653732695, 0.2179440808, 0.1806330975"
1426,"boxing, freeway, kungfumaster",42,0.170822058015015,0.1895013013269166,0.15092093828440437,0.47535315215020957,34.75083027143438,"0.1880870346, 0.03331534135, 0.6068843094"
1427,"bankheist, hero, seaquest",42,0.1573135708798873,0.1895846515848742,0.1471807823565848,0.4748915292823983,33.889627542947316,"0.1840753021, 0.8183675842, 0.6246497161"
1428,"assault, gopher, privateeye",42,0.1783011835465422,0.1895848286168475,0.15417015979126908,0.47489054860140556,35.498991171988614,"0.7415130011, 0.03953021208, 0.1800286216"
1429,"battlezone, choppercommand, pong",42,0.17403628309809635,0.18968658908376396,0.14552855316371704,0.4743266878306719,33.50918771197663,"0.4645241458, 0.1300386035, 0.4670776803"
1430,"frostbite, hero, krull",42,0.1735710005346879,0.18981235539989025,0.14677516558141707,0.4736293911675884,33.796230828950364,"0.1181602084, 0.1255074492, 0.5251521641"
1431,"alien, bankheist, gopher",42,0.17164932860364657,0.18981799902439025,0.14785140350283396,0.4735980899151456,34.044043768387304,"1.073142483, 0.1358553639, 0.185371623"
1432,"amidar, hero, upndown",42,0.1727147858152834,0.18985247772346034,0.15070914470255317,0.4734068403866494,34.702062996998144,"0.6471721008, 0.4160078143, 0.252236025"
1433,"alien, breakout, seaquest",42,0.16001950735018622,0.1898649426725201,0.1424458156323673,0.4733376901446297,32.79936116344671,"1.208218641, 0.2442081372, -0.1717184247"
1434,"alien, demonattack, upndown",42,0.1761161844536385,0.18987257499417828,0.15554642006323074,0.47329534702546383,35.8158868106185,"1.01348841, 0.09944045289, 0.249689506"
1435,"freeway, jamesbond, kangaroo",42,0.16687573549149895,0.18999286696527895,0.14160236631662765,0.4726277581339722,32.605149781334894,"-0.03027278869, 0.6339677583, 0.1946360844"
1436,"battlezone, crazyclimber, gopher",42,0.1764260953211553,0.19000469865807348,0.15517629014073,0.4725620725033398,35.73066124641638,"0.4980082238, 0.3483783512, 0.09532477252"
1437,"battlezone, demonattack, kungfumaster",42,0.17539029075074988,0.19008092846267,0.14927447495521573,0.4721387718602792,34.37171807963927,"0.1444217114, 0.1192208727, 0.6602203228"
1438,"alien, choppercommand, gopher",42,0.17775929841442448,0.1901162472529534,0.14961044926857342,0.47194259066287103,34.4490790241959,"1.227332263, 0.05785827246, 0.1918157104"
1439,"frostbite, hero, pong",42,0.17449812365668926,0.19016735056111622,0.1549014017326764,0.4716586685072436,35.66736585135427,"0.1694783047, 0.4984528753, 0.4219880617"
1440,"asterix, frostbite, pong",42,0.17630714091580538,0.19017196288132684,0.14598252527100625,0.4716330394079665,33.61371865266455,"0.2134653493, 0.3045533256, 0.5471221932"
1441,"assault, battlezone, seaquest",42,0.17383118472974263,0.19020711397416754,0.15087540930987925,0.4714376962850715,34.7403468376303,"0.5535627334, 0.2590251279, 0.296438206"
1442,"crazyclimber, kungfumaster, qbert",42,0.1730444415684026,0.19026101920279279,0.15484891165270348,0.47113806175906625,35.6552795637867,"0.130528788, 0.5397535328, 0.2859340099"
1443,"assault, asterix, gopher",42,0.1803078152767691,0.19026750758625627,0.1516498855510368,0.4711019900762837,34.918676582407045,"0.6615578647, 0.09101347055, 0.08789099716"
1444,"frostbite, kungfumaster, pong",42,0.17754191219453447,0.19033069543254508,0.14692152749698187,0.47075063764667646,33.82993190544652,"0.2105956458, 0.3894713234, 0.3541093582"
1445,"amidar, freeway, jamesbond",42,0.17726821805193713,0.19034123420467472,0.14183788478031473,0.47069202605135585,32.65937991169597,"0.4437384525, -0.06115845955, 0.6245954764"
1446,"boxing, krull, pong",42,0.16654603034861137,0.19036271055062556,0.14677577796585667,0.47057257487181414,33.79637183567855,"0.1380890658, 0.5534565058, -0.04628742406"
1447,"asterix, battlezone, gopher",42,0.18257051080744774,0.190393893245129,0.1577712320324285,0.4703991131076659,36.328168698117445,"0.275140935, 0.6095130562, 0.2303594868"
1448,"choppercommand, krull, pong",42,0.17748911951696922,0.19045775383368563,0.14890322653614682,0.4700437834728841,34.286234972084706,"0.09461974377, 0.5370845393, 0.1075573332"
1449,"battlezone, breakout, gopher",42,0.18290881278973298,0.19047276031298965,0.15128411005918796,0.4699602679410516,34.83445366291567,"0.6047932178, 0.2095192351, 0.1836341692"
1450,"amidar, boxing, freeway",42,0.1709030686531545,0.19051102106225834,0.1510165851292006,0.4697473056877961,34.77285377133635,"1.118804814, 0.2203162356, 0.02077059722"
1451,"choppercommand, krull, kungfumaster",42,0.17689037638880276,0.19053218023944526,0.15571101774261284,0.46962951372268136,35.85378682690716,"0.09825862967, 0.4636385357, 0.2015529748"
1452,"crazyclimber, kungfumaster, upndown",42,0.17079928958976026,0.19055232645920034,0.16164175609677306,0.4695173486779076,37.219389799380906,"0.1094535908, 0.4937839892, 0.2608273118"
1453,"crazyclimber, kangaroo, pong",42,0.17006472481229554,0.19055770570553612,0.14186509691878083,0.469487397459893,32.66564573813402,"0.2230867406, 0.3604325736, 0.2721203416"
1454,"asterix, mspacman, pong",42,0.174298705314017,0.19058669830663957,0.1424003973198294,0.46932595439167946,32.78890321050684,"0.147861448, 0.6867806603, 0.3230645517"
1455,"alien, demonattack, kangaroo",42,0.16620464935389212,0.19061546115683609,0.1484045198386225,0.46916576640383456,34.17140351133512,"0.9719063305, 0.1045822235, 0.2673800177"
1456,"alien, jamesbond, seaquest",42,0.15493554792571004,0.19061748179803992,0.13444721823521272,0.4691545120050199,30.957616050291797,"0.5534327994, 0.4579463583, 0.301375887"
1457,"battlezone, boxing, upndown",42,0.1779895283591313,0.19063987602935425,0.15486937639498644,0.4690297744956653,35.65999174483797,"0.5056431479, 0.2325138149, 0.1941202342"
1458,"boxing, crazyclimber, mspacman",42,0.17508563439845654,0.1906724361837568,0.149828615195608,0.46884838590824374,34.49931358533481,"0.1559477006, 0.1307683256, 0.7794278449"
1459,"crazyclimber, krull, seaquest",42,0.16322958566907342,0.19068188260142332,0.15084142529204742,0.46879575528809725,34.73252172834434,"0.001916902496, 0.5662317698, 0.49916767"
1460,"assault, crazyclimber, pong",42,0.1775830382828141,0.19073139569559758,0.1483054099884415,0.46851985093670834,34.14858262497556,"0.5736182415, 0.09953841507, 0.1327430084"
1461,"freeway, hero, jamesbond",42,0.1730308868085022,0.19073989454822152,0.14624848895412987,0.46847248514169126,33.67495905386838,"-0.03750280037, 0.3629942037, 0.5821625537"
1462,"frostbite, krull, kungfumaster",42,0.17343238835108854,0.19078150987666295,0.1458844607306482,0.46824052417538586,33.59113845778658,"0.1304179555, 0.4961567024, 0.1193375645"
1463,"alien, qbert, upndown",42,0.17599510341036648,0.19079107747170038,0.14824405683767136,0.4681871879071381,34.13445553993841,"0.8379924891, 0.228714726, 0.2818760542"
1464,"battlezone, crazyclimber, seaquest",42,0.17063748732104533,0.19083883672285026,0.1538692392819608,0.46792090542727405,35.42970166409767,"0.4848334911, 0.3653805508, 0.3801103519"
1465,"assault, demonattack, pong",42,0.1780623405605786,0.19094118786809974,0.14834341766279752,0.46735002049217556,34.157334215414714,"0.5531323088, 0.03234828218, 0.2442870662"
1466,"amidar, hero, seaquest",42,0.16065782219526958,0.19095107554389704,0.14964541250210367,0.4672948536972694,34.45712960622886,"0.5581893966, 0.6251542525, 0.6611481142"
1467,"frostbite, jamesbond, privateeye",42,0.1815736887754705,0.19095558977935212,0.14364530398835995,0.4672696662519841,33.075553564219575,"-0.05173299505, 0.7994370445, 0.1251957778"
1468,"assault, asterix, choppercommand",42,0.1828583894693125,0.1909833619267797,0.15370941499962132,0.46711469680316664,35.392900763096335,"0.7565057106, 0.1218287379, -0.07863641093"
1469,"kungfumaster, qbert, seaquest",42,0.1701257159457831,0.19098536305792443,0.16127828886676762,0.46710352955851464,37.13569837682066,"0.6534530593, 0.2261929403, 0.3349747862"
1470,"hero, krull, mspacman",42,0.172274119467916,0.19098727417044434,0.15109047494064246,0.4670928645505198,34.78986752917137,"0.2177186978, 0.3662061031, 0.3374876918"
1471,"demonattack, mspacman, privateeye",42,0.16967107140713641,0.19099099148968196,0.13947033689781657,0.4670721196581312,32.11423186557698,"0.2142569869, 0.9857777761, 0.2162433843"
1472,"amidar, demonattack, jamesbond",42,0.17791091868853162,0.1910652490321115,0.1490438372515309,0.4666576330106508,34.31861178580056,"0.4718779507, 0.05330910062, 0.5220617118"
1473,"frostbite, krull, mspacman",42,0.17126698549649097,0.1910822938455163,0.1486225355861753,0.466562470476793,34.22160349237043,"0.09405304533, 0.4817505593, 0.2414732848"
1474,"choppercommand, demonattack, kungfumaster",42,0.17676720413754343,0.19108643946141618,0.14368136694099679,0.46653932389373265,33.08385736593466,"0.0684372326, 0.1294840973, 0.7283661755"
1475,"amidar, frostbite, upndown",42,0.17159342438564354,0.19108710258458536,0.1533028528848388,0.46653562137304116,35.299286376608904,"1.246260594, -0.2083627691, 0.3785381876"
1476,"amidar, battlezone, upndown",42,0.1785175586669965,0.1911477811567368,0.1534239692450185,0.46619677070464416,35.32717444915565,"0.8873622855, 0.1937331859, 0.2725156864"
1477,"hero, kangaroo, mspacman",42,0.17263517885594878,0.1911864564749182,0.1542614744348342,0.4659807378719568,35.52001714569313,"0.4612787529, 0.2115859452, 0.5035915471"
1478,"boxing, frostbite, mspacman",42,0.17561850484921657,0.19119942391284261,0.14689830166417664,0.46590829449282767,33.824583959807555,"0.2114632693, 0.1010773227, 0.7961210968"
1479,"boxing, choppercommand, kungfumaster",42,0.17105782025050484,0.19126969246588654,0.15682729924450325,0.46551564950517965,36.110820141490954,"0.1677338232, 0.04090652579, 0.641924313"
1480,"assault, crazyclimber, kungfumaster",42,0.1733276763816156,0.19129491274680352,0.15487023388203225,0.46537468902159684,35.66018918852688,"0.4535398998, 0.1093417601, 0.2503214128"
1481,"kangaroo, qbert, upndown",42,0.17784958882084295,0.19130746929280912,0.14659847654288632,0.46530450139833013,33.75554667432873,"0.2913861934, 0.3589595432, 0.3598404144"
1482,"boxing, kungfumaster, privateeye",42,0.1719577611024401,0.19132211461517076,0.15524120727273796,0.4652226322720513,35.74560896846052,"0.1785885441, 0.646530921, 0.01647315647"
1483,"freeway, kungfumaster, qbert",42,0.1762666829592481,0.19132827847159514,0.15701022406504078,0.46518817369397325,36.15294013798178,"0.0365106473, 0.6303226298, 0.325979357"
1484,"assault, battlezone, freeway",42,0.1793141968289945,0.19134870143184088,0.1527698204895354,0.46507399273021754,35.176551131858055,"0.6492865136, 0.2272275962, -0.01754949784"
1485,"amidar, bankheist, frostbite",42,0.1765157530763141,0.19137601211328653,0.1449327722120314,0.46492128475532635,33.37200407817251,"1.311871631, 0.3115850119, -0.1095400332"
1486,"amidar, battlezone, kungfumaster",42,0.17507526301130397,0.19139934316126433,0.15213177966872787,0.46479081168285086,35.02963680358674,"0.5920791927, 0.1728153521, 0.4363041845"
1487,"boxing, crazyclimber, krull",42,0.16686287241944275,0.19140916783507606,0.14927073286167322,0.4647358648835095,34.370856430758515,"0.1288289383, 0.00355625111, 0.5257681258"
1488,"demonattack, freeway, kungfumaster",42,0.17778742211314721,0.1914864237331495,0.14597009998989402,0.46430369481380673,33.610857625958026,"0.147943639, -0.03994685839, 0.7813891851"
1489,"assault, breakout, crazyclimber",42,0.179077040806262,0.19149840729280826,0.14725145474269902,0.4642366430679924,33.90590046122261,"0.5849425055, 0.02762920506, 0.174790524"
1490,"assault, crazyclimber, seaquest",42,0.17868169083183,0.19149971061769588,0.14708583465148745,0.4642293503066264,33.8677650259102,"0.5898867615, 0.1739648392, 0.1154982912"
1491,"battlezone, freeway, krull",42,0.17283080249586463,0.19156043890652077,0.15361360708598054,0.46388948980634515,35.37084017572233,"0.2324257991, -0.0145856104, 0.5266221606"
1492,"frostbite, mspacman, pong",42,0.1750581316555559,0.19159903082748553,0.13873722533053792,0.4636734575334911,31.94542668894525,"0.1558428512, 0.5336767069, 0.4215494549"
1493,"frostbite, gopher, privateeye",42,0.17790023069847494,0.1916049551829646,0.15358511011574189,0.46364028995221374,35.36427850583562,"0.5730338952, 0.5547705426, -0.5037459972"
1494,"alien, frostbite, gopher",42,0.1728648564956706,0.1916319623133352,0.1516839955832829,0.4634890771875467,34.926530707584185,"0.9630478047, 0.1597019235, 0.2569248577"
1495,"boxing, mspacman, privateeye",42,0.17674461038000377,0.19164586662210648,0.14481777265648504,0.46341121873353874,33.34552445194232,"0.2026466796, 0.931187079, -0.119517403"
1496,"choppercommand, gopher, krull",42,0.17946344524886673,0.19169740809070854,0.15361600392840416,0.46312255826508797,35.371392069085815,"0.09609590033, -0.01005222604, 0.6212380822"
1497,"asterix, boxing, mspacman",42,0.17297749150255556,0.19174582862752865,0.14562604120384365,0.4628513060105618,33.5316351627707,"0.1242596439, 0.1762890116, 0.8427108897"
1498,"amidar, choppercommand, jamesbond",42,0.18049262675904484,0.19179600605682237,0.14315559827310892,0.46257013934947266,32.96279465623047,"0.3914756942, 0.03382164934, 0.5851489843"
1499,"jamesbond, qbert, seaquest",42,0.16522251930510615,0.19181828148835484,0.14685875544333035,0.46244529652816335,33.81547810594706,"0.6361977876, 0.1666452022, 0.246092324"
1500,"choppercommand, jamesbond, privateeye",42,0.18261325606535558,0.19184540494641922,0.144962353659664,0.4622932633310415,33.37881545820732,"0.01084110527, 0.7649137266, 0.1113114147"
1501,"assault, battlezone, demonattack",42,0.1790661366846054,0.19184902895386555,0.152924190312114,0.46227294831100274,35.21209609708581,"0.6547550002, 0.2249132137, -0.02277771083"
1502,"alien, mspacman, upndown",42,0.17285764497962497,0.19193769939649635,0.15083582096031348,0.4617757707684349,34.73123128327366,"0.6032354034, 0.4876805428, 0.2257481749"
1503,"asterix, kungfumaster, privateeye",42,0.17956796648991857,0.1919499181360125,0.15551232344066146,0.4617072419592829,35.808035773133554,"0.243097324, 0.7047810928, 0.1003830643"
1504,"gopher, krull, mspacman",42,0.17487268853997318,0.1920000526653518,0.1511306904265462,0.4614260167454728,34.79912748700632,"0.02149054571, 0.4369079248, 0.3921801236"
1505,"battlezone, choppercommand, crazyclimber",42,0.17698266140477303,0.1920058158225551,0.15264084613147427,0.46139368411772796,35.14685368843305,"0.4827824389, 0.08365744036, 0.4040942571"
1506,"hero, kangaroo, upndown",42,0.1713892556840924,0.19206663806745428,0.15485856063376519,0.46105239826938504,35.65750132378223,"0.6108514607, 0.2177452532, 0.2334532918"
1507,"assault, gopher, kungfumaster",42,0.1735341602007197,0.19207344813846386,0.1585458223324411,0.46101417886237894,36.506524705916135,"0.4714054542, 0.06383867757, 0.293083356"
1508,"choppercommand, krull, privateeye",42,0.17937012445435693,0.19207979924851307,0.15531056174425745,0.4609785340099193,35.76157842568585,"0.09402820594, 0.6126686752, 0.02584569659"
1509,"hero, kungfumaster, qbert",42,0.1725666282530627,0.1922417181947003,0.16143664142501196,0.46006938505524475,37.17216040082575,"0.2909553745, 0.49236882, 0.272843984"
1510,"alien, asterix, battlezone",42,0.17646575899791128,0.19228083504872495,0.14742719403506385,0.45984963529428957,33.94636592870787,"0.8855779018, 0.2104706795, 0.341425089"
1511,"frostbite, krull, privateeye",42,0.17434377157863787,0.19238203000834225,0.14785932011003367,0.45928093714097085,34.045866634559815,"0.1367642782, 0.5810965327, 0.005979189257"
1512,"boxing, hero, privateeye",42,0.17250192266043018,0.19241238481896536,0.15216549426566045,0.4591102900213747,35.03739987641807,"0.2098102035, 0.8809244648, -0.11906376"
1513,"alien, bankheist, hero",42,0.16886012695025635,0.19242882470644126,0.15122106414544778,0.4590178578647377,34.81993680480044,"0.6634613223, 0.1558604968, 0.5446491596"
1514,"assault, freeway, kungfumaster",42,0.17575299005624365,0.1924869097887964,0.15784738348730604,0.458691215170976,36.34570321859854,"0.4928311738, -0.02513025484, 0.3540025883"
1515,"choppercommand, hero, pong",42,0.17673619218320247,0.1925027357313535,0.1610577076888024,0.4586022005578334,37.084907683602886,"0.1225656281, 0.700131478, 0.3298002299"
1516,"amidar, bankheist, mspacman",42,0.1731436311639288,0.19250783478940195,0.1420114511500802,0.4585735188317466,32.69934504526268,"0.7625717217, 0.2568142261, 0.3814141629"
1517,"battlezone, crazyclimber, frostbite",42,0.17816867086772212,0.19252495135587333,0.15411821994518166,0.4584772341858593,35.48703158045529,"0.3968940277, 0.4421859576, 0.09505219338"
1518,"amidar, frostbite, gopher",42,0.17543472959533557,0.1925407280747119,0.15393992373069154,0.4583884789111464,35.445977359893064,"0.9166761418, 0.183886586, 0.28429354"
1519,"asterix, freeway, kungfumaster",42,0.18130546371700473,0.19257127759929427,0.15274722631546733,0.4582165954111854,35.17134863101828,"0.2508290378, 0.02414715029, 0.6887670214"
1520,"crazyclimber, hero, mspacman",42,0.1738668550205945,0.1925886184604539,0.15428718903453045,0.45811901685305667,35.525938151086415,"0.2195778665, 0.483033529, 0.4184999418"
1521,"alien, pong, seaquest",42,0.15733846586570796,0.1925984664359088,0.14283094733743876,0.4580635975130899,32.888041015740406,"0.92137045, 0.3387100038, 0.2414779495"
1522,"assault, choppercommand, kungfumaster",42,0.17644441449952167,0.19265228351175595,0.15775200400965478,0.4577606926373541,36.3237412822568,"0.4828520511, 0.006818972425, 0.3393307691"
1523,"assault, mspacman, seaquest",42,0.16240306195377846,0.1927757987101859,0.1581144131067876,0.45706517775212685,36.40718906071914,"0.4557730726, 0.4918676135, 0.1854228125"
1524,"alien, hero, seaquest",42,0.15664559915511042,0.1927770108253693,0.14961031409231246,0.45705835011489215,34.44904789871156,"0.5745296348, 0.6370454656, 0.5356032377"
1525,"boxing, crazyclimber, kungfumaster",42,0.1719041231865705,0.19278025544969765,0.15507756376706383,0.45704007349047904,35.707928658787466,"0.1860821584, -0.02425062624, 0.666485765"
1526,"gopher, kangaroo, mspacman",42,0.18010854467195822,0.19279943748567618,0.1523260989060206,0.45693201683310203,35.074380461493966,"0.1261423572, 0.2537272653, 0.7390437389"
1527,"assault, freeway, pong",42,0.1790923720956764,0.19282462906778466,0.14952080831880338,0.4567900907399124,34.42843843272968,"0.6047420892, -0.004299425923, 0.2184055996"
1528,"alien, amidar, hero",42,0.1758949701715209,0.1928561112552714,0.1482450538005415,0.4566126981282572,34.13468509912271,"0.7212736627, 0.3372646096, 0.4452301787"
1529,"gopher, hero, upndown",42,0.17489300514168807,0.19290106662774234,0.15618033954420968,0.4563593379880405,35.961852165324565,"0.1530959359, 0.594740634, 0.3108846602"
1530,"assault, choppercommand, pong",42,0.1788024231548262,0.19292506423564448,0.15034828816484822,0.45622406774651425,34.618972708555255,"0.620549364, -0.02476495498, 0.2091962256"
1531,"hero, krull, pong",42,0.17537686404063474,0.1929821954362026,0.15151037650331034,0.45590196162864327,34.886553437043766,"0.3689447219, 0.3358640151, 0.167051887"
1532,"bankheist, hero, mspacman",42,0.16940428142823327,0.1930008163543695,0.1506394598807298,0.45579695615054316,34.6860174738043,"0.2078439318, 0.4965152832, 0.5089211926"
1533,"assault, breakout, pong",42,0.17909038636536984,0.1930089784860171,0.15044827256983337,0.45575092576688614,34.64199496860033,"0.599228344, 0.006264721323, 0.2136924551"
1534,"amidar, frostbite, jamesbond",42,0.17884367991017944,0.1930605496229341,0.14757342153275999,0.45546004506790994,33.980036054345966,"0.4563029497, -0.07700615262, 0.6164327548"
1535,"choppercommand, kungfumaster, qbert",42,0.17403629920606847,0.1930641968514775,0.16460231706416567,0.45543947037846144,37.901084154422726,"0.07614331684, 0.6561204852, 0.2784225354"
1536,"battlezone, jamesbond, privateeye",42,0.18256934107191028,0.1930897429974149,0.14529674110536134,0.45529534895808244,33.45581101298202,"0.02690376494, 0.751332092, 0.1102992206"
1537,"frostbite, gopher, kungfumaster",42,0.1769373884571868,0.19310627361669389,0.16371205941628403,0.4552020794710534,37.69609475552911,"0.2712612047, 0.2200731157, 0.4770400744"
1538,"assault, gopher, pong",42,0.17826666626548535,0.19310663052355367,0.1507011880650716,0.4552000656338945,34.700230913512605,"0.6003948022, 0.0399101467, 0.1792380559"
1539,"amidar, battlezone, jamesbond",42,0.1806496474791124,0.19311827564139478,0.1416803788377583,0.45513435633421184,32.62311282815713,"0.375994456, 0.05575466272, 0.568920308"
1540,"alien, amidar, asterix",42,0.17851730799353271,0.19312022801321738,0.1520894540620215,0.45512333939960514,35.01989097248134,"0.728021824, 0.7207506079, 0.1719433314"
1541,"assault, frostbite, seaquest",42,0.1714150965050653,0.19313012273448116,0.15400164996396212,0.45506750329323353,35.460190350350615,"0.6520744785, 0.1669315738, 0.2024253444"
1542,"boxing, mspacman, qbert",42,0.17266297699205488,0.19316362912528073,0.14799546892010176,0.45487840482635655,34.07721605660899,"0.1761073516, 0.8128221182, 0.1563543962"
1543,"gopher, qbert, upndown",42,0.18300120679166376,0.1931803311038808,0.14808498157058736,0.45478413239137183,34.09782710607324,"0.2082166427, 0.3346377349, 0.4606592782"
1544,"assault, choppercommand, crazyclimber",42,0.17828068525551244,0.19318701405296626,0.15114136168434514,0.4547464089555764,34.80158463491945,"0.6296335244, -0.04943970291, 0.1795971407"
1545,"asterix, choppercommand, kungfumaster",42,0.17959564029449837,0.19319261026442672,0.15776164751079952,0.45471481885511744,36.32596178045481,"0.2154011967, 0.06389233546, 0.7018628821"
1546,"krull, mspacman, privateeye",42,0.17513210886823988,0.1933957621246744,0.15354732605492497,0.45356742567164665,35.35557840431664,"0.4568540876, 0.3848595039, -0.008349255122"
1547,"demonattack, jamesbond, privateeye",42,0.17747779239760836,0.19343293445462373,0.15545038002391415,0.45335734739679767,35.7937727743324,"0.07590711011, 0.7025208948, 0.2067598632"
1548,"frostbite, kungfumaster, upndown",42,0.17395657717870977,0.1934468164628085,0.16539934270789175,0.4532788833017456,38.08460609102049,"0.01067965769, 0.597494658, 0.2750040186"
1549,"boxing, choppercommand, hero",42,0.17432948878567514,0.19349336006969556,0.15475495672110806,0.453015767739377,35.633645641296205,"0.1899443121, 0.05004802777, 0.8635397731"
1550,"freeway, kangaroo, krull",42,0.1660215228936524,0.1935474297982853,0.15026300801001252,0.4527100267958568,34.59933622722996,"0.01139890572, 0.2046729669, 0.4926622318"
1551,"krull, mspacman, seaquest",42,0.15779275036175652,0.19356432681698413,0.15044776835345208,0.45261446393992266,34.64187886848801,"0.4407509497, 0.2713925913, 0.4458291134"
1552,"assault, choppercommand, gopher",42,0.18211467706505136,0.19358627224959868,0.1563316746748262,0.45249033679768824,35.99669836690496,"0.7339916449, -0.05521613847, 0.09475359228"
1553,"assault, asterix, freeway",42,0.18504249449333307,0.19358931541237573,0.15914204777422503,0.45247312303450427,36.64381068734768,"0.6975080341, 0.1211077986, 0.02978945807"
1554,"assault, battlezone, choppercommand",42,0.17950691797328364,0.1936209905038059,0.15439371058094847,0.45229393563793097,35.5504656435729,"0.6547388327, 0.2106064274, -0.01774091195"
1555,"assault, crazyclimber, freeway",42,0.17936385138304226,0.19363134262563414,0.14941557475236394,0.4522353668695005,34.40420750859307,"0.5904804268, 0.1851964083, 0.01376168738"
1556,"battlezone, boxing, gopher",42,0.1837587270228148,0.1936886854045279,0.1580421720782671,0.4519108843057612,36.390554949181755,"0.6168643736, 0.220362582, 0.122366786"
1557,"bankheist, mspacman, upndown",42,0.17025401911310917,0.1937251864618571,0.15240828355409403,0.45170428765027626,35.093304176046644,"0.1860222335, 0.7144081059, 0.2342769721"
1558,"amidar, bankheist, choppercommand",42,0.17146773076847913,0.19374910508929297,0.1562899322421493,0.45156888666592965,35.987086816582234,"1.088626934, 0.291913458, 0.1203100464"
1559,"alien, battlezone, kangaroo",42,0.17258443809632895,0.19375559477350013,0.1442723977337712,0.4515321463223746,33.21994723522895,"0.91356039, 0.2085183356, 0.2278066094"
1560,"alien, hero, mspacman",42,0.17454532952634924,0.1937728837690904,0.1560868683591881,0.45143426134125597,35.94032962959905,"0.6518049215, 0.4566676739, 0.3005380804"
1561,"alien, battlezone, hero",42,0.17579868215593433,0.193776407499802,0.15409675199044556,0.45141430998915066,35.482088401200045,"0.8049586908, 0.1445894384, 0.4707553888"
1562,"gopher, kungfumaster, qbert",42,0.17645840249157943,0.19378548885367877,0.16111513079290862,0.4513628897199271,37.09812984195373,"0.04158001526, 0.6430646444, 0.293320035"
1563,"crazyclimber, frostbite, hero",42,0.17832786105627743,0.1938364446140744,0.15510591393866863,0.45107432428775274,35.71445652703957,"0.3434866519, 0.1436486417, 0.5464417122"
1564,"boxing, gopher, mspacman",42,0.17993606205354923,0.1939813046467505,0.14931903954545703,0.450253559086507,34.381979455755776,"0.1978237328, 0.001123446977, 0.9194731846"
1565,"battlezone, frostbite, pong",42,0.17815992408421763,0.19402745092055093,0.14711199677668269,0.4499919692666082,33.873789077857765,"0.3380777413, 0.1459669723, 0.532195219"
1566,"asterix, gopher, kungfumaster",42,0.18015508764759935,0.19417751829512403,0.15884777715966186,0.4491408507293906,36.57605237430774,"0.2292109788, 0.05089557946, 0.6744952966"
1567,"assault, crazyclimber, gopher",42,0.1786177548875172,0.19417935416853027,0.1526851544280691,0.4491304343593354,35.157056050756566,"0.6021569144, 0.1482136744, 0.04253550219"
1568,"assault, asterix, demonattack",42,0.18470121614076537,0.19420358636498758,0.1591148803593157,0.44899293660618544,36.637555158889135,"0.7475047901, 0.1239709408, -0.03526680485"
1569,"kungfumaster, privateeye, qbert",42,0.17763231858204392,0.1942572500969298,0.16115488041737236,0.4486883780625013,37.10728253122796,"0.6744899617, 0.003637811829, 0.3068557583"
1570,"alien, battlezone, upndown",42,0.17847202441676766,0.19428473782350067,0.1527267693696593,0.4485323439861283,35.166638245171704,"0.9132487502, 0.2274613342, 0.2138092059"
1571,"alien, hero, qbert",42,0.17327193299803698,0.19428864726126885,0.15669203769166293,0.44851015026985874,36.07967501796841,"0.7272613188, 0.5471028186, 0.152695178"
1572,"frostbite, pong, upndown",42,0.17350197608236162,0.19430952729615308,0.15180467086340935,0.44839160761465546,34.95431721769538,"0.1683008844, 0.5164391097, 0.2655173816"
1573,"bankheist, kangaroo, mspacman",42,0.17889547557601218,0.19433381404514047,0.1455396783590669,0.4482537079245774,33.51174938287355,"0.1774792871, 0.1985815564, 0.7741639102"
1574,"choppercommand, mspacman, pong",42,0.18109357495777645,0.19438120926107771,0.14970739078002693,0.4479845491721036,34.47140063211242,"0.0737395072, 0.730513697, 0.3537134713"
1575,"alien, amidar, kangaroo",42,0.1761179837027212,0.19439011522985344,0.1461800423219764,0.4479339646015985,33.65919863438215,"0.855944883, 0.4122623969, 0.2056371279"
1576,"gopher, pong, upndown",42,0.1809921767598126,0.19444584127542514,0.16405301795095434,0.4476173963784401,37.7746033594552,"0.09413524365, 0.4030078223, 0.397721461"
1577,"battlezone, breakout, qbert",42,0.18152441550033638,0.19445264799996803,0.15838146571093845,0.44757872255533493,36.468680195255445,"0.5870321963, 0.2098292181, 0.2976093624"
1578,"battlezone, boxing, seaquest",42,0.1740014897582251,0.19447691017297036,0.14954350987931458,0.4474408609536058,34.43366566021175,"0.5995116651, 0.2420953406, 0.4789519183"
1579,"battlezone, crazyclimber, privateeye",42,0.18127184834053373,0.1945142060466897,0.15733268091581865,0.44722890620870703,36.22718857175528,"0.4893324102, 0.4354661313, -0.0004052681722"
1580,"kungfumaster, mspacman, pong",42,0.17747607282762176,0.1945569464334702,0.14448193390173758,0.4469859599843806,33.26819472090919,"0.2673530484, 0.5442946124, 0.2459811256"
1581,"amidar, asterix, kangaroo",42,0.1758128520614804,0.19456323087813931,0.1578728158860958,0.44695023324905514,36.35155924483177,"0.8219498715, 0.2775511414, 0.2727525421"
1582,"breakout, mspacman, seaquest",42,0.16051762116871154,0.19464847068859986,0.14269165026177916,0.4464655354600112,32.855966678749255,"0.2543299105, 0.9270654596, -0.1297201455"
1583,"hero, kangaroo, qbert",42,0.1748202741883023,0.19468877500864437,0.1633571621202895,0.4462362797160987,37.614376633199015,"0.6697440215, 0.2456460113, 0.2458885974"
1584,"amidar, kangaroo, upndown",42,0.17697137683544667,0.19472391423280971,0.15585839309715926,0.4460363649181852,35.88772125635249,"0.8409295651, 0.1641526214, 0.2836455784"
1585,"assault, asterix, seaquest",42,0.1858662430610589,0.19473167059051533,0.16131700972061933,0.4459922324273028,37.14461418290736,"0.7290439947, 0.09384407973, 0.04178531138"
1586,"asterix, kungfumaster, seaquest",42,0.1775057008382113,0.19479086500499299,0.16129615453507712,0.4456553673483634,37.139812098973245,"0.1582757647, 0.7026846782, 0.3063597941"
1587,"battlezone, hero, seaquest",42,0.16518975533658012,0.19487434560338945,0.1614312475725766,0.4451801198257197,37.17091842040461,"0.2223460162, 0.7681815998, 0.7317047415"
1588,"alien, amidar, bankheist",42,0.17136830154720473,0.19496068257456103,0.14750478884468948,0.4446883970290084,33.96423279390164,"0.5022894756, 0.8088003161, 0.2167393756"
1589,"assault, gopher, seaquest",42,0.1818013273185823,0.1950599496977035,0.15654869332186955,0.44412276278732765,36.04666875706333,"0.6765601411, 0.09346050101, 0.1672323104"
1590,"battlezone, choppercommand, kungfumaster",42,0.18202782569523468,0.19507483681411156,0.1559865105415416,0.4440379096440309,35.91722138811122,"0.2776626198, 0.1341175854, 0.5940866074"
1591,"choppercommand, freeway, krull",42,0.17909507130683835,0.19508064802719247,0.15431226464442385,0.44400478530726695,35.531712023640246,"0.09813395036, 0.01893458015, 0.6007743221"
1592,"assault, breakout, gopher",42,0.18330137087270107,0.19513179410707396,0.1561143360489618,0.4437132063757514,35.946654298900235,"0.6893230156, 0.0256469184, 0.08837015149"
1593,"bankheist, boxing, freeway",42,0.1730093185389547,0.19523311335906454,0.1494773002078741,0.4431353692807062,34.41842031996466,"0.3997048418, 0.2641960582, 0.2169752304"
1594,"demonattack, frostbite, hero",42,0.18138931041396525,0.1952384379350995,0.17146641699413676,0.44310499422342764,39.48160157198002,"0.1747138083, -0.0004409250338, 1.025084549"
1595,"kangaroo, pong, seaquest",42,0.16139405309402097,0.1952572922491039,0.14996756168718595,0.4429974295409036,34.53130719735793,"0.3621642097, 0.4302390024, 0.4520438451"
1596,"assault, demonattack, gopher",42,0.1821101384508762,0.1952652004617631,0.15442544980535344,0.4429523097512088,35.557773870070704,"0.647227756, 0.044413698, 0.1251620972"
1597,"battlezone, gopher, pong",42,0.1799156632024697,0.19528966395023067,0.15877500840207567,0.44281272334919586,36.559296748662376,"0.4999162901, 0.1016917412, 0.401947784"
1598,"crazyclimber, hero, krull",42,0.17440785506843728,0.19533642505206636,0.15779351155262392,0.4425458601697674,36.33329874722555,"0.1482118948, 0.3534883175, 0.3386327444"
1599,"choppercommand, crazyclimber, krull",42,0.17758928721388684,0.19538131150584667,0.15559180921166682,0.44228963540881594,35.826338048275765,"0.08366887819, 0.08800501595, 0.5439170885"
1600,"assault, asterix, breakout",42,0.18590591391678138,0.19540805278531556,0.16058871697424665,0.4421369605268852,36.97691858079401,"0.7265008385, 0.09744777157, 0.008926276785"
1601,"boxing, kungfumaster, pong",42,0.17201999539127413,0.1954101433508648,0.1556984111726109,0.4421250239104211,35.85088405689114,"0.180675254, 0.6487114645, -0.003193328169"
1602,"alien, gopher, qbert",42,0.177648773749404,0.19542940476089493,0.1568585272158443,0.44201503997549263,36.118010647620395,"1.179680412, 0.1866994989, 0.09103545095"
1603,"amidar, freeway, kungfumaster",42,0.17599646249197148,0.19544397981350925,0.15866926872686954,0.4419318082486633,36.53494928867561,"0.8043011936, -0.07312479798, 0.5242022007"
1604,"crazyclimber, mspacman, qbert",42,0.1818871621389632,0.1954871695360407,0.14906926751694355,0.4416851342551287,34.32446732080557,"0.2642822257, 0.6356768832, 0.2181171046"
1605,"frostbite, gopher, pong",42,0.17851696582447962,0.19553082063860114,0.153064876083652,0.44143576975229637,35.24449019311979,"0.3912844451, 0.2089116459, 0.4197263241"
1606,"crazyclimber, kangaroo, privateeye",42,0.17946312058326291,0.19555437608747553,0.1475441006336658,0.44130118203209445,33.97328466782922,"0.4352490464, 0.3827575069, -0.01382936843"
1607,"krull, kungfumaster, mspacman",42,0.1746112971467226,0.19558455816476497,0.15361584631538516,0.44112870834425433,35.37135577734701,"0.4001611237, 0.09302604168, 0.3589554112"
1608,"kungfumaster, privateeye, upndown",42,0.17254665645524064,0.19563084735654465,0.16819336264128895,0.44086413979194894,38.72795295583735,"0.5932052739, 0.07774043996, 0.2784731309"
1609,"boxing, choppercommand, mspacman",42,0.17979758939079202,0.1957173679329041,0.1512825844155623,0.44036945855733745,34.83410237048871,"0.2024665487, -0.01612914268, 0.9241952142"
1610,"amidar, bankheist, privateeye",42,0.18111469746822229,0.19580275195498764,0.1480537638737371,0.43988106112920367,34.09063896573274,"1.185868919, 0.3017552209, -0.003190328995"
1611,"crazyclimber, freeway, kangaroo",42,0.17382331222181116,0.19580937114661395,0.1382224826687079,0.43984319039224773,31.826902810959464,"0.4061917697, 0.0640552287, 0.3582002494"
1612,"freeway, kungfumaster, upndown",42,0.1739757686932728,0.1958665228724956,0.1670733342064182,0.4395161519030514,38.47005687805107,"0.005171156197, 0.593465995, 0.281735217"
1613,"asterix, battlezone, upndown",42,0.17861817993500187,0.19589763707018826,0.16142882522943988,0.4393380674593589,37.17036065528493,"0.3260524303, 0.4354481289, 0.3327191816"
1614,"amidar, choppercommand, gopher",42,0.18109225791889003,0.196031918260842,0.16495756140655543,0.4385691745201342,37.982882187138436,"1.213735336, 0.08003675935, 0.212608717"
1615,"alien, frostbite, hero",42,0.17577580904188378,0.1961031769253862,0.15227488383707216,0.43816093404012546,35.062587756064225,"0.9843673965, -0.102525852, 0.5893953027"
1616,"battlezone, gopher, kungfumaster",42,0.17978703740509624,0.19614182898790145,0.16339023830544358,0.43793943452967565,37.62199270628591,"0.344075775, 0.1455592206, 0.4669661638"
1617,"breakout, gopher, upndown",42,0.18546431461381366,0.19621591009542405,0.15692341543581484,0.43751478332118277,36.13295171242189,"0.206588932, 0.1779643752, 0.4820752458"
1618,"kangaroo, mspacman, qbert",42,0.17821959804572238,0.19632156910411613,0.15173952561257895,0.43690884232646676,34.93931696935124,"0.2587063641, 0.7056402191, 0.2177246152"
1619,"freeway, krull, mspacman",42,0.17514768025044683,0.1963227555404194,0.15426078269409382,0.4369020364129519,35.519857866501425,"-0.0003166432499, 0.4579970879, 0.3816954005"
1620,"amidar, gopher, kangaroo",42,0.1764822296158108,0.19632343324749,0.16174912687428822,0.43689814877263244,37.24411283455386,"1.014947461, 0.2016701198, 0.1552539369"
1621,"hero, mspacman, qbert",42,0.17950711084565893,0.19633040029487445,0.15754171115574112,0.43685818179745683,36.27531956319832,"0.54852589, 0.523495383, 0.2050126331"
1622,"assault, freeway, gopher",42,0.18309219409926691,0.19635346658085462,0.15689086115884102,0.43672585024553146,36.125455813134586,"0.6833930513, 0.02373742123, 0.1022467502"
1623,"alien, frostbite, kangaroo",42,0.17662322195447397,0.19645153813984098,0.14957632394155315,0.43616303900044184,34.441221377266864,"1.254805494, -0.1273858732, 0.2908673134"
1624,"assault, choppercommand, seaquest",42,0.18448848979165483,0.19647512970708136,0.1564450775823919,0.4360276102183581,36.022810351351254,"0.7799257755, -0.09035790038, 0.2662975778"
1625,"hero, krull, kungfumaster",42,0.17937056332043572,0.19648168687107437,0.1542569082311922,0.4359899655438144,35.51896573844937,"0.2599103527, 0.4373012112, 0.1020198745"
1626,"choppercommand, frostbite, jamesbond",42,0.1849226804661489,0.196498694037972,0.15008545961834574,0.4358923215538363,34.558454199236266,"0.01601838218, -0.03477029806, 0.7936603076"
1627,"choppercommand, kangaroo, pong",42,0.17245323254625763,0.19655002856802595,0.1482402064253482,0.4355975411195506,34.133568949736684,"0.09824356633, 0.3624708383, 0.4825091023"
1628,"bankheist, crazyclimber, freeway",42,0.17295777879529256,0.19679320847123377,0.16402751533406995,0.4342000725680252,37.76873116490817,"0.3566471381, 0.3878460329, 0.1370045857"
1629,"asterix, bankheist, pong",42,0.1782539529455336,0.1968043117642657,0.152423633427679,0.4341362246368279,35.09683861505626,"0.2052755903, 0.3188604079, 0.4767793155"
1630,"choppercommand, pong, upndown",42,0.18278178010445584,0.19683525498780097,0.16382438032275187,0.43395827095642814,37.72195760001555,"0.06829153177, 0.491905356, 0.3691859876"
1631,"battlezone, frostbite, jamesbond",42,0.18416008145277712,0.19689686336190942,0.15348586100781564,0.43360387948196766,35.34142555419523,"0.08605854752, -0.05873895361, 0.7560791105"
1632,"asterix, crazyclimber, kungfumaster",42,0.18061166174746932,0.19695921632199584,0.15695576092358235,0.433245091982026,36.14039953621781,"0.2212291983, 0.07501491801, 0.6437590449"
1633,"amidar, gopher, seaquest",42,0.16426881021047593,0.1969799681650654,0.15501204590049353,0.43312565782995327,35.69284261249852,"1.134763689, 0.1845603092, 0.4916836648"
1634,"breakout, kangaroo, pong",42,0.1729913320384285,0.19699885623217137,0.14700670599821994,0.43301693942512454,33.84954498016596,"0.09268498147, 0.3750846067, 0.4152824955"
1635,"alien, freeway, kangaroo",42,0.17602393025371413,0.19700769492661918,0.14767939416534984,0.4329660609322469,34.00443715475264,"1.050772785, 0.07010591824, 0.25249577"
1636,"assault, breakout, choppercommand",42,0.18622393610115445,0.19706654174002863,0.15630988719833377,0.43262726072441304,35.99168161504641,"0.7627329815, 0.06127583085, -0.06787203045"
1637,"alien, asterix, gopher",42,0.17473236483086269,0.19709250396322522,0.15856517951708368,0.43247775560933843,36.510981862396164,"1.168332192, 0.1078605436, 0.181744452"
1638,"amidar, gopher, mspacman",42,0.1804343536597342,0.19709275090946587,0.16163667916377458,0.4324763334591326,37.21822079235686,"0.9246544989, 0.1906367109, 0.310849887"
1639,"gopher, hero, krull",42,0.17991976656212194,0.19715393676786264,0.1571365754727548,0.43212391245433845,36.1820336247699,"0.008875662158, 0.2977184739, 0.4867726032"
1640,"battlezone, demonattack, hero",42,0.18127013108343645,0.19716077998450404,0.17234773578261373,0.43208448979203173,39.68453272243228,"0.02785171988, 0.1696338795, 1.000566566"
1641,"freeway, qbert, upndown",42,0.17752816318648457,0.19726640973767773,0.15378029524133452,0.4314758003275624,35.409221541892,"0.1682733371, 0.4728262316, 0.4260714007"
1642,"alien, hero, privateeye",42,0.177678828308189,0.19727788542360578,0.15619494732541087,0.4314096522698705,35.96521573124812,"0.8878418304, 0.5799502261, -0.09960821292"
1643,"kungfumaster, pong, seaquest",42,0.17908625926744426,0.19730524465543284,0.1565835511723247,0.4312519328802864,36.054695073746515,"0.5992605909, 0.1668647397, 0.5064684946"
1644,"battlezone, choppercommand, mspacman",42,0.18902641623132102,0.19732360555796646,0.14484672530818515,0.43114607442998154,33.352191046363046,"0.360120437, 0.1008396159, 0.8077835129"
1645,"battlezone, hero, mspacman",42,0.18232086453136606,0.19732896313913328,0.15050612119307533,0.4311151838282833,34.655315106353044,"0.2209944701, 0.4162208286, 0.6067660501"
1646,"bankheist, battlezone, mspacman",42,0.17371260018631862,0.19741363565793993,0.1508066899712266,0.4306268698574812,34.724523625152095,"0.2050246727, 0.27756626, 0.7140798203"
1647,"battlezone, boxing, kangaroo",42,0.17420352289359475,0.19745666149145935,0.15755683094542733,0.4303786557658871,36.278801023432386,"0.4938190712, 0.2312756382, 0.2042194126"
1648,"gopher, krull, kungfumaster",42,0.18298959973451764,0.19747228790441618,0.16109280515315597,0.4302884943046539,37.09298917342513,"0.008070338306, 0.5015467774, 0.1904723502"
1649,"amidar, bankheist, freeway",42,0.1797952482918578,0.19750231252192085,0.1489136895992476,0.43011523788859074,34.288644181397,"1.096770746, 0.3161173305, 0.03763914059"
1650,"alien, amidar, battlezone",42,0.18200366542979693,0.19761513132224653,0.14770118456382675,0.42946398396106944,34.00945457942297,"0.7817336953, 0.5640210716, 0.2132457188"
1651,"choppercommand, crazyclimber, kangaroo",42,0.17792644640676883,0.19766303901727297,0.14583921430520524,0.42918732115247926,33.580720083312954,"0.05114570811, 0.4184074903, 0.3753623908"
1652,"alien, choppercommand, kangaroo",42,0.17866393290779592,0.19766921671242355,0.15247205569277494,0.42915164061411926,35.10798825363415,"1.07089893, 0.08148652576, 0.2632725759"
1653,"battlezone, boxing, demonattack",42,0.18480423123286285,0.19768132664175103,0.15945542347277636,0.42908169401181595,36.71596810854677,"0.5705077925, 0.2916142264, 0.07501802621"
1654,"battlezone, choppercommand, jamesbond",42,0.18498223383584397,0.19768520545779514,0.1527888495001949,0.4290592891762294,35.180932723485945,"0.05641555131, 0.02554435286, 0.7299377914"
1655,"alien, kangaroo, qbert",42,0.17516398819495388,0.19773861859870054,0.14837106645746995,0.4287507192310871,34.16370058565991,"0.9490480395, 0.2623123761, 0.1645242208"
1656,"bankheist, battlezone, breakout",42,0.17375863689598767,0.19778227383613486,0.15701735209836315,0.42849845919228435,36.15458142830883,"0.251207093, 0.4903116378, 0.2555899072"
1657,"krull, kungfumaster, pong",42,0.18130095191476242,0.19778449274260623,0.1578555566615129,0.4284856358430923,36.34758516150765,"0.4483929435, 0.1726285081, 0.1004518182"
1658,"bankheist, crazyclimber, frostbite",42,0.17276457754147745,0.19781822884231562,0.16426412860548048,0.428290652812232,37.823213384063614,"0.2546774645, 0.447266417, 0.2118852581"
1659,"battlezone, kungfumaster, mspacman",42,0.1771149120055778,0.19782434377798297,0.15177579543457959,0.4282553070310833,34.94766840449767,"0.2378471112, 0.3687646315, 0.4771578778"
1660,"battlezone, pong, privateeye",42,0.18396601206093535,0.19783071306022987,0.15683618153955106,0.42821848990456735,36.112865365507815,"0.4800890968, 0.5116112183, 0.07550274775"
1661,"bankheist, pong, qbert",42,0.17763045076080347,0.19786219424126744,0.15782359891728984,0.42803649804728217,36.34022661896228,"0.2805853136, 0.4802312687, 0.2524224481"
1662,"demonattack, frostbite, jamesbond",42,0.1841903909217417,0.19787996737777191,0.15184905055809184,0.4279337392357683,34.96453602003614,"0.02680200986, -0.03149066819, 0.7781102716"
1663,"freeway, pong, upndown",42,0.18140253828289798,0.1978864475229237,0.15806970204600676,0.4278962707324665,36.39689395851455,"0.05752442405, 0.4606723575, 0.3827924298"
1664,"frostbite, pong, qbert",42,0.17831076656939895,0.19792731795771018,0.15845104850070352,0.42765992768763195,36.48470222469964,"0.26494371, 0.5507069301, 0.2495897731"
1665,"alien, freeway, hero",42,0.17754709457308943,0.19796251959763045,0.15678119270476082,0.42745632667935873,36.10020371838091,"0.871976562, 0.04320531851, 0.5229810856"
1666,"amidar, kungfumaster, privateeye",42,0.17996178592061954,0.19797888494073615,0.16297414856316292,0.42736165965880857,37.526184502493585,"0.7112843245, 0.4985745925, 0.08093329337"
1667,"amidar, jamesbond, seaquest",42,0.1656758631042441,0.1980087880988365,0.15086946689548358,0.4271886615329671,34.73897854614991,"0.4545651731, 0.4855716254, 0.4365667285"
1668,"freeway, frostbite, krull",42,0.1743273971568927,0.19809030583372841,0.15144311004154334,0.4267169259599555,34.871064761831455,"-0.00451312914, 0.1383761164, 0.5837270536"
1669,"amidar, bankheist, hero",42,0.1668935000466323,0.1980976820024856,0.1560475650188125,0.4266742311757614,35.931279701033674,"0.7212179347, 0.2454617966, 0.4110599968"
1670,"freeway, jamesbond, privateeye",42,0.18158584335404854,0.1981409811423237,0.14879733245975654,0.42642357477846027,34.261851959911446,"-0.03296631875, 0.7972911144, 0.09570580644"
1671,"choppercommand, hero, mspacman",42,0.18581165158029078,0.19819119904148316,0.1585063543952176,0.42613279744395727,36.49743687752592,"0.103029521, 0.6200819489, 0.5695168558"
1672,"crazyclimber, frostbite, kungfumaster",42,0.18351621568915846,0.19823891384035622,0.16149076554238553,0.42585644557360225,37.18462293940934,"0.2708010618, 0.1927285751, 0.434927141"
1673,"alien, amidar, frostbite",42,0.18398224854153233,0.1982737653876998,0.15980166908151666,0.42565455231460536,36.79569410626677,"1.013499536, 0.8336593904, -0.1487267333"
1674,"battlezone, demonattack, gopher",42,0.19268035577164982,0.19828411693227346,0.15470468704746923,0.4255945795018682,35.62207062118116,"0.5221503916, 0.153632137, 0.3451814714"
1675,"freeway, frostbite, jamesbond",42,0.1830192275790921,0.19828837797360666,0.15416596812500322,0.4255698917802777,35.49802600516276,"-0.04399563407, -0.03628754072, 0.8365581596"
1676,"amidar, gopher, qbert",42,0.1794391181765855,0.19832273691238023,0.1662363978564612,0.42537080276564765,38.27734516173148,"1.135248589, 0.2002947347, 0.1420236255"
1677,"bankheist, choppercommand, hero",42,0.1778285776882274,0.19836589165899496,0.16512037325402845,0.4251206985588122,38.02037100043386,"0.2546380897, 0.1499526817, 0.8206036316"
1678,"alien, battlezone, qbert",42,0.17968245257166204,0.19837433003504318,0.15889237806906772,0.4250717874192228,36.58632211322093,"0.8311528767, 0.3480830057, 0.2479112874"
1679,"krull, pong, privateeye",42,0.18266391903066997,0.19840957357293093,0.15601918295474657,0.4248674837255383,35.924744489271006,"0.5622055477, 0.1150690559, 0.04799117471"
1680,"crazyclimber, gopher, kangaroo",42,0.179463674331698,0.19846745651227418,0.14836460303286744,0.424531862657165,34.16221232714597,"0.4414046096, -0.009062889876, 0.3831470619"
1681,"battlezone, hero, qbert",42,0.18232067283115558,0.19858083182481737,0.1689464010638219,0.4238741980053592,38.90134646045496,"0.3168073516, 0.5982497849, 0.3207738156"
1682,"demonattack, freeway, hero",42,0.18125228374682006,0.19860240282978586,0.17626204766256431,0.4237490269361993,40.585836340842654,"0.172938833, 0.01069185809, 1.013463062"
1683,"krull, kungfumaster, privateeye",42,0.18254309288420392,0.1986160270143837,0.16137536233834282,0.42366996224404463,37.15805036967809,"0.5010778662, 0.194175127, 0.04637700891"
1684,"assault, privateeye, seaquest",42,0.17797264662792286,0.19869077592823148,0.16058449340352518,0.4232360783168466,36.97594606769577,"0.7476967008, 0.2095548007, 0.129442702"
1685,"alien, frostbite, upndown",42,0.1806891089160589,0.19870001321862088,0.16379994142400361,0.4231824486538577,37.71633033562086,"1.272962127, -0.1668739836, 0.3091161403"
1686,"choppercommand, jamesbond, seaquest",42,0.17156368284357254,0.19876588350275182,0.15194618511280916,0.42279994808735344,34.98690207780682,"-0.05292612633, 0.7136681136, 0.4570229681"
1687,"amidar, battlezone, qbert",42,0.18438920347298463,0.19877765881831708,0.1572382850826113,0.42273155693328146,36.20545312791688,"0.7704318433, 0.3651938209, 0.3007876013"
1688,"hero, kungfumaster, pong",42,0.1823720767825465,0.19878704150937726,0.15800831578482166,0.4226770592666629,36.382759249522614,"0.5273969024, 0.2370938373, 0.2727509495"
1689,"bankheist, crazyclimber, qbert",42,0.18049124541758688,0.1987871333809985,0.16810316220143545,0.42267652563422486,38.70718353701854,"0.2826783337, 0.4098248492, 0.2455230251"
1690,"battlezone, jamesbond, seaquest",42,0.17107288052669997,0.19887283217088828,0.1535642257364092,0.42217864041370945,35.35946969978284,"0.1101255988, 0.6198003263, 0.4318270809"
1691,"battlezone, demonattack, jamesbond",42,0.18446498113220328,0.19891870239137027,0.15336668848848597,0.4219120595081852,35.31398506754493,"0.03060345719, 0.02672353907, 0.7383052346"
1692,"krull, mspacman, pong",42,0.1709235947827443,0.19897690780637248,0.14621233798089403,0.4215737024717454,33.66663498466137,"0.3255861536, 0.4233062424, 0.154845325"
1693,"amidar, choppercommand, upndown",42,0.18342517535741285,0.19898797099065788,0.16325774865747872,0.42150937928273313,37.59148583744791,"1.057995391, 0.07275499611, 0.297357548"
1694,"alien, battlezone, mspacman",42,0.17858251017096896,0.19905800893904668,0.1558282311835404,0.42110208404462046,35.880776219085,"0.6473296473, 0.2517274827, 0.4934607323"
1695,"battlezone, kangaroo, qbert",42,0.18303004159384417,0.19907355913183336,0.15784064016033977,0.4210116347745101,36.34415051018357,"0.4509591352, 0.2806159678, 0.3847323326"
1696,"mspacman, pong, privateeye",42,0.1843719516293232,0.19911120849006483,0.14680502139198476,0.420792614209747,33.803105383385606,"0.7767732896, 0.3597010293, -0.009885927565"
1697,"breakout, crazyclimber, upndown",42,0.18546800877240996,0.19911623534778813,0.1647514920110889,0.4207633679418299,37.935432955326085,"0.190114427, 0.2543702864, 0.3818019114"
1698,"hero, krull, privateeye",42,0.17996336091278498,0.19914904553950516,0.15709179894148434,0.4205724600460844,36.171723447427965,"0.2932440902, 0.4952862579, 0.00362826021"
1699,"crazyclimber, krull, kungfumaster",42,0.18067955569039437,0.19923831989101232,0.16242167064262109,0.4200528531152169,37.39897176008879,"0.09853305121, 0.4612744848, 0.1402232087"
1700,"amidar, hero, kungfumaster",42,0.18001993097831973,0.19929343292670812,0.16311354713156984,0.41973196034160065,37.55828220905343,"0.6289153779, 0.1749874092, 0.4261952486"
1701,"choppercommand, demonattack, jamesbond",42,0.18456054581170664,0.19939848883162642,0.15288823190484702,0.4191200319850773,35.203816367831735,"0.009047753003, 0.02716840776, 0.7549628932"
1702,"assault, breakout, freeway",42,0.18822947289405004,0.1994877965720811,0.16136457946462984,0.41859957974670226,37.15556752125097,"0.7223775397, 0.05756568786, 0.01665723314"
1703,"battlezone, freeway, pong",42,0.18442812839801656,0.19949690549146695,0.15596575743518248,0.41854648326100097,35.91244280877764,"0.5064333683, -0.0276137047, 0.5240395021"
1704,"crazyclimber, krull, pong",42,0.1817545727050566,0.19949993393917734,0.16006322845011095,0.4185288297045938,36.855920376572584,"0.09758392503, 0.542306294, 0.03306038524"
1705,"alien, kangaroo, privateeye",42,0.18161471209970564,0.19950640007520032,0.15240239779727424,0.4184911361320869,35.091948930455224,"1.144184071, 0.2717636158, -0.07339594319"
1706,"assault, freeway, seaquest",42,0.18790352231917432,0.19953803081892577,0.1643725122920488,0.41830673086044123,37.84816965016521,"0.7408122583, 0.01595178521, 0.1941811098"
1707,"assault, demonattack, seaquest",42,0.1873449186608753,0.19956404013208745,0.16338636644721763,0.418155076277276,37.62110117798258,"0.7710994839, -0.02925920587, 0.2218302076"
1708,"choppercommand, freeway, jamesbond",42,0.18357035879859307,0.1995921340196948,0.15357363412110528,0.4179912447927462,35.36163606041787,"0.003564135695, -0.04313710604, 0.8125484133"
1709,"amidar, kungfumaster, mspacman",42,0.1796251872750737,0.19961408993963162,0.1619245960988404,0.4178631912445506,37.28451611662717,"0.5635788344, 0.441773418, 0.209282086"
1710,"jamesbond, mspacman, seaquest",42,0.16195151544135702,0.19966004128170517,0.1481197204563852,0.4175951435674147,34.105826030131766,"0.4908000757, 0.3665503955, 0.3515951736"
1711,"crazyclimber, mspacman, pong",42,0.18404287455759155,0.1996788150658768,0.14746029175679712,0.41748561281646923,33.95398696077538,"0.05001097299, 0.7514072645, 0.3174447988"
1712,"crazyclimber, hero, pong",42,0.18229210487617434,0.19968949248264453,0.15857487110386642,0.4174233136168545,36.5132134327215,"0.1637387816, 0.6909038415, 0.2054153938"
1713,"assault, breakout, seaquest",42,0.18771453991662815,0.19971287432117465,0.1632103227203526,0.4172868766783556,37.58056561186313,"0.7363549442, 0.03078520416, 0.1286206082"
1714,"amidar, battlezone, mspacman",42,0.18916604036994283,0.1997189224599765,0.15058340827215147,0.41725158217639435,34.67311111396922,"0.4481337831, 0.2919449619, 0.6171339166"
1715,"assault, breakout, demonattack",42,0.18760692442079735,0.1997669427792633,0.16136323322788595,0.41697131700227485,37.155257538785165,"0.7497291618, 0.0684461516, -0.03141247074"
1716,"frostbite, mspacman, upndown",42,0.18214233472655034,0.199787698823857,0.16115487619363486,0.4168501558346729,37.107281558676455,"-0.1211813511, 0.9114528148, 0.3447207523"
1717,"bankheist, crazyclimber, upndown",42,0.17687794606116652,0.19983174990422806,0.17226433756978454,0.41659297070452284,39.665329574268,"0.2592055711, 0.3650881021, 0.2357758159"
1718,"battlezone, crazyclimber, freeway",42,0.18108687909813764,0.1999257739353217,0.16120695208816377,0.41604383688973345,37.11927247652112,"0.4790540876, 0.4325849932, 0.01263676769"
1719,"gopher, krull, pong",42,0.18280652081297463,0.199980366002388,0.15586394297083517,0.4157248812502443,35.888999161991904,"-0.02723721128, 0.5761287674, 0.1284357264"
1720,"assault, choppercommand, demonattack",42,0.18863699182371285,0.19998981823259984,0.16196582555772046,0.4156696474934778,37.29400955036811,"0.8215928718, -0.05579204531, -0.004736579757"
1721,"assault, choppercommand, freeway",42,0.1886375740531325,0.20003655999718267,0.16215237984269532,0.41539647535120705,37.33696526192984,"0.8228822436, -0.05848194667, -0.00474369725"
1722,"amidar, privateeye, upndown",42,0.18484993401564398,0.20004179364168018,0.16133078258948333,0.41536588447277,37.14778550316076,"1.074773518, 0.08739936092, 0.3156117964"
1723,"crazyclimber, krull, privateeye",42,0.1816620528778826,0.2000579242207205,0.1618761401290845,0.4152715955058789,37.273358717264514,"0.1131805089, 0.5505649951, 0.02993145652"
1724,"gopher, hero, mspacman",42,0.18511643923856452,0.20012804436988033,0.16118074428194526,0.41486162995662146,37.113237906129235,"0.09874191064, 0.5198561444, 0.6063648671"
1725,"alien, bankheist, upndown",42,0.18240425471449578,0.20013888567134372,0.14957549049013827,0.4147982322123295,34.4410294679865,"0.9740942913, 0.1386311014, 0.2353670875"
1726,"freeway, krull, kungfumaster",42,0.1830207026870117,0.20015653495014663,0.16157866015259625,0.4146950154433714,37.20486142133191,"-0.002414477252, 0.5093107176, 0.19005589"
1727,"battlezone, freeway, jamesbond",42,0.1831709683555288,0.20018806184905955,0.15553162770573317,0.4145106167241245,35.81248074443209,"0.05148048469, -0.04522517646, 0.7804788414"
1728,"gopher, mspacman, pong",42,0.1841332002767849,0.2003155208129053,0.1469333541510756,0.41376482173068874,33.832655093188144,"0.02247647245, 0.7708501347, 0.3401002436"
1729,"asterix, bankheist, mspacman",42,0.17755145092995886,0.20031682138081175,0.1514458762318825,0.4137572093287092,34.87170170069538,"0.187882539, 0.2451707357, 0.7959199689"
1730,"pong, privateeye, upndown",42,0.18286289077668824,0.20034052509549408,0.16424219428527412,0.4136184595829685,37.8181628201904,"0.4997756778, 0.108622359, 0.3841071658"
1731,"freeway, krull, pong",42,0.1831000938908592,0.20036026268379784,0.1563398040322521,0.4135029130398754,35.9985702206274,"0.008227952943, 0.5655822377, 0.1080485248"
1732,"choppercommand, mspacman, upndown",42,0.18648259456878363,0.2003910816905828,0.16289632437130952,0.4133224715929549,37.50826482008999,"0.04247022395, 0.8366929722, 0.2916727857"
1733,"freeway, mspacman, pong",42,0.18439095290062724,0.20041326901620626,0.14611387179243449,0.4131925503822895,33.64396230689028,"0.001263800539, 0.772644618, 0.360351934"
1734,"choppercommand, kangaroo, mspacman",42,0.18921531957659196,0.2004440350681693,0.1513470621344039,0.41301237135204016,34.848948913912196,"0.07640302288, 0.2763470645, 0.8313681031"
1735,"bankheist, hero, upndown",42,0.1723477719000714,0.20058364529680128,0.1690654447930971,0.4121944072144387,38.92875729209931,"0.2002019323, 0.6846980883, 0.2219090309"
1736,"crazyclimber, frostbite, gopher",42,0.18582600245148842,0.20068675373269476,0.1637282532180256,0.4115899382643394,37.69982351617801,"0.3402813547, 0.3903978314, 0.2274827045"
1737,"freeway, hero, krull",42,0.17991710638136313,0.20074484135025067,0.15897013045695724,0.4112492652054349,36.60422526215084,"0.006398991321, 0.2928783385, 0.4915639107"
1738,"hero, mspacman, seaquest",42,0.16301456134065598,0.2007749322090966,0.15295685691569152,0.41107274915732794,35.219617860529446,"0.6760180948, 0.3928308174, 0.5988441967"
1739,"crazyclimber, gopher, krull",42,0.1812660465108448,0.20082842737584575,0.16272033253182291,0.4107588757244346,37.46774120148095,"0.1345997043, -0.03434931127, 0.5597457702"
1740,"gopher, hero, seaquest",42,0.17299162706425178,0.200839242389368,0.15903041365574358,0.4106954103833951,36.61810598163919,"0.06497926118, 0.9229127942, 0.7196494441"
1741,"amidar, gopher, hero",42,0.17851952093298634,0.20088387474284736,0.16601356498717917,0.41043345985041857,38.2260359974277,"0.9277588011, 0.1756666069, 0.3170085782"
1742,"asterix, gopher, upndown",42,0.18903694198905152,0.20089486049558622,0.16325517837770728,0.4103689747408895,37.59089400865926,"0.2593120461, 0.2310345574, 0.4862395485"
1743,"kangaroo, pong, privateeye",42,0.1779729506482744,0.20102975364854545,0.15297222398555424,0.40957687990122016,35.22315625912834,"0.3779361723, 0.5096777865, 0.059756402"
1744,"choppercommand, hero, kangaroo",42,0.18380373453743637,0.2010988281659478,0.1584562472013446,0.4091710673489338,36.48589926975955,"0.1311584634, 0.7889250503, 0.2556944158"
1745,"alien, bankheist, kangaroo",42,0.17977426561637494,0.20114447414680223,0.14501168750277474,0.4089028208639579,33.39017499538,"1.041293663, 0.08898108258, 0.2415886973"
1746,"choppercommand, kungfumaster, mspacman",42,0.18482245260783628,0.20115364354735002,0.16914436988150502,0.40884892795579064,38.94693046530245,"0.09619883286, 0.5045358254, 0.4751428237"
1747,"bankheist, hero, qbert",42,0.1775258619072015,0.20117262873677336,0.1670418801989509,0.408737335200024,38.46281432518015,"0.2209306165, 0.7645473014, 0.2200502538"
1748,"crazyclimber, kangaroo, seaquest",42,0.17055201459762234,0.201175022809421,0.15634784247470862,0.40872326236909196,36.000421140404534,"0.3727299113, 0.3760529541, 0.3482713479"
1749,"demonattack, freeway, jamesbond",42,0.18268677375301692,0.20125121709787455,0.1569637048743086,0.4082752898395501,36.14222869846998,"0.02681725524, -0.04256452801, 0.79301664"
1750,"amidar, bankheist, seaquest",42,0.16084013091002283,0.2013975163916609,0.14597039913566684,0.4074146702215933,33.610926506817734,"1.073017804, 0.2474486846, 0.4814279185"
1751,"bankheist, gopher, mspacman",42,0.18052013887460913,0.20144194745292207,0.16687324969161446,0.40715317643703364,38.423985715938464,"0.2358385712, 0.1307488144, 0.7993754794"
1752,"alien, boxing, seaquest",42,0.16336972872210478,0.20145922543698197,0.14135754441572607,0.40705147331725755,32.54877745538945,"1.123100022, 0.18438181, 0.1792187217"
1753,"battlezone, frostbite, mspacman",42,0.18587414827555068,0.20153264026764883,0.15763165810982244,0.4066192355052898,36.29603061476111,"0.4616593741, -0.1707559182, 0.9357013725"
1754,"amidar, gopher, privateeye",42,0.1822521085808093,0.20153378948955433,0.16789487534644332,0.40661246808422824,38.65922371628139,"1.240263647, 0.2519798214, -0.1219094296"
1755,"choppercommand, crazyclimber, hero",42,0.18185389030140486,0.2015548018932113,0.16685982433495156,0.4064887255755878,38.42089441332645,"0.09430861947, 0.2723806512, 0.7315412415"
1756,"amidar, frostbite, kungfumaster",42,0.18146127716545052,0.20173128367172755,0.16672382534064029,0.4054489112790448,38.38957948763012,"0.7054896331, 0.006827259066, 0.5053470798"
1757,"crazyclimber, freeway, krull",42,0.18148638796377325,0.20176499208898696,0.16174957782352653,0.40525020089333674,37.244216669453245,"0.1199269971, 0.01795667936, 0.5354027839"
1758,"freeway, gopher, krull",42,0.18507188075813952,0.20182790077016405,0.16083346362469297,0.40487926678886976,37.03327357968181,"0.01197109472, 0.004459639967, 0.6376102642"
1759,"freeway, kangaroo, pong",42,0.17767759869537017,0.2019674217823309,0.14832283099645957,0.4040561838933727,34.152593960312295,"0.0298662497, 0.3761537261, 0.4908084584"
1760,"alien, amidar, choppercommand",42,0.18676330344835682,0.20201214373283055,0.15609885368998255,0.4037922331989484,35.94308935400124,"0.8604879041, 0.7114646552, 0.09127156188"
1761,"bankheist, breakout, crazyclimber",42,0.18748451353855186,0.20206025076936754,0.15706200828124345,0.4035082383516876,36.16486389440985,"0.3315383975, 0.128088551, 0.3890463986"
1762,"gopher, kungfumaster, mspacman",42,0.18523030471238036,0.20208510526982335,0.16365678196827343,0.40336148592003584,37.68336665275231,"0.08638186025, 0.4272681252, 0.5344721531"
1763,"breakout, qbert, upndown",42,0.18410621977284933,0.20209253234247834,0.1611710458836737,0.4033176295554953,37.111004767400644,"0.2068978447, 0.2892138386, 0.4680702245"
1764,"assault, demonattack, freeway",42,0.19016108769886364,0.20215964613309004,0.16534549295930487,0.40292125404701873,38.072206728184725,"0.7965254887, -0.009591111009, 0.004597325226"
1765,"freeway, jamesbond, seaquest",42,0.1724092333286082,0.2022211512565368,0.15739279032162934,0.40255788787527924,36.24102927393212,"-0.02276071981, 0.7233949226, 0.3806817977"
1766,"crazyclimber, hero, kungfumaster",42,0.18391559714716457,0.20229330593439995,0.16096345181941996,0.4021314642928171,37.063204467626164,"0.2323258954, 0.5497260817, 0.2203428227"
1767,"demonattack, jamesbond, seaquest",42,0.17265871076547687,0.20238634401360664,0.15244326133543057,0.40158139832546236,35.10135810783579,"-0.01697577757, 0.7094295744, 0.4264406051"
1768,"choppercommand, hero, upndown",42,0.18580022283033096,0.20244441346656947,0.16685995022757588,0.4012379480172007,38.42092340117446,"0.1058865046, 0.8037608564, 0.2589989044"
1769,"freeway, mspacman, upndown",42,0.18480613085819056,0.202496592162318,0.1611050901011662,0.40092925439913696,37.095817887240784,"0.04776537799, 0.7876004039, 0.304052182"
1770,"gopher, krull, privateeye",42,0.18478911143419124,0.2025015817386737,0.16322027760043145,0.40089973147213864,37.58285780771033,"-0.015885159, 0.6563847522, 0.05001123517"
1771,"amidar, choppercommand, hero",42,0.1901389930144725,0.2026399563001695,0.16377736841607826,0.40008069035478855,37.71113270846556,"0.7127295777, 0.1303467894, 0.6251490932"
1772,"battlezone, boxing, freeway",42,0.1831125079420617,0.20269695452882966,0.15782106767667048,0.39974315428661755,36.33964377927059,"0.5479623543, 0.2968027507, 0.08587502791"
1773,"crazyclimber, krull, mspacman",42,0.1724528556029292,0.2027570055223073,0.15739141389460407,0.3993874374530122,36.240712339897115,"0.1005860163, 0.3801187954, 0.3667318646"
1774,"gopher, hero, pong",42,0.18645981773662015,0.20279315361155098,0.1621426928086949,0.39917326056867075,37.334734739921366,"-0.01085766254, 0.7421860196, 0.3714634497"
1775,"mspacman, privateeye, upndown",42,0.1872493448132624,0.20279505984470583,0.1620371347547598,0.3991619651061411,37.31042909977773,"0.8626222636, -0.03541982966, 0.2988906759"
1776,"alien, choppercommand, upndown",42,0.18806081039549327,0.20281638594621512,0.1630014702230997,0.3990355891808731,37.532475547182216,"1.118795559, 0.06302145433, 0.2468502817"
1777,"gopher, kangaroo, upndown",42,0.18111865501258131,0.20289304551653914,0.1688662049326953,0.3985812039999501,38.88288061885017,"0.2204113386, 0.2861955938, 0.3823120113"
1778,"amidar, freeway, gopher",42,0.18495416718564786,0.20300732095375926,0.16836317501679843,0.39790353907206966,38.76705370028276,"1.276515182, -0.007357750025, 0.2261097982"
1779,"alien, battlezone, choppercommand",42,0.18858403786435093,0.20314135131564043,0.15500267696361403,0.39710823921831095,35.690685335058916,"1.082053104, 0.3101096772, 0.1108727489"
1780,"boxing, crazyclimber, kangaroo",42,0.17751368524085062,0.20318184399607997,0.15322392943500637,0.3968678633778051,35.28111358070172,"0.0505102128, 0.3957512529, 0.362325983"
1781,"amidar, kangaroo, mspacman",42,0.1888846479944633,0.20335943786047764,0.1595875512657916,0.39581305083768603,36.746391657203475,"0.3728453717, 0.2344402473, 0.6640777252"
1782,"hero, kungfumaster, mspacman",42,0.18337334153352378,0.20337503241005506,0.1609472172064377,0.3957203835418456,37.059466309841824,"0.3494146996, 0.3150463942, 0.4615547431"
1783,"crazyclimber, pong, upndown",42,0.18544114769461037,0.20346637935537001,0.16688683124059428,0.3951774310180778,38.427112983160534,"0.02957140981, 0.4770484247, 0.3834989855"
1784,"asterix, crazyclimber, upndown",42,0.19263371634486137,0.20354799769770415,0.16762075033475204,0.39469209760147717,38.596104099727675,"0.2184397058, 0.3220039791, 0.3685720155"
1785,"freeway, krull, privateeye",42,0.1846161280523266,0.2035540057296229,0.16214676904644093,0.39465636388843683,37.33567332834832,"0.01613417049, 0.6344732022, 0.04713142403"
1786,"alien, freeway, upndown",42,0.17978797704911662,0.20363693065002234,0.1639363540198748,0.3941630471626011,37.74774049659582,"1.02107154, 0.08776077473, 0.2538454532"
1787,"amidar, bankheist, battlezone",42,0.17237443694728516,0.203641050499017,0.1519369633910071,0.39413853312183833,34.98477869789149,"0.9602703363, 0.2627193108, 0.1964002615"
1788,"amidar, hero, mspacman",42,0.18850224986476874,0.2037440117632761,0.15630445424155193,0.393525729050885,35.990430630516734,"0.365217051, 0.5096040789, 0.4809659311"
1789,"crazyclimber, frostbite, qbert",42,0.1873239296794558,0.20378498385452087,0.1587694383236394,0.3932817855119327,36.55801419070496,"0.4697036304, 0.2509405561, 0.2587817154"
1790,"alien, amidar, mspacman",42,0.18670886856693206,0.20379614208907826,0.15906870953473015,0.3932153420541049,36.62692393364694,"0.7453254316, 0.4775106367, 0.3363417868"
1791,"alien, amidar, qbert",42,0.18601897367797676,0.20383238815715035,0.16137792492264563,0.39299948405386453,37.158640426519604,"0.7970375067, 0.6790003182, 0.1476483386"
1792,"boxing, crazyclimber, frostbite",42,0.18656726530550477,0.2040109760422357,0.1672509163948443,0.39193537026877845,38.510946688036185,"0.161540304, 0.3992543617, 0.3163257245"
1793,"hero, qbert, seaquest",42,0.17360287349767875,0.2040531675693564,0.1617549513436383,0.39168383646713023,37.24545396818387,"0.9381888492, 0.1006565411, 0.6631911219"
1794,"amidar, bankheist, kangaroo",42,0.1792881348078114,0.204068695508985,0.15268434559801958,0.39159125024384744,35.15686981075509,"1.08444062, 0.2726325542, 0.07850750703"
1795,"kangaroo, mspacman, privateeye",42,0.191524039584765,0.2041117340694333,0.15990823501975282,0.3913345935535031,36.82023182034712,"0.2819378999, 0.8898195127, -0.07197693354"
1796,"battlezone, boxing, choppercommand",42,0.19069884406866877,0.20415061285093994,0.16643068847296155,0.3911026968111936,38.32208222945772,"0.63839538, 0.2837866431, 0.04462597725"
1797,"battlezone, boxing, privateeye",42,0.19108865443354006,0.20433314408464665,0.16546314428882666,0.3900133788726047,38.09929694793751,"0.6456479827, 0.3013114145, -0.05514100878"
1798,"amidar, demonattack, privateeye",42,0.18596634797652262,0.20446736389347284,0.16179423430271672,0.38921175486133563,37.25449920378214,"1.282004959, 0.2021887851, 0.3504886317"
1799,"gopher, kangaroo, pong",42,0.17870958015175556,0.20447383103200484,0.1505307954624652,0.38917311676684174,34.66099656684081,"-0.0131556878, 0.3852065898, 0.5219589374"
1800,"hero, pong, privateeye",42,0.18651239674040912,0.20450529411738372,0.1623816245137683,0.3889851222749323,37.38975079815594,"0.7411733253, 0.3618271076, -0.005454898859"
1801,"frostbite, gopher, upndown",42,0.1889775410592875,0.20452228781497933,0.16487665986783365,0.38888357152030684,37.96425391943233,"0.3010626797, 0.3677576193, 0.3168223974"
1802,"freeway, hero, pong",42,0.18643460721880525,0.20452447282379058,0.16441710773042909,0.38887051375601156,37.858438129328206,"0.008528696911, 0.7334828182, 0.3590635165"
1803,"bankheist, battlezone, gopher",42,0.18834098542281635,0.20472979014375858,0.16672454133672304,0.3876429007718518,38.389744351820795,"0.2509109806, 0.5281226126, 0.2540282547"
1804,"crazyclimber, frostbite, mspacman",42,0.188153580764549,0.2047795005314388,0.16015085704997115,0.38734549212989444,36.87609760734839,"0.3502438406, 0.1497340975, 0.5505643661"
1805,"alien, bankheist, mspacman",42,0.18001687946261657,0.20486031993247888,0.15236290588301088,0.386861809524472,35.08285558114756,"0.6169104185, 0.1782111385, 0.5741447172"
1806,"bankheist, mspacman, qbert",42,0.18345932971386542,0.2049119957582598,0.151238834512182,0.38655244343049955,34.82402858295436,"0.226582656, 0.8162977168, 0.1914070447"
1807,"alien, battlezone, frostbite",42,0.1812656974201154,0.2049316697049199,0.1453048710961364,0.38643464150444407,33.4576830125385,"1.299916151, 0.4215442091, -0.2191471998"
1808,"battlezone, boxing, frostbite",42,0.19007730400221998,0.2049424008168206,0.16797081999358693,0.38637038193031825,38.67671061752194,"0.5772943829, 0.3006300427, 0.07123023684"
1809,"alien, battlezone, demonattack",42,0.18948864885649003,0.2050572465234313,0.1556539634085994,0.3856824572005272,35.84064958100816,"1.164645025, 0.2416167924, 0.072790816"
1810,"crazyclimber, frostbite, pong",42,0.18914911438614734,0.20508575045085484,0.1543527917653025,0.38551165924073383,35.541043738079956,"0.2407449491, 0.3129643774, 0.3998348578"
1811,"freeway, hero, seaquest",42,0.17291145266997332,0.20521182501740118,0.16565833365147523,0.384755924983852,38.14424095961207,"0.04956924957, 0.9354219003, 0.7691165211"
1812,"amidar, asterix, mspacman",42,0.18931756542357742,0.20522218037215248,0.1614639937888518,0.38469383079017994,37.17845851534933,"0.7649704515, 0.2063391186, 0.5081091695"
1813,"frostbite, jamesbond, seaquest",42,0.17287581447421335,0.20528926570951525,0.15661507096532387,0.3842914886205343,36.06195277429593,"-0.01453985848, 0.7115194556, 0.3935489596"
1814,"bankheist, freeway, pong",42,0.18298127407427878,0.20532543374692766,0.1526158950868,0.38407451741085485,35.14110849808089,"0.3710481769, 0.1125743064, 0.4649648994"
1815,"breakout, freeway, upndown",42,0.18235055639889503,0.20534141799471367,0.1675131087517892,0.38397861610370154,38.57131870929602,"0.2756025769, 0.1341648051, 0.4623888544"
1816,"asterix, crazyclimber, mspacman",42,0.18836371306267377,0.20552597670648967,0.15353766997950963,0.38287077135627323,35.353355010785826,"0.1373669599, 0.2438290962, 0.7461048108"
1817,"gopher, kungfumaster, seaquest",42,0.1820768346337547,0.20561416978095104,0.1725615391488881,0.38234102614016197,39.73376276683381,"0.061906353, 0.6921929584, 0.5426327392"
1818,"choppercommand, hero, kungfumaster",42,0.18670537827735734,0.2056975201807866,0.17285902744803644,0.38184016029793744,39.802261979129725,"0.1323392247, 0.4706947276, 0.475944789"
1819,"mspacman, seaquest, upndown",42,0.17076734030525423,0.20601823753512424,0.15564003660069425,0.37991102528014353,35.83744281498062,"0.7251936721, 0.4542606792, 0.2885377851"
1820,"crazyclimber, gopher, hero",42,0.18713389522399645,0.206053186773055,0.16813482168440447,0.3797006218170397,38.71447340237217,"0.313253994, -0.007241531347, 0.7405586369"
1821,"crazyclimber, kungfumaster, mspacman",42,0.18380748686149065,0.20614633225683912,0.165430511182878,0.37913968756750693,38.09178289760796,"0.1590750763, 0.3500583823, 0.5051211392"
1822,"bankheist, choppercommand, pong",42,0.18578525990590378,0.20620051896652677,0.15940113389631358,0.3788132514996808,36.70346747159995,"0.3387230586, 0.1415980986, 0.5240631473"
1823,"alien, asterix, freeway",42,0.18742100278814686,0.20628229172134468,0.1556652620218846,0.37832046686433607,35.843251182860364,"1.184734881, 0.2096812377, 0.1146627357"
1824,"hero, mspacman, privateeye",42,0.19011534614919215,0.20630032545308885,0.15597750885506315,0.3782117644459754,35.915148673201514,"0.6179253032, 0.6613077691, -0.0964986203"
1825,"frostbite, kungfumaster, seaquest",42,0.17490752386609845,0.20632660910047443,0.16533288588151412,0.3780533167675695,38.06930384124601,"0.1321673414, 0.6614408204, 0.5590743723"
1826,"amidar, freeway, upndown",42,0.18656317662308233,0.2064405964729557,0.16395174329554857,0.3773659245630192,37.751284008271654,"1.093250617, -0.003251886992, 0.318008085"
1827,"choppercommand, kungfumaster, pong",42,0.1896902370540346,0.20647131045791514,0.1608187606403348,0.37718064127527295,37.029888092421245,"0.1235556126, 0.5925341331, 0.2259166159"
1828,"crazyclimber, demonattack, qbert",42,0.18963290781662248,0.20650196692677766,0.17211218176455703,0.3769956774687816,39.63029440537506,"0.4897582786, 0.1574045604, 0.2719378025"
1829,"crazyclimber, hero, privateeye",42,0.1864152351975916,0.2065261697591138,0.1650914735828942,0.37684963185948395,38.013716605239246,"0.3071201741, 0.7493514224, -0.05885017676"
1830,"amidar, asterix, demonattack",42,0.19495189096737794,0.20657770518662166,0.1599778035157926,0.3765385978875808,36.83625055853945,"1.313420193, 0.1837373899, 0.08642218011"
1831,"frostbite, hero, mspacman",42,0.19156171755347576,0.20669817763612494,0.16022788339391336,0.3758112026093553,36.893833578481306,"-0.03557025453, 0.6239734639, 0.6749473212"
1832,"crazyclimber, kungfumaster, seaquest",42,0.18353253085446197,0.2067117549019172,0.17197657502298708,0.3757291984461586,39.59906979921021,"0.07237707191, 0.6751777788, 0.5191006512"
1833,"battlezone, mspacman, privateeye",42,0.19413689860241334,0.20671316780616447,0.14888614055171223,0.37572066445754426,34.28230077877888,"0.3540923228, 0.8970362017, -0.06192389577"
1834,"bankheist, breakout, upndown",42,0.17825742252395896,0.20671659220274163,0.16895408533667425,0.37569998074639355,38.903115829666994,"0.2433549288, 0.2547729329, 0.3912008016"
1835,"alien, bankheist, battlezone",42,0.18557842550563278,0.20677218877363482,0.14843173402947446,0.3753641237413421,34.177669810352484,"0.9731357745, 0.157606276, 0.2793778171"
1836,"amidar, hero, qbert",42,0.18620186173514408,0.20684947433576445,0.16807434422047804,0.3748970942333333,38.70054795168226,"0.6189392892, 0.5815370961, 0.2216167619"
1837,"battlezone, breakout, demonattack",42,0.19560594122833969,0.20691733083044256,0.16237124586056706,0.37448689981942684,37.387361024941285,"0.730269284, 0.3827490195, -0.1239120986"
1838,"alien, amidar, privateeye",42,0.19171937063941533,0.20692804874222456,0.16063310147511836,0.3744220974383855,36.987138489800735,"0.9311509371, 0.7268084455, -0.01208790961"
1839,"battlezone, hero, kungfumaster",42,0.18846339932733086,0.20695972206974342,0.16522367710692618,0.3742305753094467,38.044157591606975,"0.2174429742, 0.3138193709, 0.4846157198"
1840,"freeway, kungfumaster, seaquest",42,0.18467694025321144,0.20698017657023723,0.17160748360357092,0.37410687555375266,39.51408335918025,"0.002050424761, 0.743705215, 0.5741503223"
1841,"choppercommand, frostbite, kungfumaster",42,0.19211327678947338,0.2070470027491734,0.17589177820595764,0.37370265522060353,40.5005786477253,"0.1213407112, 0.1235315904, 0.7298873499"
1842,"amidar, demonattack, qbert",42,0.1952855787470389,0.20707715470716062,0.1667572031949327,0.3735202283705831,38.39726502260311,"1.228997194, 0.1194182149, 0.2075566676"
1843,"hero, privateeye, seaquest",42,0.17424209126026574,0.20711913485023228,0.16756456758230082,0.3732661938170061,38.583167542899915,"1.009182134, -0.08978950331, 0.7741697318"
1844,"crazyclimber, freeway, hero",42,0.18553310327682213,0.2072629771123769,0.16711689042749517,0.3723953702405457,38.480086068586964,"0.3042102193, 0.03673262202, 0.6993688939"
1845,"bankheist, hero, kangaroo",42,0.1789597731697268,0.20732789197469997,0.1740353591823125,0.3720021765430369,40.07312237070571,"0.188706915, 0.7399039151, 0.1906132124"
1846,"alien, amidar, freeway",42,0.19131021826304143,0.20743275084061327,0.1595918044242062,0.3713667792360419,36.747370983119836,"0.9512288028, 0.6656455961, 0.02212984516"
1847,"frostbite, gopher, mspacman",42,0.1934304072308222,0.2075449541768103,0.16883441384412207,0.3706865219386458,38.8755604501863,"0.2497159212, 0.2717036516, 0.6490679868"
1848,"battlezone, hero, upndown",42,0.18652834127594067,0.20757716540718324,0.171480399297572,0.370491166339296,39.484821116325584,"0.1775922022, 0.6746144653, 0.2659239602"
1849,"alien, asterix, mspacman",42,0.1840405297873051,0.20767060299679896,0.16316473139519144,0.36992431182672025,37.570067821294536,"0.773130036, 0.1488658504, 0.5352628307"
1850,"amidar, battlezone, seaquest",42,0.17457274044682336,0.2078505408042809,0.15545706774074858,0.3688319708470911,35.79531267804132,"0.9554487353, 0.3086568175, 0.648684241"
1851,"battlezone, gopher, kangaroo",42,0.18652368930346278,0.2079066396756788,0.16309581337605109,0.3684912203034909,37.55419886094341,"0.4822139282, 0.2375127525, 0.2733960021"
1852,"alien, freeway, qbert",42,0.189840283607808,0.2079069759779349,0.16623775076439024,0.3684891772903438,38.27765668029444,"1.12270502, 0.1207103638, 0.2531495149"
1853,"alien, crazyclimber, seaquest",42,0.16749618207698727,0.20804153842813847,0.16119079816752985,0.3676714544310441,37.11555289883661,"0.9670906972, 0.2795635566, 0.1681795138"
1854,"alien, privateeye, upndown",42,0.19006197100587324,0.2080867347484682,0.16583210877961102,0.36739668211343557,38.18425416156993,"1.160689066, -0.03715172323, 0.2594423068"
1855,"breakout, frostbite, upndown",42,0.18531869504814366,0.2081605861904345,0.1615239980962226,0.36694757172044046,37.19227501771607,"0.3387804027, 0.2487637512, 0.3428176142"
1856,"asterix, bankheist, crazyclimber",42,0.18824817187773368,0.2085053401473943,0.16843294454044316,0.3648489221789336,38.78311872679172,"0.1652626305, 0.3340299304, 0.4151511969"
1857,"demonattack, pong, qbert",42,0.19715868065462072,0.2085076524363543,0.16600234252312324,0.3648348346647463,38.22345192958351,"0.1341698903, 0.569192919, 0.3128643315"
1858,"freeway, kangaroo, mspacman",42,0.1913907017149757,0.2085966904648582,0.16396560573413824,0.364292255738782,37.75447595271657,"0.03250568244, 0.2802265317, 0.8386468474"
1859,"bankheist, boxing, crazyclimber",42,0.18790972307282708,0.20863351234406222,0.1740545578187775,0.3640678032824747,40.077543020118725,"0.3304838406, 0.1201922642, 0.3788433038"
1860,"battlezone, gopher, seaquest",42,0.18807849257003265,0.20866028315889734,0.16778195926688683,0.3639045934976287,38.63322382812677,"0.6279501178, 0.2543716635, 0.6339777231"
1861,"breakout, frostbite, kangaroo",42,0.18589155379375344,0.20883720707702164,0.16469039412457323,0.36282544032397024,37.92136464705565,"0.3358551913, 0.2976180914, 0.310882099"
1862,"bankheist, gopher, hero",42,0.18416119626440253,0.20892071802184764,0.17892129362117923,0.3623157448592321,41.19815035113379,"0.2527590531, 0.1083095843, 0.7765060384"
1863,"frostbite, kungfumaster, mspacman",42,0.18890179827920991,0.20901834540508668,0.1690148665560663,0.3617196336497023,38.91711122263761,"0.05883331077, 0.5153131874, 0.470514147"
1864,"alien, bankheist, freeway",42,0.18436871820890546,0.20902163373432206,0.15596686083284936,0.3616995503168733,35.912696875479575,"1.04636411, 0.2328421709, 0.1246133182"
1865,"alien, bankheist, demonattack",42,0.18788511718200815,0.20902453341916094,0.1592361812976117,0.36168184035124173,36.665485732117794,"1.159601003, 0.1816152318, 0.1081046969"
1866,"frostbite, kangaroo, mspacman",42,0.1915214494532048,0.20913473684034334,0.16274468467391756,0.36100858551647885,37.47334848941791,"-0.05270987383, 0.2937768867, 0.9135258649"
1867,"choppercommand, crazyclimber, mspacman",42,0.19466719864079562,0.20915617000606138,0.16183244832641655,0.3608776047824034,37.26329830791359,"0.04974973185, 0.2797860751, 0.7804469037"
1868,"demonattack, pong, privateeye",42,0.1935239344929357,0.20916373655850878,0.15423194067513527,0.36083136143612604,35.513216746210844,"0.2503533218, 0.6270945862, 0.4449972134"
1869,"battlezone, hero, kangaroo",42,0.18771571878456683,0.2091885370713715,0.1672662708774563,0.360679780191017,38.514482188313494,"0.191282493, 0.673759914, 0.254213375"
1870,"crazyclimber, mspacman, privateeye",42,0.19532362915275392,0.20928081939184692,0.1557058127580404,0.36011559089516976,35.852588334918586,"0.2894695576, 0.8094332678, -0.05863402299"
1871,"amidar, battlezone, demonattack",42,0.19787566005462576,0.20929204228331713,0.16226045183757082,0.36004696018308324,37.36184975836688,"1.183810559, 0.2223690329, 0.1043357031"
1872,"freeway, hero, mspacman",42,0.1919060577266258,0.20933153412315375,0.16017942176938652,0.3598054287126916,36.88267487705953,"0.01199644703, 0.6049370592, 0.6438272101"
1873,"alien, choppercommand, mspacman",42,0.19056579005253124,0.2094019233756857,0.16354437096379304,0.3593748161546082,37.65748306243181,"0.870071467, 0.07267551391, 0.5479026392"
1874,"battlezone, gopher, hero",42,0.19254610762985097,0.20975881931542917,0.18561679576834153,0.3571892453382324,42.739846694550344,"0.3721083865, 0.1861337471, 0.5732588151"
1875,"battlezone, frostbite, kungfumaster",42,0.19282810239669712,0.20984197919455572,0.1693332437977748,0.356679453556522,38.99042029170827,"0.2407830479, 0.04322917653, 0.6584796738"
1876,"amidar, hero, kangaroo",42,0.18548944550167326,0.20992734878527147,0.16704551096912518,0.35615590547087417,38.463650340908096,"0.5007377998, 0.5836452763, 0.2061385971"
1877,"battlezone, freeway, mspacman",42,0.1948084971769926,0.20995411049474721,0.15605466481171804,0.3559917394679605,35.93291448876444,"0.3623784408, -0.0106863661, 0.891824865"
1878,"freeway, kungfumaster, mspacman",42,0.18987824434510478,0.20998006553387988,0.16838812657176774,0.3558325018826133,38.7727990081347,"-0.02060806456, 0.5208619528, 0.5473386398"
1879,"boxing, frostbite, pong",42,0.1814091457596611,0.21012820900015208,0.16257770716962963,0.3549232453870921,37.43490049819403,"0.1448988822, 0.3283529601, 0.484256394"
1880,"gopher, hero, kangaroo",42,0.1860730920233408,0.2102790915046675,0.1732285380856589,0.35399651840474,39.887344947718944,"0.1093164775, 0.7136985893, 0.2663212777"
1881,"alien, mspacman, qbert",42,0.18701083901532312,0.21029573743108942,0.16313722556357022,0.3538942376504469,37.56373436950839,"0.748322909, 0.5460198875, 0.1582900298"
1882,"bankheist, crazyclimber, pong",42,0.18841950672614255,0.2103885656144143,0.16529550799004936,0.3533237071937452,38.06069726367658,"0.3312351695, 0.2490506981, 0.309224756"
1883,"battlezone, kungfumaster, privateeye",42,0.19243897389783707,0.21041732746744646,0.16916485159670774,0.3531468831368034,38.95164655451292,"0.2747482468, 0.6542209654, 0.06793815351"
1884,"alien, demonattack, qbert",42,0.19530822388882393,0.2104640062817001,0.16626825289231745,0.35285985653116403,38.28468005480142,"1.279649425, 0.09773094941, 0.156640619"
1885,"crazyclimber, gopher, mspacman",42,0.1944758636182937,0.2104805033177281,0.1614341592605316,0.3527584015331251,37.171588861332665,"0.243515647, 0.05616608428, 0.7967743817"
1886,"kungfumaster, mspacman, privateeye",42,0.19030873500557474,0.21052188042372205,0.16979624917441824,0.3525039017941165,39.09703121953179,"0.5048387205, 0.5427232277, 0.008320359116"
1887,"amidar, battlezone, choppercommand",42,0.19885292061892443,0.21061045902704859,0.16640625882120413,0.35195890983374445,38.31645709426135,"1.063188639, 0.3300517139, 0.1410966126"
1888,"amidar, battlezone, hero",42,0.19341156925500833,0.21069884388018864,0.16617581712864787,0.3514148814384468,38.263395933652916,"0.7123776772, 0.1957755234, 0.5027883285"
1889,"freeway, hero, qbert",42,0.19291126708684775,0.21071426178651365,0.17286653525741263,0.35131995742000766,39.803990716124794,"0.0921399195, 0.8086095926, 0.3399759418"
1890,"frostbite, hero, seaquest",42,0.17552816595222315,0.21083264023771678,0.16468964841739095,0.3505909008463921,37.921192941631475,"0.0344233006, 0.9657351378, 0.7651080918"
1891,"alien, frostbite, mspacman",42,0.1904456136232676,0.21096868136116206,0.16701225656388857,0.349752559626083,38.45599323113068,"0.9890306237, -0.09315468511, 0.5990030387"
1892,"battlezone, frostbite, gopher",42,0.19763590908960282,0.2109992672560411,0.18297107138880794,0.34956400233480944,42.130646142901846,"0.3955031219, 0.2886246251, 0.3824271321"
1893,"asterix, crazyclimber, frostbite",42,0.19508322497337233,0.21100354067496163,0.17051518927356227,0.3495376551945283,39.26257329503626,"0.1780105672, 0.482713491, 0.3049145257"
1894,"choppercommand, hero, seaquest",42,0.17573819407537347,0.2110536322587211,0.16753138976007612,0.34922878306435035,38.575528067012655,"0.02615920534, 0.989980026, 0.7337590133"
1895,"crazyclimber, freeway, mspacman",42,0.1943731293626688,0.2110539720051685,0.16148706732200918,0.3492266878870759,37.18377139269842,"0.2906121486, 0.03819322954, 0.7486214941"
1896,"alien, freeway, mspacman",42,0.1904306701569275,0.21105468821187187,0.1670895943153372,0.3492222711116426,38.4738009064918,"0.9114037008, 0.05261242749, 0.4994960604"
1897,"bankheist, freeway, mspacman",42,0.1850358923554021,0.21119857364628988,0.1686353783722872,0.3483346399915619,38.8297308391439,"0.2942498301, 0.09045727784, 0.7946253641"
1898,"demonattack, gopher, kangaroo",42,0.18446903909264123,0.21121251801095217,0.15926596237284124,0.34824858487057375,36.67234307810548,"0.2217205945, 0.2948542106, 0.3975871846"
1899,"battlezone, breakout, frostbite",42,0.1934580116430726,0.21123474209925305,0.17028211679749866,0.3481114211912537,39.20890637413913,"0.4421815124, 0.350088615, 0.2239961249"
1900,"choppercommand, hero, qbert",42,0.19454754291405896,0.21126513921131393,0.174202385999281,0.3479237914885638,40.11158171659391,"0.1155451037, 0.9262692483, 0.2494893278"
1901,"freeway, gopher, upndown",42,0.189602727630513,0.2113288633107074,0.17855407465514195,0.34753035946178734,41.113595059427574,"0.1473018984, 0.2829422058, 0.4741367028"
1902,"battlezone, choppercommand, hero",42,0.19845466990866828,0.21136295087231904,0.18380792881633842,0.3473198544462478,42.32333968666115,"0.2697530715, 0.1642619931, 0.8273138585"
1903,"battlezone, freeway, kungfumaster",42,0.19144939191866775,0.21139064290571397,0.16931770029452248,0.3471488195102669,38.9868412678201,"0.2978730639, -0.04449706822, 0.6830577422"
1904,"jamesbond, privateeye, seaquest",42,0.17086827953529368,0.21187245006376815,0.15519237403351283,0.34416943659085275,35.73436469959228,"0.6962669155, 0.09292775757, 0.3835319359"
1905,"frostbite, hero, kungfumaster",42,0.19429937369509875,0.2118775642979579,0.16607076418673533,0.3441377749796354,38.23920659985062,"0.08787181992, 0.3723619853, 0.5509059644"
1906,"choppercommand, kungfumaster, seaquest",42,0.18354773621550122,0.21190726717730596,0.1773460142255492,0.3439538729028594,40.83542886576595,"0.04778042048, 0.7364133816, 0.509647055"
1907,"alien, mspacman, privateeye",42,0.19178107221257135,0.2122096727818283,0.16232255745499774,0.34208009492877667,37.37615010525472,"0.9013879078, 0.5905534698, -0.09370387292"
1908,"gopher, hero, kungfumaster",42,0.19346627488365553,0.21221582691574373,0.17268986946411236,0.3420419346898178,39.763311913915274,"0.07932529446, 0.4538687235, 0.4746858953"
1909,"choppercommand, frostbite, pong",42,0.19239243206620757,0.21233599063527228,0.1627445109763809,0.34129660788225613,37.47330849408205,"0.1005967654, 0.3142134943, 0.6308993795"
1910,"frostbite, hero, upndown",42,0.1901435627096911,0.21233630161724756,0.16626266802586143,0.34129467843985317,38.28339409177662,"-0.07940725755, 0.8563407847, 0.328179084"
1911,"alien, battlezone, privateeye",42,0.19508289255493594,0.21252186770411297,0.16430452369281995,0.3401428567361622,37.83251469665741,"1.207197257, 0.3014785745, -0.06104812018"
1912,"alien, demonattack, freeway",42,0.1933776737558943,0.21259415684459843,0.15887156204374736,0.33969388064829653,36.58152904626113,"1.339845099, 0.09659043788, 0.08000935985"
1913,"battlezone, breakout, privateeye",42,0.19988302690118867,0.21261811321293236,0.17356501725751472,0.33954505785743216,39.96482214024076,"0.6416141343, 0.3273439418, 0.1977277227"
1914,"bankheist, breakout, pong",42,0.19284293081325413,0.21275082382772403,0.15574063532170473,0.33872032346105996,35.86060652651793,"0.3466735315, 0.09477473031, 0.4814621178"
1915,"bankheist, choppercommand, mspacman",42,0.18845138976588344,0.21277528139981441,0.15844465896503523,0.33856827493122676,36.48323097974155,"0.2616788557, 0.09741660084, 0.8830084579"
1916,"boxing, pong, upndown",42,0.18454567767844135,0.2130117065000404,0.1647489103024447,0.3370975595257203,37.93483849494223,"0.03770435891, 0.471429124, 0.3748651815"
1917,"bankheist, mspacman, privateeye",42,0.1906439773697528,0.2130156141821364,0.16075978760754656,0.3370732375220046,37.01630904980256,"0.2698607419, 0.9630963365, -0.1273768199"
1918,"alien, asterix, bankheist",42,0.1896534006808357,0.21311923431240157,0.15154986720588207,0.33642812739443706,34.89564650734912,"1.100412364, 0.1826609298, 0.1884289751"
1919,"battlezone, choppercommand, gopher",42,0.20743794436728372,0.2131420789988691,0.1833111501920171,0.33628586051839215,42.20895218117312,"0.6706188041, 0.1456537835, 0.28921338"
1920,"crazyclimber, demonattack, privateeye",42,0.19019165351298847,0.21325185917554804,0.1665884917902219,0.3356019841104596,38.358417786052584,"0.5341808439, 0.2585100987, 0.3632133731"
1921,"amidar, mspacman, qbert",42,0.19547999972381452,0.21346831887292927,0.17463922893497016,0.3342525151456054,40.21216851976367,"0.6448122201, 0.5915226461, 0.2147164754"
1922,"crazyclimber, kungfumaster, pong",42,0.1980543659695005,0.21356354801360178,0.16418329808187898,0.3336583969887891,37.80460146819324,"0.08284401411, 0.5986392027, 0.18391307"
1923,"amidar, asterix, freeway",42,0.20260270842788644,0.21358805429855715,0.16925690135758534,0.33350546364172506,38.97284179523396,"1.325624223, 0.2660780517, 0.01569504183"
1924,"alien, choppercommand, demonattack",42,0.19949843901916559,0.21358892321787973,0.16643726559078756,0.33350004076205186,38.32359666680382,"1.413396549, 0.06106863052, 0.09704880511"
1925,"kungfumaster, pong, privateeye",42,0.19681510600324528,0.21360602464269574,0.1615253101490685,0.33339330718170634,37.192577129048495,"0.6185441155, 0.2502399402, 0.1003316821"
1926,"breakout, privateeye, upndown",42,0.1967051064228151,0.21361323457094988,0.17156477554579358,0.3333483059459075,39.50424946546136,"0.3177811115, 0.2373497718, 0.5090691199"
1927,"gopher, seaquest, upndown",42,0.195642272573327,0.21366223594551642,0.16945158845051914,0.33304242044022525,39.01767015503273,"0.2564138236, 0.5774167506, 0.5014641516"
1928,"frostbite, pong, privateeye",42,0.1978664117708273,0.21367230974732332,0.16112444691472683,0.3329795271841458,37.10027495827604,"0.3318728229, 0.6641765266, 0.04659198642"
1929,"gopher, mspacman, qbert",42,0.19683070272059813,0.21377961123353598,0.17153175862907732,0.3323094332523824,39.49664703943662,"0.1285200184, 0.9007947584, 0.2106411678"
1930,"gopher, hero, qbert",42,0.19651353188936063,0.2137801743679168,0.17453643994413293,0.33230591561094835,40.18850047996109,"0.0921617386, 0.8642468936, 0.2653368263"
1931,"crazyclimber, freeway, qbert",42,0.1967251765303911,0.21396885166558502,0.17346396200259645,0.3311268136779152,39.941553307886416,"0.4152192876, 0.1467357769, 0.4119710088"
1932,"asterix, frostbite, gopher",42,0.1970148789701337,0.2140148526474934,0.17290741212396193,0.3308391818045364,39.81340296248126,"0.2432815485, 0.4821510531, 0.3983854153"
1933,"amidar, asterix, qbert",42,0.2016468598205876,0.21401515581732214,0.1699004544434955,0.3308372859593479,39.12102536945067,"1.308318636, 0.2165148727, 0.08507073971"
1934,"alien, kangaroo, seaquest",42,0.16838944236932346,0.21413330454788815,0.14137866410461664,0.33009824906312457,32.55364044347026,"0.9497827628, 0.2748129901, 0.4258109998"
1935,"freeway, mspacman, qbert",42,0.2008915744589934,0.21415348335760478,0.1754502392886922,0.3299719869955392,40.39891055483808,"0.08726909447, 0.8745182145, 0.312261041"
1936,"alien, bankheist, qbert",42,0.19612072769481034,0.21420811814969132,0.15469593436968537,0.3296300685716733,35.62005524264227,"1.140313513, 0.1705396074, 0.1733540294"
1937,"amidar, asterix, privateeye",42,0.19996538485153859,0.2145047181833459,0.17238504867198146,0.3277723481395415,39.69312433271575,"1.336538654, 0.2603736727, 0.1167532354"
1938,"kungfumaster, privateeye, seaquest",42,0.18373067912375665,0.21451810183744446,0.1738749057786489,0.327688460539156,40.03617660916611,"0.741076482, 0.06488909627, 0.5638940438"
1939,"bankheist, choppercommand, crazyclimber",42,0.19453645413203394,0.2145603987358395,0.1726226326350423,0.32742331278625025,39.74783006188358,"0.3492673602, 0.09434146126, 0.4564889255"
1940,"alien, battlezone, freeway",42,0.19267758110720795,0.21456678341410867,0.17045238478972796,0.3273832844336223,39.24811202821126,"1.173572208, 0.2556041845, 0.05332052633"
1941,"crazyclimber, frostbite, upndown",42,0.196537523156326,0.2145941372152933,0.17202294902178644,0.3272117779554802,39.60974780704401,"0.4650949523, 0.204159592, 0.2074174845"
1942,"alien, asterix, demonattack",42,0.19743910283708882,0.21460103880987888,0.16098516126229578,0.32716850197154246,37.06820325158047,"1.362992262, 0.1106787793, 0.07995831199"
1943,"freeway, frostbite, pong",42,0.1983103457457501,0.21471524063535813,0.161745199987178,0.32645220506166106,37.24320863538168,"0.001261076285, 0.3366623432, 0.6647226323"
1944,"bankheist, freeway, hero",42,0.18225726466616846,0.2147294865681946,0.1739418022684915,0.3263628249605036,40.05158009519464,"0.2999393311, 0.09533144237, 0.7495533448"
1945,"crazyclimber, seaquest, upndown",42,0.20066284104101198,0.21474470252777647,0.17727774014270822,0.32626735228596515,40.819708177227206,"0.3592449273, 0.4227298908, 0.3734963936"
1946,"frostbite, gopher, hero",42,0.1982378319616924,0.21480440225172762,0.17507451540015095,0.32589270049258545,40.3123969323544,"0.2770273162, 0.272512471, 0.5947155899"
1947,"battlezone, mspacman, seaquest",42,0.1740287237931625,0.21485374251359102,0.1515260145052701,0.3255829819738538,34.890154220063444,"0.360434349, 0.7143195432, 0.513803733"
1948,"bankheist, battlezone, hero",42,0.18528295243835738,0.21502178522052257,0.17749622945820132,0.32452761119471496,40.870017201310496,"0.243213911, 0.1954079999, 0.7255804719"
1949,"demonattack, mspacman, seaquest",42,0.1773924631141896,0.21516638883103684,0.151686159852117,0.323618786166358,34.92702904889965,"0.1658916335, 1.049478041, 0.09314453024"
1950,"alien, gopher, seaquest",42,0.17371209829218465,0.21523633108265042,0.15638595294822277,0.3231789840742266,36.0091964012246,"1.175959341, 0.1850924712, 0.2833917738"
1951,"freeway, kungfumaster, pong",42,0.19859988975536846,0.21537027798843614,0.16406094271250854,0.32233631694843357,37.77642810323722,"-0.01859742211, 0.6479699561, 0.2475236268"
1952,"amidar, demonattack, kangaroo",42,0.1872090648228919,0.21545079368127285,0.17356873940081846,0.32182953615670995,39.96567919540928,"1.009656738, 0.136710718, 0.2369424282"
1953,"asterix, gopher, mspacman",42,0.19636604554139164,0.21562567105399252,0.17341168303404408,0.32072817284035415,39.92951563051984,"0.172995423, 0.1315639576, 0.9318656096"
1954,"amidar, demonattack, freeway",42,0.20428758831694444,0.21576473638380644,0.1673679126162074,0.31985171298576287,38.53788606356092,"1.538197257, 0.1443213988, -0.05353014154"
1955,"asterix, battlezone, breakout",42,0.20073297680430224,0.2160229525452386,0.18091900813535006,0.31822280575576056,41.65814111717255,"0.1649574889, 0.6612703301, 0.2339497303"
1956,"asterix, freeway, upndown",42,0.19313865283341897,0.21603881839402772,0.16826153792027773,0.3181226555543888,38.74365089394838,"0.381196276, 0.1743816206, 0.4782188211"
1957,"choppercommand, crazyclimber, kungfumaster",42,0.19469712481361648,0.21606451167108917,0.1751808107253827,0.31796045595099454,40.336872335487755,"0.1107671149, 0.1490107074, 0.6472039169"
1958,"bankheist, crazyclimber, privateeye",42,0.19855177158483775,0.21611145681681856,0.17375398776755527,0.31766404518066715,40.00833420818425,"0.3606612999, 0.4945337762, -0.06915348438"
1959,"amidar, kangaroo, qbert",42,0.19520628652491262,0.2164036246696748,0.17377078854114203,0.3158178553300802,40.01220272926541,"0.9160332632, 0.2359105399, 0.256697119"
1960,"amidar, choppercommand, mspacman",42,0.2028497216809179,0.21650117579457176,0.17412835787330921,0.31520088062642315,40.09453611066141,"0.7872152098, 0.09726389725, 0.6167856507"
1961,"amidar, asterix, frostbite",42,0.20276742604175482,0.2165437986420423,0.17172749756064348,0.31493121962848214,39.5417175940309,"1.37719165, 0.2580943413, -0.01124744153"
1962,"boxing, mspacman, seaquest",42,0.17436460237261278,0.21659444018747914,0.15548901725330042,0.31461075791421556,35.80266932517435,"0.1768241991, 0.8710502199, 0.2742563452"
1963,"asterix, freeway, mspacman",42,0.20283069080364807,0.21660426310248865,0.1652784784106465,0.3145485894399642,38.05677605810928,"0.2392725256, 0.07575940381, 0.9582546356"
1964,"alien, bankheist, choppercommand",42,0.19645273422259169,0.21678907164810735,0.15995553193222486,0.3133784248502879,36.8311223369074,"1.21395167, 0.1903529193, 0.1131216399"
1965,"kungfumaster, mspacman, seaquest",42,0.17238205980070426,0.21694679102320855,0.1696937076565382,0.3123789933010852,39.073420162483444,"0.4885428414, 0.4154751733, 0.4723907377"
1966,"boxing, crazyclimber, demonattack",42,0.19812579854906875,0.21695592650829468,0.17523381262392285,0.3123210815552403,40.349076473635655,"0.1356220267, 0.467649901, 0.1907212827"
1967,"amidar, choppercommand, demonattack",42,0.20355412987209265,0.21696895519417558,0.1706631556306238,0.31223848577848445,39.296643807839715,"1.403449106, 0.08027208719, 0.124251836"
1968,"bankheist, gopher, upndown",42,0.19287618599671483,0.2170102211899305,0.19354649420763287,0.311976845926355,44.56572723637538,"0.2425852635, 0.252057427, 0.4222315337"
1969,"crazyclimber, gopher, upndown",42,0.20149600158588246,0.2170244897827488,0.18876399477316266,0.3118863668242835,43.464516045869026,"0.2794277705, 0.1539275732, 0.4086773594"
1970,"amidar, asterix, choppercommand",42,0.2006874266611695,0.21706077716829988,0.17672319926937116,0.31165623673836296,40.69202042238702,"1.332887882, 0.2328917571, 0.06482881624"
1971,"hero, privateeye, qbert",42,0.19904214927182687,0.21707537709933775,0.17319826515594983,0.3115636349372576,39.88037434805201,"0.967375366, -0.1240189183, 0.3120017524"
1972,"bankheist, pong, seaquest",42,0.1892185339315693,0.21718476629734068,0.16675444704818326,0.31086962277028996,38.39663039636117,"0.324244677, 0.5266344163, 0.3575052625"
1973,"alien, amidar, seaquest",42,0.1754025567279623,0.21724627191486476,0.15370466197668717,0.3104792510900676,35.391806339120855,"0.6910461649, 0.7765104871, 0.4650696451"
1974,"alien, seaquest, upndown",42,0.1769352129914754,0.21726679776428165,0.16106974714712421,0.3103489504175765,37.08767987132884,"0.9731568865, 0.4200643388, 0.2640118452"
1975,"alien, demonattack, frostbite",42,0.1997190920970247,0.21759648567202175,0.16688280701358277,0.3082543632733208,38.42618637064778,"1.538858551, 0.1082964237, -0.0699248772"
1976,"choppercommand, gopher, kungfumaster",42,0.19622061101701757,0.21762908122373995,0.18470590942241197,0.308047103313034,42.53010736239542,"0.1242713265, 0.07542451848, 0.7368008138"
1977,"frostbite, kungfumaster, privateeye",42,0.20015249680778793,0.21765225125872442,0.1811238801082295,0.307899756954787,41.70531463224499,"0.13491063, 0.7749716233, 0.05946324511"
1978,"alien, choppercommand, freeway",42,0.19855349025321142,0.21773806752083644,0.16477427119899982,0.30735388468015945,37.94067805717751,"1.361581351, 0.1110620691, 0.0986924827"
1979,"frostbite, hero, kangaroo",42,0.1944259110043809,0.21775044000084168,0.1772536211088647,0.30727516630272034,40.81415456444865,"-0.02259246569, 0.8543112826, 0.2886896116"
1980,"mspacman, pong, seaquest",42,0.17518171450974926,0.21778493812652922,0.15355925749144997,0.3070556526114282,35.35832571910469,"0.7142170647, 0.3239054814, 0.3457604179"
1981,"freeway, hero, upndown",42,0.18872107472456906,0.21779134127598582,0.17494443346734914,0.30701490515215335,40.28244446042068,"0.05618008119, 0.7502467345, 0.2997841334"
1982,"kangaroo, mspacman, seaquest",42,0.1734083373437719,0.21802966514732142,0.1482547805340187,0.30549744121494515,34.13692476227352,"0.278911833, 0.7244722027, 0.490509897"
1983,"bankheist, battlezone, qbert",42,0.19426879228517321,0.21803507101324235,0.1708384324299543,0.30546300155045747,39.33700278236833,"0.2329326727, 0.5329895955, 0.4002522925"
1984,"freeway, hero, kungfumaster",42,0.197422335679452,0.21809617798488362,0.17065447785666663,0.3050736421709729,39.2946456765443,"-0.01120299487, 0.4801758158, 0.5432673757"
1985,"battlezone, freeway, qbert",42,0.20620510895624403,0.21826130486874026,0.17701445109770814,0.3040209463769634,40.75908363421062,"0.5546284112, 0.1110125436, 0.5332306453"
1986,"asterix, freeway, kangaroo",42,0.19080679295844383,0.21826979223668666,0.1709156491439166,0.30396681726630115,39.354782587818285,"0.4176844266, 0.1507298743, 0.4728126378"
1987,"hero, kungfumaster, privateeye",42,0.19746199162282954,0.21831683562519524,0.16817312830950887,0.3036667547821307,38.723293828765,"0.4714896034, 0.537259346, 0.02111700201"
1988,"gopher, mspacman, privateeye",42,0.20050081382170834,0.21833098804085804,0.17371544626653437,0.30357647207977145,39.99945969961301,"0.2012098659, 1.031222341, -0.2185752039"
1989,"gopher, kungfumaster, pong",42,0.19841412054660712,0.21844836258273934,0.16642708172159892,0.30282747748585814,38.321251744265545,"0.03336858583, 0.6284826396, 0.2170104347"
1990,"hero, kangaroo, privateeye",42,0.1936855506979387,0.21855594108708867,0.17806776678596478,0.3021406401569412,41.00161853441027,"0.8514834108, 0.2826811011, -0.06756453372"
1991,"hero, privateeye, upndown",42,0.19226248845081279,0.2187265427387825,0.17147245639985753,0.30105073680735384,39.48299219653833,"0.831937082, -0.03046119527, 0.2945430402"
1992,"crazyclimber, demonattack, gopher",42,0.20215039595275053,0.21882263230042812,0.17674971528918806,0.3004364859715436,40.69812596158261,"0.4640146183, 0.2220190841, 0.1517139483"
1993,"crazyclimber, freeway, upndown",42,0.1981666364880675,0.21892644681915702,0.17558550722790273,0.29977255028792804,40.4300571488767,"0.3819205498, 0.1042805431, 0.3494477689"
1994,"freeway, frostbite, kungfumaster",42,0.1999207130179683,0.21893082992862878,0.18099619366421574,0.29974451160794513,41.675913741988644,"-0.03111365318, 0.1462369066, 0.8011820514"
1995,"asterix, mspacman, qbert",42,0.20420718894231188,0.21906222215164942,0.17328773561388494,0.29890373705959583,39.90097568232248,"0.1280123708, 1.008264959, 0.1625260104"
1996,"battlezone, seaquest, upndown",42,0.19247285914945692,0.2194208290711429,0.1648904885624181,0.29660645589954426,37.967438094032914,"0.4667308932, 0.7419816412, 0.3549787343"
1997,"bankheist, pong, privateeye",42,0.19824479778048976,0.21943411254070613,0.1737478501314505,0.29652128814591006,40.00692096524414,"0.3536457519, 0.5794355371, 0.01653421294"
1998,"choppercommand, kungfumaster, privateeye",42,0.19870521628502416,0.21943965529479595,0.1842524316117983,0.2964857489245214,42.42569023772316,"0.1325013631, 0.7986223279, 0.07304376208"
1999,"amidar, battlezone, kangaroo",42,0.19641631865702758,0.2196114095984277,0.1673102448872311,0.2953840438815929,38.52460757825215,"0.8706469893, 0.2857774743, 0.2059347288"
2000,"alien, battlezone, seaquest",42,0.1793254760221084,0.21993238917392519,0.15113676765169268,0.2933228339318398,34.80052681980922,"0.9608842826, 0.3299827079, 0.4734678213"
2001,"bankheist, crazyclimber, gopher",42,0.1993531394667108,0.21993318649561308,0.18157254083280752,0.29331771008396734,41.808622581867525,"0.3517519397, 0.4794258787, 0.01800600148"
2002,"crazyclimber, kungfumaster, privateeye",42,0.20054692726006715,0.21999122830336132,0.17650453245603626,0.2929446647004398,40.641670527915274,"0.187728378, 0.6496709343, 0.06911664903"
2003,"boxing, crazyclimber, upndown",42,0.20575742944753683,0.2199983091212083,0.1867332182380807,0.2928991482437363,42.996912468180845,"0.09353195368, 0.3683282175, 0.3373309173"
2004,"boxing, breakout, frostbite",42,0.20130421530596168,0.22003367750797495,0.1803224022679961,0.29267177352603513,41.52076753951634,"0.188125845, 0.3016405924, 0.4526269218"
2005,"crazyclimber, demonattack, pong",42,0.20447428703558443,0.22021437704080943,0.16670389239094857,0.29150952996223534,38.38498975634816,"0.3901315358, 0.1853608878, 0.2725319744"
2006,"bankheist, frostbite, mspacman",42,0.19387080860555522,0.22036911344377508,0.16917137957031103,0.29051352066861247,38.95314967598355,"0.2620179134, -0.0167473092, 0.9693643098"
2007,"crazyclimber, freeway, kungfumaster",42,0.2015158446884716,0.22038807900876067,0.1748182213565866,0.2903913947432344,40.25338304794096,"0.197461434, 0.003417881496, 0.642682463"
2008,"amidar, hero, privateeye",42,0.20039754979430058,0.22049607121258083,0.17622799182426957,0.2896957947568828,40.577994694283966,"0.8101893715, 0.6433358894, 0.0005807228239"
2009,"bankheist, breakout, freeway",42,0.1957993006779967,0.22050646686376152,0.16725526072388983,0.28962881624995085,38.511947006766114,"0.4494627501, 0.2702129124, 0.2102368984"
2010,"mspacman, privateeye, qbert",42,0.20569515347091263,0.22054842080016387,0.17041615818367473,0.28935847766930756,39.23977054390446,"1.042535653, -0.1193150725, 0.2745034028"
2011,"boxing, frostbite, gopher",42,0.20640455815299058,0.22057651887576285,0.17380925104451034,0.2891773933423828,40.02105904795492,"0.1641745624, 0.4925887953, 0.3395087524"
2012,"bankheist, hero, privateeye",42,0.18937247374549873,0.22058394178071172,0.18505835554015243,0.2891295509206002,42.611261080074705,"0.2778568097, 0.9139310515, -0.1256698613"
2013,"bankheist, boxing, pong",42,0.1884680055550713,0.2207180172297863,0.1613189307832321,0.2882651249819259,37.14505652392084,"0.3358805875, 0.1128743006, 0.450820851"
2014,"battlezone, kangaroo, upndown",42,0.19713200211913962,0.2207857001636616,0.17422960101704796,0.2878285526433463,40.11784820601548,"0.3430441648, 0.3035516468, 0.3143205405"
2015,"frostbite, pong, seaquest",42,0.1833010268857797,0.22081785990459543,0.1613917208467972,0.28762106712884883,37.161817055449156,"0.3132048099, 0.5814383547, 0.4463126988"
2016,"bankheist, breakout, frostbite",42,0.18978400657763314,0.22082208637999776,0.17000408857906943,0.28759379686319,39.14488801102045,"0.2768534538, 0.3571242083, 0.3609576664"
2017,"amidar, demonattack, frostbite",42,0.20515352286049163,0.22092823185840849,0.16842026031541985,0.28690874879743455,38.78019807604623,"1.542005502, 0.1425002733, -0.07139215732"
2018,"frostbite, hero, qbert",42,0.20172774775975533,0.22093079558765338,0.1804557864438137,0.28689219877585503,41.55148038100423,"0.02879234581, 0.9365333513, 0.2951712312"
2019,"kangaroo, seaquest, upndown",42,0.18569625198668385,0.22094709737854212,0.1667353457323793,0.28678695891457195,38.392232155858494,"0.3627421092, 0.6941111987, 0.3671906937"
2020,"bankheist, qbert, upndown",42,0.19827570002194245,0.22095834715667245,0.16285297715616814,0.2867143289245907,37.498283754949256,"0.2235911327, 0.397719211, 0.426700822"
2021,"battlezone, gopher, privateeye",42,0.2088882078781769,0.2210083879485752,0.1808017413629591,0.2863912144366214,41.63113944497145,"0.6969596876, 0.3687438124, -0.2504642607"
2022,"demonattack, kangaroo, upndown",42,0.19365854207016206,0.22104717240766386,0.17403194064207347,0.2861407320047171,40.072335222726295,"0.1500595395, 0.3789217636, 0.3751017666"
2023,"battlezone, choppercommand, qbert",42,0.21104774337528007,0.2210974446567972,0.18001090375923331,0.285815992344308,41.44904235723964,"0.6610615179, 0.1225914937, 0.4641914015"
2024,"freeway, pong, qbert",42,0.20534931449534885,0.22121912181227257,0.17697628852693997,0.2850296984041385,40.75029637755451,"0.1200277239, 0.4977048105, 0.4336506922"
2025,"amidar, freeway, hero",42,0.19989444538189258,0.2212623246549931,0.1770007395987971,0.2847504118267792,40.755926444911104,"0.8596131544, -0.02333308432, 0.6366102307"
2026,"choppercommand, freeway, kungfumaster",42,0.19976875368225513,0.22131275058279345,0.18302477256186037,0.2844243623376277,42.14301129495653,"0.1356625167, -0.006984025723, 0.8107966979"
2027,"bankheist, demonattack, gopher",42,0.20396113322118542,0.22139809168505464,0.17839395147605036,0.2838723852118412,41.07672533490567,"0.3684680828, 0.2415296612, 0.3484750426"
2028,"alien, choppercommand, qbert",42,0.20411808837231457,0.2214085191976758,0.17062361053225517,0.2838049265852831,39.28753821243925,"1.348789164, 0.08066970909, 0.1668808808"
2029,"battlezone, breakout, freeway",42,0.20438280635646028,0.2214658792825025,0.1871050486843035,0.2834337906261011,43.08252959244024,"0.6217044927, 0.3140137436, 0.05670704795"
2030,"freeway, gopher, mspacman",42,0.20468061363752965,0.22147467495203052,0.18460226565056423,0.28337687165735836,42.50624250199159,"0.06143541549, 0.1713075363, 0.959418934"
2031,"bankheist, frostbite, gopher",42,0.19663705742056134,0.221551765480506,0.1919855895070669,0.2828779029110545,44.20631564686463,"0.2421612117, 0.4166193061, 0.3902727864"
2032,"asterix, bankheist, battlezone",42,0.18986392004497074,0.22176473976602473,0.17761572514083093,0.28149852348042725,40.8975320990605,"0.336288762, 0.2825058199, 0.5303184721"
2033,"alien, asterix, qbert",42,0.2028108798929868,0.22184241188814016,0.16931586999153136,0.28099513139334753,38.986419824981795,"1.353568323, 0.1354209732, 0.08848991823"
2034,"alien, bankheist, privateeye",42,0.20148275481745503,0.22184555285751173,0.1647354416326757,0.2809747711003022,37.93173721911897,"1.336458747, 0.1913024292, -0.1064571763"
2035,"asterix, gopher, kangaroo",42,0.20157214619703295,0.22205116701655497,0.1715951095034592,0.27964131835980766,39.511234117334595,"0.3477990589, 0.1646126347, 0.4893180919"
2036,"amidar, battlezone, freeway",42,0.2069679627932747,0.22211014751481975,0.1707759579315527,0.27925858894489897,39.32261749749715,"1.275690298, 0.3482107547, -0.06207815379"
2037,"amidar, frostbite, hero",42,0.1988504282655876,0.22221283808299505,0.1805519789412629,0.27859197865690377,41.57362952207268,"0.8931866528, -0.06662831429, 0.646272159"
2038,"choppercommand, gopher, mspacman",42,0.20607036559234787,0.22224316759792048,0.18077475035374457,0.27839503730354664,41.62492453542523,"0.06970678084, 0.1519048772, 1.016639987"
2039,"boxing, kangaroo, pong",42,0.17754878174787603,0.2222866478843803,0.15395602851578866,0.27811265598192525,35.449685623702116,"0.04075038059, 0.3683523371, 0.4726945424"
2040,"alien, freeway, frostbite",42,0.20233462220503712,0.22234146288276102,0.16948003861644562,0.27775658302024986,39.024221047828284,"1.578676519, 0.1015149071, -0.09620724349"
2041,"asterix, battlezone, qbert",42,0.20818830039207858,0.2224646403903468,0.17697607951654085,0.27695611345460636,40.75024825113157,"0.2047875871, 0.6671970261, 0.3449944059"
2042,"amidar, freeway, mspacman",42,0.20767027208463704,0.222660979146977,0.17349117168370465,0.2756792886762728,39.9478185684969,"0.8256311512, -0.0188248472, 0.6822319654"
2043,"amidar, battlezone, privateeye",42,0.20915999083931883,0.2227637052329602,0.17133242769162035,0.27501079439454545,39.45074939492052,"1.188743941, 0.3241393312, 0.07772088301"
2044,"crazyclimber, frostbite, privateeye",42,0.20737531440936005,0.2227851302301934,0.1726642503828119,0.27487133147198195,39.75741290244541,"0.575088036, 0.3252699945, -0.04346923424"
2045,"crazyclimber, gopher, kungfumaster",42,0.20056122600369358,0.22296239112293387,0.17943940477401973,0.2737169627691378,41.31744985283824,"0.1592770286, 0.04497371149, 0.645416726"
2046,"amidar, kangaroo, seaquest",42,0.17902684751309728,0.2230119927373707,0.16427628548177703,0.2733937798488595,37.826012608277395,"0.9875682702, 0.223890661, 0.6445991129"
2047,"choppercommand, mspacman, qbert",42,0.20675597567517834,0.22302551912173124,0.17683497451481894,0.2733056352342824,40.7177576237804,"0.05676772649, 1.010973523, 0.2446417974"
2048,"amidar, mspacman, privateeye",42,0.20798292592765222,0.22302967092134024,0.17374883569677385,0.27327857898104146,40.00714790004631,"0.7801157991, 0.6923400884, -0.0003963884833"
2049,"alien, asterix, choppercommand",42,0.20218207106938957,0.22310311804421848,0.1695306845678466,0.27279985894354575,39.03588270909992,"1.382377596, 0.1535505371, 0.06132778435"
2050,"frostbite, gopher, kangaroo",42,0.2020839830887917,0.2231447627594966,0.1828292312627155,0.2725283533767997,42.09798624690896,"0.3830284752, 0.376550901, 0.2490726087"
2051,"bankheist, crazyclimber, seaquest",42,0.1967120012102195,0.2232292539712392,0.182726901660312,0.27197735144716884,42.07442398520233,"0.340403003, 0.4627234962, 0.2106244618"
2052,"bankheist, gopher, pong",42,0.19821962876757424,0.22329674524252738,0.1752592527553014,0.27153706325928395,40.35493428036327,"0.3549562173, 0.01297126857, 0.5669676476"
2053,"amidar, battlezone, frostbite",42,0.19797390167245346,0.2235170148168624,0.17531622205706693,0.27009917967269204,40.36805194686362,"1.303038274, 0.4432029801, -0.2103053953"
2054,"crazyclimber, freeway, frostbite",42,0.2036239679738598,0.22353455925810467,0.17964248020459217,0.2699845914867133,41.36420969875718,"0.5436584153, 0.06029334232, 0.2932116234"
2055,"bankheist, frostbite, hero",42,0.19262282000128234,0.22357462855537197,0.1876564937307804,0.2697228527542568,43.209504506802546,"0.2671487773, 0.007443110247, 0.9007539839"
2056,"bankheist, breakout, kangaroo",42,0.20091371593744103,0.22372722486017693,0.17479013961282036,0.2687256409990363,40.24691698748282,"0.2457840267, 0.266887829, 0.3707128348"
2057,"amidar, frostbite, mspacman",42,0.2064037314503748,0.22382682340637938,0.17440855002600403,0.2680744008550491,40.15905273805831,"0.8632644046, -0.06859509525, 0.6970980973"
2058,"boxing, qbert, upndown",42,0.20223032167891292,0.22398647369114846,0.17153332529408036,0.26702989865946736,39.49700777738479,"0.1434554001, 0.4075598329, 0.4324294163"
2059,"alien, privateeye, qbert",42,0.20542317310891564,0.22402191737263313,0.1773640496525547,0.2667979095231934,40.839581676302814,"1.39815227, -0.1055311009, 0.2043590961"
2060,"frostbite, mspacman, qbert",42,0.2083619018491495,0.22420567849203651,0.17608482288195185,0.2655945514016288,40.545028827047915,"0.01113312104, 1.025372338, 0.2610233819"
2061,"freeway, hero, kangaroo",42,0.1928043703918823,0.22420990176394742,0.17908571064918613,0.26556688374276416,41.236008770906096,"0.03965437044, 0.7964205169, 0.2793986532"
2062,"battlezone, breakout, seaquest",42,0.2043778722664598,0.2243067591491893,0.1798886668393307,0.2649322049375059,41.42089626628151,"0.6727843887, 0.2680614571, 0.2741574018"
2063,"crazyclimber, demonattack, freeway",42,0.20471494087231754,0.22433819631840768,0.16726086755118755,0.26472614721456955,38.513238026461586,"0.5605187307, 0.1843295996, 0.0798885195"
2064,"asterix, frostbite, mspacman",42,0.2075323868970011,0.22455420498589201,0.1783580755150338,0.26330951828553995,41.06846458960231,"0.2191235286, 0.05519687043, 1.021172021"
2065,"freeway, gopher, kungfumaster",42,0.2051313467580705,0.22467877529676306,0.18149853591031517,0.2624919409283516,41.79158231873362,"0.004586355083, 0.09627315448, 0.7726090463"
2066,"choppercommand, crazyclimber, upndown",42,0.21093257880720107,0.22480744951831208,0.18776605639609253,0.261646952793375,43.23473224279219,"0.04374880513, 0.4304273995, 0.3632020017"
2067,"crazyclimber, demonattack, seaquest",42,0.21098899640316618,0.22529031925027918,0.17428159312902802,0.25847169114628,40.12981983221534,"0.6269319095, 0.2206902935, -0.1687491004"
2068,"demonattack, qbert, upndown",42,0.20333998052872154,0.2253505619220779,0.172896590570327,0.25807506851915996,39.81091120767298,"0.1148504541, 0.4320437077, 0.5001486863"
2069,"alien, demonattack, privateeye",42,0.19953321085085232,0.22536333229206743,0.1667707826507763,0.2579909779869878,38.400391807862746,"1.386276129, 0.1343512844, 0.1176342304"
2070,"asterix, choppercommand, mspacman",42,0.20797501208904978,0.22568745250865485,0.17894607928906578,0.2558551108293404,41.20385746207334,"0.1968349091, 0.03782987607, 1.069625499"
2071,"alien, freeway, privateeye",42,0.20544694267171923,0.22582788307278434,0.17439357171575082,0.2549287571717046,40.15560385466758,"1.473193671, 0.09375403773, -0.01369940224"
2072,"gopher, kungfumaster, privateeye",42,0.2050858867302909,0.2259096027478933,0.1827691035920263,0.2543894261062495,42.08414133908842,"0.08895553936, 0.7817145194, 0.02015593318"
2073,"choppercommand, gopher, hero",42,0.20457212157915164,0.2259297924476395,0.19597858847201344,0.2542561486704151,45.12573763616729,"0.1464840051, 0.10761336, 0.98321022"
2074,"breakout, crazyclimber, demonattack",42,0.2111493358625235,0.22598057342471256,0.1723004784155251,0.2539208776388633,39.673651311533035,"-0.05459469136, 0.6408443615, 0.2277699892"
2075,"asterix, bankheist, kangaroo",42,0.2005789396560867,0.2262332818666818,0.17151326648175186,0.25225130126948603,39.49238906515971,"0.3771540341, 0.2274940755, 0.4329133526"
2076,"battlezone, breakout, choppercommand",42,0.2049551380079558,0.2262335658157749,0.18036846949658475,0.25224942424505914,41.53137491089873,"0.6677788909, 0.293350847, 0.0753482483"
2077,"asterix, breakout, upndown",42,0.20384635835092693,0.22637671113075578,0.18648856546617154,0.2513028727977027,42.940579085625075,"0.1342197669, 0.2429693383, 0.5276643631"
2078,"alien, frostbite, qbert",42,0.20643226763979147,0.2264666517729088,0.17927680148257658,0.25070783210654335,41.28000906134336,"1.471489944, -0.05768167639, 0.1860251813"
2079,"bankheist, freeway, qbert",42,0.2001516946350187,0.22654427536081156,0.18068544652529883,0.25019409011477733,41.60436156901258,"0.4099457926, 0.2444959597, 0.4599415188"
2080,"alien, asterix, frostbite",42,0.2038783483838482,0.22654965122323184,0.17383541993623694,0.25015850412406715,40.02708465795391,"1.446923635, 0.1712582731, -0.02398297751"
2081,"alien, bankheist, frostbite",42,0.20228292542192208,0.22690988180909136,0.1636701328557177,0.24777200216376283,37.68644080819305,"1.413385549, 0.1802014824, -0.06402125474"
2082,"amidar, demonattack, seaquest",42,0.19104375123364473,0.22714590755756706,0.16775422678971758,0.24620629234336,38.6268381892746,"1.341326409, 0.07688859758, 0.5127902575"
2083,"asterix, mspacman, privateeye",42,0.20835616001484497,0.22716997259778918,0.17712086588241355,0.24604656208876852,40.783586543904306,"0.2074113689, 1.0932204, -0.04008015087"
2084,"amidar, choppercommand, kangaroo",42,0.20479269806630848,0.22726125009275513,0.18658578820843347,0.24544055940126042,42.96296544932831,"1.125972271, 0.1254280578, 0.2311847682"
2085,"freeway, frostbite, gopher",42,0.20712732270211817,0.22738741474187596,0.1914298124736034,0.24460253574407897,44.07834325563648,"0.1152864355, 0.4780177619, 0.4579748861"
2086,"amidar, choppercommand, qbert",42,0.2086313216083203,0.2275421456704512,0.19140538792741918,0.24357413125489202,44.07271929604178,"1.299022761, 0.1010672904, 0.231743127"
2087,"battlezone, privateeye, qbert",42,0.21790678329470511,0.22759046624965276,0.18327847890831714,0.24325282974874907,42.201429340091465,"0.6889947973, -0.07282145682, 0.5347698858"
2088,"choppercommand, crazyclimber, frostbite",42,0.20666251182604697,0.22761525608236952,0.18158626974210554,0.2430879664506831,41.811783780056786,"0.04583072573, 0.5580270164, 0.3138842918"
2089,"crazyclimber, privateeye, upndown",42,0.21138245672870365,0.227769535774495,0.18657939513167426,0.24206153497606975,42.9614933890039,"0.4366171478, 0.05109361709, 0.3724683745"
2090,"crazyclimber, pong, qbert",42,0.21115371441982192,0.22812989049003735,0.17809112692767198,0.23966136538158533,41.0069974058168,"0.2607816951, 0.3457847837, 0.363943046"
2091,"boxing, demonattack, pong",42,0.2116185034571849,0.22815936731120104,0.16754298505168136,0.23946486492417485,38.57819798157257,"0.1490806322, 0.1775672227, 0.5431264583"
2092,"amidar, freeway, qbert",42,0.21321290260223963,0.2283735333854165,0.18478756423034834,0.23803641364755612,42.548909076747975,"1.257737228, 0.03273874191, 0.2959045075"
2093,"asterix, bankheist, freeway",42,0.19476302688852273,0.2284121176551433,0.17870538659937793,0.2377789206562544,41.14843592214655,"0.385018203, 0.4654035078, 0.2444251905"
2094,"alien, asterix, privateeye",42,0.20367966358613462,0.22854082713838242,0.1706036183472543,0.23691966044545332,39.28293484172332,"1.423520328, 0.173079533, -0.0444832606"
2095,"alien, choppercommand, frostbite",42,0.20888970368989596,0.2285493250172025,0.17402297239068615,0.23686291185575825,40.07027020653083,"1.618623988, 0.1041755183, -0.07227413717"
2096,"choppercommand, frostbite, hero",42,0.2115830823778779,0.2285868995837705,0.1943185367814732,0.23661196469211387,44.74349660854353,"0.1664412962, 0.03105802541, 1.087948314"
2097,"breakout, seaquest, upndown",42,0.2070659520775403,0.22858776665922723,0.18687878853324866,0.23660617331661526,43.0304312673445,"0.2792315201, 0.1739941603, 0.5366300879"
2098,"battlezone, demonattack, qbert",42,0.21787329115990697,0.22872227041066948,0.18857132272198346,0.2357075290550581,43.42015166658084,"0.6627886875, 0.03144921415, 0.5120443751"
2099,"alien, choppercommand, privateeye",42,0.20935593396886643,0.2287795424755811,0.1762428880282976,0.23532472340819088,40.58142467201768,"1.542799873, 0.1058119687, -0.08205977037"
2100,"battlezone, kangaroo, seaquest",42,0.18875856583302375,0.22906022127491607,0.16290034146387264,0.23344728458873498,37.5091897898353,"0.4644316963, 0.3502430025, 0.7638453199"
2101,"asterix, crazyclimber, demonattack",42,0.2122452288459727,0.2291868673251038,0.18027100848606387,0.23259940527691647,41.508933683901375,"0.0001173958573, 0.6073566147, 0.2028376336"
2102,"breakout, choppercommand, upndown",42,0.2079373973422095,0.22940647160023311,0.1850078713566855,0.2311280714922066,42.59963666724641,"0.3186716439, -0.03203637895, 0.5482278708"
2103,"asterix, boxing, kangaroo",42,0.20110928510853918,0.22941290972583725,0.1804056567397044,0.23108491522486085,41.53993759006441,"0.3386218436, 0.1513994889, 0.4642152802"
2104,"boxing, breakout, upndown",42,0.20700198513634416,0.22953459852580327,0.18431773124040152,0.23026897884140174,42.44072603286314,"0.04942137334, 0.2794063994, 0.5120632494"
2105,"battlezone, frostbite, qbert",42,0.21477709516728727,0.22955751355402948,0.17913756323709334,0.23011528272209325,41.24794827050093,"0.7783640726, -0.1212165789, 0.5428579699"
2106,"amidar, privateeye, qbert",42,0.2136870035761675,0.22959331341632105,0.18862766667529146,0.22987513448574903,43.43312534127758,"1.349301914, 0.0385576361, 0.2614094881"
2107,"frostbite, gopher, qbert",42,0.21154182522811632,0.22966373308769752,0.18862114796488397,0.22940264462085624,43.4316243527366,"0.4750423034, 0.4193864559, 0.2172346506"
2108,"demonattack, gopher, pong",42,0.21554864145070224,0.22974486354346302,0.17422629007423088,0.22885810973541032,40.117085833258045,"0.2132608941, 0.172282239, 0.5317350907"
2109,"battlezone, freeway, gopher",42,0.21403560250068648,0.22998330210721277,0.1959216666498919,0.2272566342918375,45.11263090225898,"0.6374166087, 0.07129266107, 0.3235034285"
2110,"freeway, kungfumaster, privateeye",42,0.20878538508008276,0.2304807691816062,0.1847066559824805,0.2239100423171303,42.530279264203905,"-0.00934984658, 0.8693033416, 0.08986150113"
2111,"choppercommand, hero, privateeye",42,0.21057489619433659,0.23050381143666276,0.19134404011030487,0.22375485577612264,44.05859343912427,"0.1716722948, 1.126728933, -0.08538986144"
2112,"breakout, demonattack, upndown",42,0.20798095076368642,0.2305583497200146,0.1855060148427167,0.22338748583372303,42.71433844375716,"0.2951783992, 0.02225871324, 0.538611293"
2113,"choppercommand, pong, qbert",42,0.21594277232442183,0.23059006387901376,0.17961489800522895,0.22317381925662994,41.35785866264861,"0.0978608547, 0.6032417606, 0.3627493411"
2114,"breakout, kangaroo, qbert",42,0.20759557064986695,0.23108900317562903,0.18907507243581206,0.21980846669381504,43.53614432474702,"0.221914241, 0.4598747297, 0.2679426752"
2115,"choppercommand, freeway, hero",42,0.2086574589663076,0.23109289795867008,0.1932488263339388,0.2197821677153443,44.49718667551226,"0.1727732045, 0.05552146756, 1.043945493"
2116,"amidar, frostbite, qbert",42,0.21312465727168714,0.23142906491295484,0.18746186745246088,0.2175105771615794,43.1646901500862,"1.415814031, -0.05071940989, 0.2672592527"
2117,"asterix, bankheist, upndown",42,0.19780056475724855,0.23160163601277678,0.18493606676544724,0.21634317490334531,42.58310304910704,"0.3269404451, 0.282072519, 0.4207796051"
2118,"amidar, mspacman, seaquest",42,0.18593758595010984,0.23209206227739268,0.16659590831904483,0.21302080802145817,38.36012550492353,"0.843829899, 0.4675193482, 0.5468621215"
2119,"pong, privateeye, qbert",42,0.2205036381737817,0.23232866462334104,0.18040695282801367,0.2114154447788994,41.540236025426424,"0.6268011707, 0.03767808479, 0.3949078252"
2120,"boxing, freeway, qbert",42,0.20791705235638186,0.23238530312143105,0.19645494872490374,0.21103090601216512,45.23542363788729,"0.2764258944, 0.2405210224, 0.4729579155"
2121,"asterix, demonattack, pong",42,0.22047642802778153,0.23254923146252773,0.18804393228828842,0.20991741036248135,43.29871553149946,"0.1494772183, 0.1390094439, 0.670663663"
2122,"gopher, privateeye, upndown",42,0.21488827971675847,0.2325851055943116,0.1947239910574846,0.20967362789143207,44.83685590572699,"0.3503823916, -0.1821114301, 0.5557897976"
2123,"bankheist, freeway, gopher",42,0.20956524880824684,0.23287648524266694,0.1894984928384861,0.2076921659326565,43.6336404754737,"0.4626885039, 0.2304530952, 0.2696576688"
2124,"asterix, breakout, kangaroo",42,0.20817705854373816,0.23288032338358683,0.18724832302280792,0.20766604896188667,43.11551972804512,"0.2638316144, 0.1643481231, 0.5254073252"
2125,"choppercommand, freeway, mspacman",42,0.21965936471161263,0.2330898354766208,0.18540813398581837,0.20623975226955826,42.691800543558806,"0.1024585718, 0.04909198551, 1.145910231"
2126,"asterix, pong, qbert",42,0.21897059423561097,0.23340811182827437,0.1850841547461497,0.20407056631937348,42.617201566788744,"0.08717828694, 0.6117981635, 0.3361723634"
2127,"freeway, gopher, hero",42,0.2115553272784935,0.23343594482142624,0.1963340375096313,0.2038807321346221,45.20758280170108,"0.07021923207, 0.1508342636, 0.9364846071"
2128,"gopher, hero, privateeye",42,0.21067116831472227,0.2334654837969632,0.19218369783174635,0.20367923758340822,44.25193177438512,"0.1737670835, 1.021405754, -0.1913263642"
2129,"choppercommand, crazyclimber, demonattack",42,0.21220710356288303,0.23368468164352763,0.1825299856205325,0.2021832242480387,42.02908239142556,"-0.009119349913, 0.6099641613, 0.2046919963"
2130,"bankheist, battlezone, upndown",42,0.2069859485099029,0.23374767190778337,0.17894508914444093,0.2017530594437854,41.20362947284803,"0.2603421602, 0.4175482645, 0.3293440974"
2131,"choppercommand, mspacman, privateeye",42,0.22084269420589003,0.23382982136142968,0.18186517121741513,0.20119188103626362,41.876003218002985,"0.09548283905, 1.227588919, -0.08128190849"
2132,"choppercommand, qbert, upndown",42,0.21951712530597492,0.2339431260408416,0.17146876729389637,0.20041755186156196,39.48214274849907,"0.02672532957, 0.4988042932, 0.5416869005"
2133,"amidar, kangaroo, privateeye",42,0.21256161209749988,0.2339704288643077,0.1844808851239522,0.20023090707566327,42.47829360287593,"1.212309951, 0.2400256406, 0.07309083399"
2134,"breakout, crazyclimber, qbert",42,0.22032630917422913,0.23422711158827583,0.19107653826790635,0.19847513376949122,43.996998863658746,"0.07766392789, 0.4886254411, 0.3471541929"
2135,"asterix, qbert, upndown",42,0.21204497557745594,0.23427793056866095,0.1760008270379566,0.19812729107141613,40.52568806922222,"0.1769168171, 0.3572508478, 0.5322119617"
2136,"freeway, kangaroo, qbert",42,0.20824260016799567,0.23432089701597694,0.18727411923670262,0.1978331380472148,43.12145952580209,"0.1713980743, 0.4080075121, 0.4866600364"
2137,"boxing, gopher, upndown",42,0.21923573017510542,0.23437240607738366,0.19728645311413134,0.19748043025128426,45.42688459902675,"0.04429596393, 0.2849103701, 0.5437389646"
2138,"crazyclimber, privateeye, qbert",42,0.22310258814062423,0.23444291083560312,0.18988425830532388,0.19699752392543302,43.72246625680695,"0.5366200947, -0.05313579792, 0.4013557396"
2139,"asterix, frostbite, kangaroo",42,0.2131285674625228,0.23496890017585897,0.18815543177029764,0.19339029561979748,43.32438923601456,"0.4214076484, 0.1397123223, 0.5076945099"
2140,"amidar, choppercommand, privateeye",42,0.22042000548080518,0.2351085105136194,0.1976594040075336,0.19243149206776866,45.51275971578343,"1.534634963, 0.1375235943, 0.08976859105"
2141,"amidar, asterix, seaquest",42,0.19329563996520063,0.23526466069830831,0.17546929790247887,0.19135842289244842,40.40329896283792,"1.330038508, 0.1254761303, 0.4690523022"
2142,"boxing, kangaroo, upndown",42,0.20435901284593083,0.23530395131675327,0.19387550621288302,0.19108830428958867,44.64148505024589,"0.1542871715, 0.3413486458, 0.3445479264"
2143,"boxing, crazyclimber, qbert",42,0.21505984912943085,0.23535273796847703,0.1941439118830784,0.19075283874309779,44.70328773975258,"0.1117713601, 0.4372766542, 0.3509447916"
2144,"amidar, freeway, seaquest",42,0.19715897289998616,0.2353950913257194,0.17387649553637022,0.19046155325930847,40.036542664409176,"1.42342435, -0.01372514759, 0.6727879338"
2145,"breakout, demonattack, pong",42,0.22356904327132449,0.23541209682635375,0.17327273508035873,0.190344583073072,39.89752168183404,"-0.1082530384, 0.2283668234, 0.8128634599"
2146,"alien, frostbite, privateeye",42,0.21379209797917506,0.23572575111329586,0.18337226718411617,0.18818563649470954,42.22302488866671,"1.723049414, -0.06888908496, -0.07031017197"
2147,"choppercommand, frostbite, gopher",42,0.2206705825855297,0.23577857720874704,0.193417788981722,0.18782174083960324,44.5360917629181,"0.06803398178, 0.5425613293, 0.4817362214"
2148,"demonattack, pong, seaquest",42,0.22442708713643905,0.23586246664511826,0.17702517724259254,0.18724369598066193,40.76155342034223,"0.1563404111, 0.700626616, 0.2375216105"
2149,"amidar, qbert, seaquest",42,0.19468764932658778,0.23600940956318017,0.17712776579794223,0.18623068202466253,40.785175308168235,"1.304015027, 0.1112151555, 0.5718146037"
2150,"gopher, pong, qbert",42,0.22068089315445621,0.23628541445691303,0.18158659367410662,0.18432621857076825,41.81185836815647,"-0.01362036308, 0.6374600718, 0.4055906938"
2151,"amidar, choppercommand, seaquest",42,0.19703337098642307,0.2364496516856381,0.1757251000834261,0.18319190768194626,40.46219959169836,"1.387181111, 0.02563927327, 0.645453002"
2152,"battlezone, qbert, seaquest",42,0.20678316158466273,0.23671822422817793,0.17506358520272708,0.18133530259002084,40.30988016138923,"0.6624738602, 0.3968570266, 0.4657720747"
2153,"frostbite, qbert, upndown",42,0.219768377918897,0.23695852374693724,0.1748215265768766,0.1796723585227542,40.254144103037845,"-0.01585023965, 0.5113923953, 0.557583967"
2154,"pong, qbert, seaquest",42,0.21807161984062912,0.23710761294320754,0.1861318815517446,0.17863976883828636,42.85844957919805,"0.6074394063, 0.3519308421, 0.2289611719"
2155,"breakout, pong, qbert",42,0.22068652867216554,0.2371165917373717,0.18365371487807947,0.17857756110068002,42.28783061512445,"0.01242804015, 0.6158842098, 0.3963854398"
2156,"asterix, crazyclimber, qbert",42,0.22358121802680994,0.23723927527339184,0.197507415137893,0.1777273373436521,45.47776298522989,"-0.0101538999, 0.5381082232, 0.4002217531"
2157,"boxing, demonattack, frostbite",42,0.2214364701458396,0.2372816997163229,0.20575820022604852,0.1774332243328388,47.37757646017833,"0.3705997644, 0.1733549356, 0.3709580963"
2158,"alien, mspacman, seaquest",42,0.18381581198020952,0.23735609530633547,0.16560037405722108,0.17691734018293448,38.13089526983951,"0.7849169977, 0.5492917628, 0.3652596747"
2159,"breakout, freeway, kangaroo",42,0.20515103718093727,0.2374315953709339,0.19274647687887211,0.17639363189276946,44.38151643884124,"0.2844686531, 0.1275448955, 0.4530776844"
2160,"battlezone, hero, privateeye",42,0.21395769079537427,0.23759424716446786,0.2036398016974052,0.1752648272992985,46.88979717287087,"0.2761388036, 0.9406695936, -0.05378725251"
2161,"privateeye, qbert, upndown",42,0.2198014253369394,0.23768324510389774,0.17276439400121363,0.17464685376803757,39.780471822734434,"-0.01670585947, 0.5109290332, 0.5488646166"
2162,"choppercommand, gopher, upndown",42,0.21876150406525544,0.23787010431420025,0.19651494887757054,0.1733486094559088,45.249239183598085,"0.05341085375, 0.3075991767, 0.5515333221"
2163,"asterix, boxing, upndown",42,0.21463464888850908,0.2379643397369011,0.1963067171681087,0.17269350171152786,45.201292060588536,"0.3135755929, 0.1598752294, 0.4708158098"
2164,"choppercommand, frostbite, mspacman",42,0.22194788617913538,0.2382754224965803,0.18787309250964307,0.1705290680958479,43.25937821873954,"0.09372909801, 0.01604672686, 1.200096671"
2165,"amidar, choppercommand, freeway",42,0.221476370096602,0.23828751983756022,0.19890175724778453,0.1704448407985787,45.7988221209069,"1.592389019, 0.1383791943, -0.02364402563"
2166,"freeway, mspacman, privateeye",42,0.22440038760071143,0.23857935834474317,0.18727532173634778,0.16841162990296576,43.121736411577814,"0.03336392164, 1.248512323, -0.0524663921"
2167,"boxing, freeway, upndown",42,0.21134036407943943,0.2387097585489236,0.18541998324775588,0.16750233977147033,42.694528936948835,"0.2464152895, 0.1854349077, 0.4009178998"
2168,"asterix, kangaroo, qbert",42,0.21687751001342942,0.2387863035801876,0.1886403631886365,0.16696835425983325,43.43604882151371,"0.3386681999, 0.5454420533, 0.1690171333"
2169,"boxing, pong, qbert",42,0.21426442968207104,0.23881329323177042,0.1813353979927846,0.16678003102552963,41.75401842503282,"0.09927796325, 0.521616265, 0.3655844953"
2170,"crazyclimber, gopher, qbert",42,0.22359855434818968,0.23896524881422843,0.19546008710178503,0.1657193471299091,45.00634828358879,"0.5388430693, -0.00350447711, 0.3940083716"
2171,"amidar, freeway, kangaroo",42,0.2134854360295858,0.2390480183267282,0.1872390021234469,0.1651413136117652,43.113373511652924,"1.239723904, -0.01155102851, 0.2437198033"
2172,"breakout, freeway, frostbite",42,0.21366612067309435,0.23917544760267784,0.19599231333511635,0.16425100049306296,45.1288979026857,"0.4306261339, 0.111410567, 0.4491380059"
2173,"battlezone, frostbite, hero",42,0.21355333420227982,0.23951977145680048,0.20858657991802118,0.16184293177824427,48.028834951784674,"0.3225507162, -0.05709179, 0.9363552931"
2174,"choppercommand, demonattack, pong",42,0.2230047371164679,0.2397090636270798,0.18619318474758942,0.16051761936202014,42.87256516168857,"0.09326295066, 0.162626268, 0.7022744093"
2175,"choppercommand, crazyclimber, qbert",42,0.22293236572985586,0.2398141594683235,0.20103074001172433,0.15978134809893674,46.289038518455804,"0.03798162104, 0.5264148823, 0.3818518329"
2176,"freeway, frostbite, mspacman",42,0.22478480538181683,0.23987165555869305,0.18830407114297304,0.15937841043430612,43.358614716389994,"0.03960434777, 0.01328364497, 1.218951504"
2177,"qbert, seaquest, upndown",42,0.2116687836848048,0.23998384702359313,0.17882873830816468,0.15859188463530827,41.17683870273132,"0.4070969922, 0.3887293166, 0.5286710265"
2178,"breakout, gopher, kangaroo",42,0.21458540187583267,0.2401567652253204,0.19033177370282117,0.15737890969962454,43.82551048512321,"0.2411480318, 0.1360603245, 0.4789801621"
2179,"crazyclimber, mspacman, seaquest",42,0.18964275770958833,0.24022366649223678,0.16666329898786506,0.1569093808038261,38.375642779866766,"0.2440715773, 0.7760299139, 0.309639725"
2180,"crazyclimber, frostbite, seaquest",42,0.20135053910450856,0.24030713589374889,0.18118040809470704,0.15632338945338742,41.71833068214501,"0.5172024296, 0.3122457243, 0.3190141114"
2181,"frostbite, mspacman, privateeye",42,0.2252267276776624,0.24032546556115153,0.18582349539574,0.15619467998841785,42.787441042627854,"0.02188292739, 1.274324831, -0.07844788714"
2182,"bankheist, boxing, frostbite",42,0.2077988486097135,0.24039780817787879,0.19804766575199492,0.15568660006196888,45.602160286281084,"0.3262513824, 0.3103785647, 0.2881627211"
2183,"boxing, demonattack, upndown",42,0.21736280167359695,0.24040870087602512,0.19525593704142438,0.15561008472735727,44.95934099501677,"0.2319188533, 0.1735904045, 0.432659632"
2184,"gopher, kangaroo, qbert",42,0.21969744963863044,0.24044838850212774,0.19036823270975206,0.1553312712130931,43.83390548170966,"0.1913726654, 0.4496285643, 0.3657319089"
2185,"bankheist, mspacman, seaquest",42,0.18295217876026082,0.24055927331732258,0.16509058391384465,0.15455203927276895,38.013511751370125,"0.2318288662, 0.8668060712, 0.3845789673"
2186,"asterix, battlezone, choppercommand",42,0.22489207270673595,0.2406457530109747,0.2053219009559631,0.15394406252190318,47.277114840640046,"0.3776845853, 0.7392626022, 0.1086227502"
2187,"amidar, choppercommand, frostbite",42,0.22054461518322474,0.24075119571409856,0.20011413107508078,0.15320247478642712,46.077981511093746,"1.63255226, 0.1445971211, -0.06653053066"
2188,"boxing, demonattack, kangaroo",42,0.20698864822277285,0.24077342589007664,0.18937289059501294,0.15304608655299112,43.60471949012691,"0.2312687488, 0.1821987184, 0.4248439557"
2189,"bankheist, boxing, demonattack",42,0.20771635445895206,0.24129820313235725,0.17379934402697778,0.1493501097176828,40.01877787286627,"0.4004442985, 0.2900981884, 0.1780352102"
2190,"battlezone, freeway, hero",42,0.21408930720678573,0.24136766144457175,0.2078328964980926,0.1488603156890489,47.855292931028245,"0.266362802, 0.02044852644, 0.9176286289"
2191,"amidar, frostbite, kangaroo",42,0.21151985823170855,0.24165360969824276,0.1908694038125573,0.14684243083930482,43.949304392745525,"1.30521823, -0.07989623021, 0.2536245305"
2192,"demonattack, freeway, pong",42,0.2249603938664074,0.24186209009209336,0.1822040005171452,0.14536971664173748,41.954021547465786,"0.1760075102, 0.046501337, 0.6951715924"
2193,"asterix, battlezone, freeway",42,0.21986894549748717,0.24210601677203392,0.19883524311770245,0.14364499615460335,45.78350667646686,"0.4355372433, 0.6417412143, 0.1035585486"
2194,"boxing, kangaroo, qbert",42,0.21415167328696708,0.24218634914550813,0.1911455138427755,0.14307661339482425,44.012881076706186,"0.1855773876, 0.4045179458, 0.3615840817"
2195,"crazyclimber, qbert, seaquest",42,0.2235750856829333,0.24251890440487966,0.19978025125608653,0.14072164966823064,46.00110284168697,"0.5340489804, 0.3887240349, 0.02461189967"
2196,"demonattack, kangaroo, qbert",42,0.2175146610334035,0.24256551736293624,0.19330425386282604,0.14039130548321777,44.509949335687985,"0.1498811536, 0.4959733281, 0.3844802401"
2197,"freeway, kangaroo, upndown",42,0.20761944227919082,0.24277647940020392,0.18409521145759244,0.13889543201977783,42.3894889593839,"0.1189170404, 0.3653720056, 0.4122729446"
2198,"battlezone, demonattack, upndown",42,0.22602574089262395,0.24303826319285182,0.19063782734911788,0.13703738748275873,43.89598194148514,"0.4432400588, 0.1009173223, 0.4482918466"
2199,"gopher, mspacman, seaquest",42,0.19579750109254407,0.24335113912078538,0.17735375399718498,0.13481408307500742,40.837211014045124,"0.1375690334, 0.9493059698, 0.4277320614"
2200,"bankheist, boxing, upndown",42,0.20876925815736186,0.2438028217658326,0.20308563313330952,0.13159936925972393,46.762195145401606,"0.3182401936, 0.2101880993, 0.3330458798"
2201,"battlezone, choppercommand, kangaroo",42,0.21936461254053,0.24390216270648463,0.18067825679746394,0.13089154061027797,41.602706072999055,"0.5253352905, 0.1787808214, 0.3818274121"
2202,"alien, demonattack, seaquest",42,0.19809089486674936,0.24401031372492518,0.1665995158159463,0.13012061013894793,38.36095616178236,"1.391208002, 0.08220344309, 0.247265627"
2203,"breakout, demonattack, frostbite",42,0.22272904854627298,0.24401085932987648,0.18787340973463398,0.13011672004901276,43.25945126249306,"0.5231998921, -0.08394285791, 0.5518775577"
2204,"asterix, boxing, frostbite",42,0.22522648087912525,0.24430369800539914,0.1998865292345292,0.12802756448498243,46.02557425057454,"0.2920880767, 0.3233106401, 0.3993002383"
2205,"battlezone, frostbite, upndown",42,0.2254732774716212,0.2443083201499817,0.19130630964614592,0.12799456931684872,44.04990567869186,"0.6670331059, -0.2116564862, 0.5066121036"
2206,"asterix, battlezone, demonattack",42,0.22710695125508332,0.24437084403847856,0.19771570580216657,0.12754818135209733,45.525723683086504,"0.4751540872, 0.7987513812, -0.06463547386"
2207,"asterix, choppercommand, pong",42,0.2338813724865781,0.24438444170803023,0.18919543465679992,0.12745108595894594,43.56385875032765,"0.239231234, 0.1050186413, 0.6789584167"
2208,"battlezone, choppercommand, upndown",42,0.22590707764133422,0.24448405465671505,0.19577604134850748,0.12673962590330512,45.07909943744592,"0.5384078164, 0.1455650094, 0.3895916353"
2209,"alien, freeway, seaquest",42,0.1917273077508041,0.24449175718119465,0.16539376335678582,0.12668460051218156,38.083321397951984,"1.275572115, 0.1021076542, 0.4432879307"
2210,"amidar, freeway, privateeye",42,0.22962972562251519,0.24453894131192525,0.197503612594938,0.12634748809040441,45.476887417357524,"1.711108821, -0.02847984262, 0.09744647888"
2211,"asterix, pong, privateeye",42,0.2335438243846236,0.24476529894005042,0.19057648092590931,0.12472934550167458,43.88185640552628,"0.2838322204, 0.6840661523, 0.1696005607"
2212,"amidar, frostbite, seaquest",42,0.19679218307742422,0.2453452554932828,0.18055223674963966,0.12057662989768902,41.57368888464519,"1.450519935, -0.03924428328, 0.6737818143"
2213,"bankheist, freeway, upndown",42,0.20250149533204015,0.24549067582621936,0.18390083742220784,0.11953382237212551,42.344732683749726,"0.3711800198, 0.1894077549, 0.3880287151"
2214,"asterix, crazyclimber, freeway",42,0.22629979159693148,0.24599478542401748,0.189621659906207,0.11591407454517533,43.66200074088189,"0.2661264261, 0.48837491, 0.1540348559"
2215,"breakout, frostbite, privateeye",42,0.22020805320053297,0.2460656844563596,0.18122483981710055,0.11540439000655844,41.728561464308946,"0.471820791, 0.4953913816, 0.2052154332"
2216,"bankheist, kangaroo, upndown",42,0.2103655105623144,0.24629152348268832,0.18649648242424316,0.11377988158331698,42.94240203258883,"0.2000529481, 0.3252453662, 0.3820727184"
2217,"boxing, freeway, frostbite",42,0.22236465667696548,0.24651581013310286,0.2028544224932375,0.11216506477328658,46.70895692808447,"0.3840209825, 0.1768208341, 0.3361480278"
2218,"asterix, kangaroo, privateeye",42,0.22032813853429659,0.24661070539335675,0.19175012416668166,0.11148139630351572,44.15209774859585,"0.4397259302, 0.5814289299, 0.07451144738"
2219,"choppercommand, kangaroo, upndown",42,0.21995139237945777,0.24665437065967685,0.19158106461558538,0.11116672353890633,44.11317034837759,"0.1005088676, 0.4142863435, 0.4179112871"
2220,"asterix, demonattack, kangaroo",42,0.21445736743925126,0.24675510501690756,0.193880508832261,0.11044057113430461,44.64263694592645,"0.3603492328, 0.08502639777, 0.5680623067"
2221,"amidar, frostbite, privateeye",42,0.22849002177672223,0.24678937971819265,0.1988349744598689,0.11019343135406723,45.78344481571459,"1.756156388, -0.07708239481, 0.1295313335"
2222,"alien, bankheist, seaquest",42,0.1940911347723027,0.24710427589101305,0.16304218618498711,0.10792124731758856,37.5418507438711,"1.203175871, 0.1662591705, 0.372102402"
2223,"asterix, freeway, pong",42,0.22516052545839543,0.24803130026577444,0.18845036088567185,0.1012153336172571,43.39229917446962,"0.3157025986, 0.1178562482, 0.5749313008"
2224,"bankheist, kangaroo, qbert",42,0.22503989816912381,0.24803624531958315,0.182111278659583,0.10117949473048105,41.93267155076404,"0.2359617973, 0.4053926218, 0.4044128152"
2225,"amidar, freeway, frostbite",42,0.22991728583550103,0.24806550148428755,0.1985882820278529,0.10096744836981864,45.72664178406314,"1.843976333, -0.04400888019, -0.06656034954"
2226,"battlezone, demonattack, kangaroo",42,0.22246220834230315,0.2484896331474109,0.18919207593064366,0.09789056632737869,43.563085375049766,"0.4295251095, 0.1176924087, 0.4421819894"
2227,"breakout, kangaroo, privateeye",42,0.21899908892792155,0.24854008998703714,0.20011776461683758,0.0975241750883531,46.07881816500215,"0.3207049775, 0.5051250806, 0.1893360176"
2228,"breakout, frostbite, qbert",42,0.2231034254671897,0.24883829013824693,0.1884926622887459,0.09535728223369433,43.40203943248272,"0.4127027844, 0.4730574537, 0.1551108607"
2229,"asterix, choppercommand, kangaroo",42,0.22044776976015526,0.24904922140787214,0.20140583039818258,0.09382296602014784,46.37540627169422,"0.4199113139, 0.04504601155, 0.5799200903"
2230,"asterix, battlezone, frostbite",42,0.23028886896210604,0.249194853433296,0.2065878927157696,0.09276287853627185,47.568620216038425,"0.43089866, 0.7597804438, 0.003584334637"
2231,"asterix, battlezone, privateeye",42,0.2285680120944201,0.24946050588139815,0.20795006524016713,0.09082753980517133,47.882272030914805,"0.4303984062, 0.7502822492, 0.09752419728"
2232,"boxing, breakout, kangaroo",42,0.21834788853747134,0.24978575521787974,0.19522390660970446,0.08845521628347419,44.95196571555672,"0.1091578329, 0.2378868929, 0.4768009228"
2233,"bankheist, battlezone, choppercommand",42,0.22167684873758825,0.24987854363818032,0.19526881063042725,0.0877778637247495,44.9623052484299,"0.3567088689, 0.5864183424, 0.21812623"
2234,"asterix, breakout, frostbite",42,0.2278857183437218,0.24988825014690244,0.19149466332445514,0.08770699198066678,44.093275715880395,"-0.00600068431, 0.4738715698, 0.5285715803"
2235,"bankheist, boxing, kangaroo",42,0.21689801185399307,0.25000463080345176,0.19363196622403656,0.08685702818080754,44.585407895459305,"0.2999112388, 0.237930067, 0.3105518133"
2236,"boxing, crazyclimber, freeway",42,0.2226515620380356,0.2502270369003563,0.20242967392087988,0.0852316270974619,46.61115495498635,"0.2040138996, 0.410524571, 0.1589618544"
2237,"frostbite, hero, privateeye",42,0.22587786773672264,0.25123334532755637,0.20529837678598825,0.0778592012750936,47.27169820032913,"0.05742306216, 1.188253537, -0.07685253672"
2238,"asterix, crazyclimber, pong",42,0.2320488567670055,0.25126556591814014,0.19660118964931922,0.07762265762385634,45.26909685514177,"0.2350861481, 0.2373461288, 0.4559500221"
2239,"bankheist, gopher, kangaroo",42,0.22791876489175306,0.2517161815024576,0.18792613786951273,0.07431133796538658,43.271592364228376,"0.2807530468, 0.2450843697, 0.3884698798"
2240,"frostbite, kangaroo, upndown",42,0.22405589852572158,0.25180609871207527,0.20001370870093452,0.0736498770494246,46.05485840492252,"-0.05514247386, 0.4421603999, 0.4774989323"
2241,"breakout, crazyclimber, freeway",42,0.23020254348234725,0.2518428576883699,0.19054164641764854,0.07337939775731606,43.873835463581976,"0.1811587321, 0.481159094, 0.1353035945"
2242,"boxing, freeway, kangaroo",42,0.2164526318773727,0.2519308065907383,0.18986390729980354,0.07273209335829112,43.7177802646131,"0.2678459578, 0.1723899765, 0.3820736879"
2243,"asterix, breakout, pong",42,0.23785833148387403,0.2519464473603368,0.19603083471375468,0.07261695353807629,45.137767777907115,"0.3252320154, -0.05444194712, 0.7352694546"
2244,"freeway, frostbite, hero",42,0.22476139639146972,0.2519737647770097,0.20826466029065874,0.07241583871569279,47.95471021827397,"0.04673628636, 0.04549915807, 1.129725897"
2245,"boxing, frostbite, qbert",42,0.23024322399984284,0.2520011371045428,0.20415200145953735,0.07221429776093513,47.00773552656293,"0.3264451615, 0.3508704953, 0.3361510932"
2246,"kangaroo, privateeye, upndown",42,0.22434052181761802,0.25212689014162304,0.19545508492739555,0.07128810368242211,45.005196490370615,"0.423464971, 0.06010984902, 0.4521926521"
2247,"mspacman, qbert, seaquest",42,0.20200837052250237,0.2522029960527279,0.17642836234882786,0.07072734530690572,40.62413171257629,"1.00058026, 0.184062831, 0.3367645968"
2248,"asterix, bankheist, boxing",42,0.22042140067815505,0.2523518136376484,0.19861565322995461,0.06963034871743468,45.73294423625681,"0.2745823351, 0.4216926431, 0.2544868523"
2249,"boxing, frostbite, kangaroo",42,0.22424088165050793,0.2525941550867857,0.20126464099899674,0.06784256373669106,46.34289621110881,"0.290226682, 0.2664032782, 0.3258665069"
2250,"asterix, boxing, pong",42,0.22984353370052646,0.2527775544650721,0.18358273739805905,0.06648846148468945,42.27148744638112,"0.2508530496, 0.1195412062, 0.5689401662"
2251,"freeway, hero, privateeye",42,0.22527149192604046,0.2530077821120156,0.20565818752868487,0.06478721835737766,47.35454768557237,"0.04469220838, 1.181271615, -0.03924638115"
2252,"asterix, gopher, pong",42,0.23856745309369756,0.2531399946719471,0.19559653378909975,0.06380954738169686,45.03776629440872,"0.2828166132, 0.01996826184, 0.6822431292"
2253,"asterix, pong, seaquest",42,0.23671245603521754,0.25333086353227147,0.19888250479196826,0.06239723028489985,45.79438907913029,"0.2220697761, 0.6883988457, 0.2401503385"
2254,"alien, qbert, seaquest",42,0.20192146972362454,0.25364740193670277,0.17858901230462068,0.06005268608444658,41.12163975051498,"1.345344115, 0.1230295002, 0.3162637179"
2255,"bankheist, battlezone, kangaroo",42,0.21565349263426098,0.25374517330503266,0.18530761530670775,0.05932791897631129,42.66865526235005,"0.2372296411, 0.4703068191, 0.3056035639"
2256,"frostbite, gopher, seaquest",42,0.20111498790514673,0.2537462918135534,0.18143113678503647,0.059319625994473935,41.77606309661886,"0.4970026438, 0.4237287134, 0.5543178632"
2257,"alien, choppercommand, seaquest",42,0.20396103760749082,0.2538818153781432,0.17148890007897996,0.058314540161487516,39.486778493580466,"1.433868029, 0.04927313694, 0.3516812899"
2258,"battlezone, privateeye, upndown",42,0.23516378376929234,0.2541179840067918,0.18777582263767495,0.05656175606878433,43.23698100302041,"0.5389302948, 0.08120965362, 0.4523728844"
2259,"bankheist, demonattack, upndown",42,0.2179053176256277,0.2547852284132934,0.18672462153345865,0.051600829385597846,42.99493300378968,"0.3304513732, 0.1605222838, 0.4510043793"
2260,"bankheist, boxing, qbert",42,0.22216362487316615,0.25481550725053415,0.1993537624639586,0.05137539928006041,45.902900168178704,"0.3780043862, 0.2580902624, 0.3269436846"
2261,"amidar, privateeye, seaquest",42,0.19621731135815604,0.2555127601269033,0.18051548699226855,0.046176844629325364,41.56522694029581,"1.387466686, 0.07264607578, 0.6677469428"
2262,"asterix, boxing, crazyclimber",42,0.23754094519357116,0.25568951483073354,0.20138924326660795,0.04485674584053456,46.37158694350429,"0.1954040426, 0.149796706, 0.4802023495"
2263,"bankheist, battlezone, seaquest",42,0.21074658563082158,0.2559281544980652,0.18096476402708234,0.043073008744025976,41.66867680059449,"0.2890873776, 0.5941428533, 0.7276160292"
2264,"freeway, mspacman, seaquest",42,0.20614042019152068,0.25601085035813953,0.17776832525679653,0.042454501681735146,40.932669574281654,"0.05649731621, 1.039398389, 0.5291361694"
2265,"breakout, demonattack, kangaroo",42,0.22137623295543057,0.25622985571206,0.20015120586555074,0.0408155298334949,46.08651829707995,"0.2569875224, 0.07136897138, 0.5328995946"
2266,"freeway, seaquest, upndown",42,0.2173984958106723,0.2564423442324568,0.19060047833413457,0.0392239885253276,43.88738201297128,"0.1715765121, 0.8387983747, 0.5406599705"
2267,"asterix, battlezone, seaquest",42,0.22416531752454746,0.25655158145865953,0.20622576600666487,0.03840528707243185,47.485237459822464,"0.3146324909, 0.7453502534, 0.4050075121"
2268,"bankheist, demonattack, kangaroo",42,0.22838598407062394,0.2569491519114443,0.18455919041308738,0.03542266763928692,42.49632406202245,"0.2969389899, 0.1876042508, 0.4527187196"
2269,"boxing, seaquest, upndown",42,0.22933445812153952,0.25705219743762026,0.205473390262988,0.03464885454429145,47.311996542650405,"0.1807398904, 0.6583701736, 0.5008442143"
2270,"breakout, choppercommand, kangaroo",42,0.22428401700022038,0.2574089703625437,0.20920608987435227,0.031967296743061646,48.1714823908256,"0.2934651157, 0.0527650043, 0.5283301053"
2271,"frostbite, kangaroo, qbert",42,0.24028858933038205,0.2575203560158453,0.19575845507538206,0.03112934394094835,45.075050048411924,"0.1082905319, 0.4960729032, 0.4675307432"
2272,"alien, frostbite, seaquest",42,0.2045392633330825,0.25778832001123264,0.18034942789528646,0.029111969223854284,41.526990420169106,"1.508686064, -0.03899570807, 0.3978783133"
2273,"freeway, gopher, qbert",42,0.24106251878836832,0.25840739347579195,0.21962388215060308,0.024443233861069835,50.57026771054597,"0.2557747392, 0.2747747025, 0.570619657"
2274,"bankheist, boxing, breakout",42,0.229323467006789,0.2587573887861761,0.19349125107283477,0.021798793100759828,44.55300703450774,"0.4416876594, 0.2136552301, 0.1943672359"
2275,"breakout, choppercommand, frostbite",42,0.22741295416507543,0.25946290275218137,0.20331929259720077,0.016457299602053665,46.815997225240906,"0.4816388348, -0.0339945477, 0.5352264443"
2276,"asterix, privateeye, upndown",42,0.2313135492512988,0.2595378455330096,0.21394285058125523,0.015889048269816186,49.26216185010507,"0.4057236817, 0.1506759668, 0.5976508571"
2277,"asterix, boxing, freeway",42,0.2284168597637352,0.2596891021083131,0.2044464664068844,0.014741650076597335,47.07553858637999,"0.3598501543, 0.3191901741, 0.2579162813"
2278,"alien, asterix, seaquest",42,0.20179458909408687,0.2597388433724577,0.18146307388833732,0.014364178022736707,41.783416886416255,"1.387390393, 0.1156458421, 0.2351798017"
2279,"battlezone, kangaroo, privateeye",42,0.2364691119368859,0.26009664302620467,0.19060864917033965,0.011646809666862934,43.88926341753559,"0.5617059842, 0.4377129816, 0.02631230495"
2280,"choppercommand, freeway, pong",42,0.24502122384417557,0.260377488689722,0.1971226523616933,0.009511260639307628,45.38916808194824,"0.1909060628, 0.09058972172, 0.7119002647"
2281,"choppercommand, mspacman, seaquest",42,0.2093793352326478,0.26039687923137905,0.1834678969550285,0.009363730002875048,42.245044457161626,"0.01629517549, 1.116012639, 0.4827209303"
2282,"choppercommand, pong, privateeye",42,0.24945505037033178,0.26078897503686116,0.20441688959528403,0.006378158403657741,47.06872827383106,"0.1759353243, 0.7862327254, 0.1390697545"
2283,"breakout, crazyclimber, privateeye",42,0.24688147364535512,0.2611150177638959,0.19836901058558637,0.0038921201275973205,45.67615266863492,"0.1981644616, 0.5537359568, 0.1480770361"
2284,"asterix, breakout, crazyclimber",42,0.24673173740646284,0.2612362586251525,0.20416541363079527,0.0029668802390174775,47.010823793123244,"0.1305273112, 0.1183607019, 0.5691564621"
2285,"bankheist, breakout, gopher",42,0.23976304912048263,0.26124101589435306,0.21837009499745955,0.0029305667642692823,50.2815725496844,"0.4549490177, 0.2596958496, 0.1905233884"
2286,"asterix, frostbite, upndown",42,0.23244338695721897,0.26127757752607,0.21350907580247863,0.0026514602368475915,49.16228151617229,"0.4061450775, 0.09528709571, 0.5483617048"
2287,"demonattack, freeway, gopher",42,0.24058018496966713,0.2615407228001842,0.2151022211746462,0.0006414927595228548,49.529116794664844,"0.2806502931, 0.1813915493, 0.4722736753"
2288,"asterix, demonattack, upndown",42,0.2295521694124495,0.26169174480636165,0.21472143186886097,-0.0005129637973244616,49.44143681675758,"0.3353413212, 0.08126319964, 0.5891692134"
2289,"bankheist, seaquest, upndown",42,0.2189162407574557,0.2618390332158475,0.19731995257956056,-0.0016395215630014004,45.43459813599881,"0.290404065, 0.68144023, 0.473320676"
2290,"crazyclimber, freeway, pong",42,0.24152653607104657,0.2622065409016646,0.20116364318719154,-0.004453223944098861,46.31964060552004,"0.4074662367, 0.09903278451, 0.3220513084"
2291,"asterix, choppercommand, upndown",42,0.2354287340953184,0.26226621671067996,0.21358208213996693,-0.004910484694543138,49.17909184661176,"0.4086640344, 5.21786044e-05, 0.6112284825"
2292,"boxing, frostbite, upndown",42,0.2365169172280522,0.2623935847098594,0.20761914687204178,-0.005886779079801396,47.80607526077047,"0.3014070995, 0.2566261799, 0.3181822585"
2293,"demonattack, kangaroo, privateeye",42,0.23673890853401816,0.2624622351335482,0.1832939246793774,-0.00641319124087536,42.20498586031078,"0.2874755225, 0.5804295925, 0.4226292791"
2294,"kangaroo, privateeye, qbert",42,0.24379976608793164,0.26252109819444863,0.1996350423525708,-0.0068646634608779955,45.96766725602644,"0.5505925698, -0.06791125681, 0.5065100344"
2295,"boxing, freeway, pong",42,0.23630887440389797,0.26261562054966564,0.1970234681514938,-0.007589849767995593,45.36633007356167,"0.2169743833, 0.1395489598, 0.4822076635"
2296,"demonattack, privateeye, upndown",42,0.2349131575886287,0.2626905518982009,0.20869196213378305,-0.00816491713955747,48.053100103692664,"0.2735811372, 0.4751454524, 0.5906745792"
2297,"battlezone, freeway, upndown",42,0.22900394131492446,0.2627243987618585,0.19339606136595955,-0.008424731728120749,44.53108879450201,"0.4497363677, 0.08820361721, 0.4523905516"
2298,"bankheist, battlezone, freeway",42,0.22805691010638304,0.26314228801222106,0.19081413054167273,-0.011635282436705863,43.93657725178755,"0.4369850748, 0.4627702395, 0.1493930002"
2299,"bankheist, battlezone, demonattack",42,0.23776179905870753,0.26417341247238724,0.19831828386423628,-0.019579012285062314,45.6644724093952,"0.3966512664, 0.5624839456, 0.1028886755"
2300,"freeway, gopher, kangaroo",42,0.22932258463704797,0.264181879599484,0.19152696008283104,-0.019644371197223842,44.100712319319236,"0.1549114382, 0.2760550192, 0.4662125606"
2301,"crazyclimber, pong, seaquest",42,0.2391847344454894,0.2642324272213453,0.2073574233178201,-0.020034598785761304,47.74581118532684,"0.2679898446, 0.469306938, 0.4685651491"
2302,"choppercommand, kangaroo, qbert",42,0.23870732305349107,0.2643651773875226,0.21195540738768887,-0.021059785427684385,48.80453614303724,"0.1131088164, 0.5265286215, 0.4472362907"
2303,"asterix, crazyclimber, privateeye",42,0.251009689758319,0.2643931857966918,0.20633060857743626,-0.021276151103931662,47.509378353879406,"0.2299799741, 0.6181125418, 0.07403691096"
2304,"breakout, choppercommand, pong",42,0.2505475451604632,0.26480854924306013,0.2043795820000498,-0.02448753487432831,47.060137882566885,"0.07211910467, 0.1591169757, 0.7285219945"
2305,"demonattack, gopher, qbert",42,0.24835910907081854,0.2648915853643726,0.21857768321690818,-0.02513013352989235,50.32937150364275,"0.2671035869, 0.4079578025, 0.3600325267"
2306,"battlezone, frostbite, kangaroo",42,0.23333074483708835,0.26585612817067344,0.1897779414851407,-0.032609284725221066,43.69798590427813,"0.6414157796, -0.1126685287, 0.4553669465"
2307,"asterix, mspacman, seaquest",42,0.2052331352383329,0.2661838421240878,0.1912546868005745,-0.03515659512277458,44.03801907922479,"0.1329031796, 1.063647421, 0.2908826535"
2308,"frostbite, mspacman, seaquest",42,0.20888078669421117,0.26625114950637874,0.18421592720549473,-0.035680161759908735,42.41728478754484,"0.04042285795, 1.078249106, 0.5122599853"
2309,"breakout, crazyclimber, pong",42,0.2429663764950193,0.2663389096469836,0.20277456864422438,-0.03636302390970303,46.69056989984889,"0.1263071798, 0.3756500161, 0.307302751"
2310,"asterix, crazyclimber, gopher",42,0.2509258203897557,0.26658385770890697,0.20801251626423625,-0.038270156802450606,47.89665191062118,"0.224613755, 0.5846114985, 0.05064318006"
2311,"asterix, choppercommand, crazyclimber",42,0.2505918383328959,0.26692905435844505,0.20792611735761132,-0.04096078804703995,47.87675782717663,"0.2059101998, 0.05742755526, 0.6139151427"
2312,"breakout, crazyclimber, gopher",42,0.25022066358687867,0.2672245747330008,0.19918656965014603,-0.043266984429162214,45.86440260010464,"0.1755800071, 0.5781231416, 0.01212988317"
2313,"choppercommand, pong, seaquest",42,0.24294730423877567,0.26756270364958856,0.20734385116302004,-0.04590882165315824,47.7426860811946,"0.1083701196, 0.7309209096, 0.4609759408"
2314,"breakout, pong, privateeye",42,0.25249790731657207,0.26762896985482615,0.20235393393214346,-0.0464269580777108,46.593715178085546,"0.1602221324, 0.6850043677, 0.2304788799"
2315,"breakout, choppercommand, crazyclimber",42,0.24904618224546432,0.26768623665301783,0.20495830378639943,-0.04687483136171533,47.19339349839083,"0.1631965314, 0.05527882644, 0.5766235778"
2316,"asterix, seaquest, upndown",42,0.23130177567616741,0.2680770615821878,0.22262609476831355,-0.04993396107221271,51.26155271249985,"0.3138885719, 0.338360537, 0.5980805043"
2317,"choppercommand, gopher, pong",42,0.25240850034907536,0.2681054419867721,0.20474200949087945,-0.050156278697665035,47.14358989633444,"0.1826647363, 0.02726209117, 0.7699118477"
2318,"choppercommand, crazyclimber, pong",42,0.24252855011348276,0.2683696541914539,0.20754115328445377,-0.05222711188241713,47.788116573557545,"0.1362486027, 0.296130846, 0.4738612266"
2319,"asterix, kangaroo, seaquest",42,0.2187645782356046,0.2685625113944066,0.202742694162783,-0.05373996916456325,46.683230529267504,"0.3668689869, 0.5786183963, 0.2620580958"
2320,"choppercommand, crazyclimber, freeway",42,0.24343495914029056,0.2687484180712706,0.20237800847507179,-0.05519933218431916,46.59925854645229,"0.1220676515, 0.5988256948, 0.1366557751"
2321,"boxing, breakout, crazyclimber",42,0.24297279070355834,0.26885688978270134,0.2029260048502654,-0.05605129906992312,46.72543937490585,"0.1184279277, 0.122322095, 0.5089534489"
2322,"crazyclimber, freeway, privateeye",42,0.24754645028574213,0.26898286997164284,0.2057371849307427,-0.057041213908320065,47.37273750960873,"0.6344349524, 0.1430730944, 0.1262829254"
2323,"alien, privateeye, seaquest",42,0.20389966061372414,0.26905358748330405,0.1831048483372397,-0.057597094293613704,42.161449423626365,"1.468181821, -0.07629354012, 0.4145030518"
2324,"crazyclimber, pong, privateeye",42,0.2489688476130433,0.2701336653193747,0.21465717283913555,-0.06610528753101041,49.426640628363984,"0.3552412092, 0.4612733166, 0.1042290922"
2325,"asterix, bankheist, gopher",42,0.24227203390844507,0.2704496553318898,0.23096077368626813,-0.06860090876620384,53.18068345563724,"0.3327293967, 0.4595793779, 0.2540176366"
2326,"bankheist, freeway, kangaroo",42,0.22869097975290797,0.27065646913759045,0.18979640646947743,-0.07023585942442456,43.702237624045736,"0.3975121111, 0.1968049056, 0.3524349827"
2327,"breakout, crazyclimber, seaquest",42,0.24964561858107062,0.27087075226335877,0.21008321250377343,-0.07193117651417857,48.373447339948896,"0.1563232776, 0.5814242628, 0.1312320237"
2328,"boxing, choppercommand, pong",42,0.24602067405477432,0.27092785009567416,0.1953411981150079,-0.07238313669714791,44.978973082721375,"0.1145552708, 0.1321445851, 0.6744192156"
2329,"freeway, pong, seaquest",42,0.23810034532104518,0.2709416905860934,0.21488244400812198,-0.07249270599862445,49.47851123192294,"0.09898791952, 0.6545027133, 0.6446783176"
2330,"battlezone, freeway, kangaroo",42,0.23332731908299312,0.27102142914490496,0.19782964492771288,-0.07312407141690014,45.551959136285674,"0.5063579141, 0.05948479311, 0.4308078705"
2331,"boxing, crazyclimber, privateeye",42,0.25005262739562095,0.2712998488601872,0.2185297991536297,-0.07533003990301324,50.31834579061305,"0.170112564, 0.5673034455, 0.002875840734"
2332,"boxing, crazyclimber, gopher",42,0.2492625353677996,0.27138928295594084,0.2154064610993931,-0.07603912265105328,49.59917062620643,"0.1876974768, 0.5915184054, -0.05059909399"
2333,"boxing, crazyclimber, seaquest",42,0.24449072221700197,0.2716873055727061,0.22042982179300968,-0.07840369702968619,50.75584217119181,"0.1555462849, 0.5201825883, 0.3298869878"
2334,"bankheist, battlezone, privateeye",42,0.24771737175881994,0.2720804688078002,0.1981910859592293,-0.0815271073481767,45.63518400940229,"0.406208191, 0.6709615019, -0.0386049102"
2335,"freeway, pong, privateeye",42,0.25489754204041287,0.2722345325521863,0.21778205831594383,-0.08275226909123523,50.14617209998522,"0.102048039, 0.7733409058, 0.2185274158"
2336,"mspacman, privateeye, seaquest",42,0.20830793892034508,0.2724803052023947,0.1834369309112766,-0.08470816362320699,42.23791426208842,"1.133454241, -0.07850941838, 0.5036428826"
2337,"boxing, choppercommand, crazyclimber",42,0.2490818307859354,0.27248988825952736,0.21814305083489857,-0.08478446273838891,50.22929369926798,"0.1568502707, 0.04963439422, 0.5609686017"
2338,"boxing, demonattack, qbert",42,0.2531943019773111,0.2726773158411967,0.21946695405933894,-0.08627727742150193,50.53413368218429,"0.332505806, 0.188261428, 0.4297631655"
2339,"choppercommand, gopher, kangaroo",42,0.24632443897288697,0.2726958875181423,0.20721988410721787,-0.08642525216313901,47.71414161172336,"0.1495018434, 0.2627860073, 0.5407253856"
2340,"crazyclimber, freeway, gopher",42,0.24635842518871293,0.272777242728109,0.21440582245087964,-0.08707359005893323,49.36876506265235,"0.5604747001, 0.1435265963, 0.09966209256"
2341,"demonattack, freeway, upndown",42,0.24036139019950437,0.2729201682964877,0.20039022911107612,-0.08821306425780628,46.14155543328253,"0.1586617851, 0.1545856779, 0.6030250814"
2342,"breakout, freeway, pong",42,0.25071751747855997,0.2729682699370234,0.20662349633247348,-0.08859668886720518,47.576818251746325,"0.1618087809, 0.1080753981, 0.6100854342"
2343,"asterix, crazyclimber, seaquest",42,0.2515250296812173,0.27307301315773186,0.21408012615818967,-0.08943228048899377,49.29377071981321,"0.1997144738, 0.6209597926, 0.108689313"
2344,"gopher, pong, seaquest",42,0.24677532583628406,0.2739059944657758,0.2138428426961362,-0.09608882115556505,49.239134183559386,"0.04112877359, 0.7109031771, 0.6050387618"
2345,"breakout, kangaroo, seaquest",42,0.22038906119156368,0.27457522176122373,0.2145320186020368,-0.10145145419442891,49.39782280029712,"0.2433927136, 0.5315869958, 0.35053771"
2346,"demonattack, frostbite, kangaroo",42,0.2544027399805523,0.2747917689013321,0.21375302438114682,-0.10318948587261345,49.21845275224214,"0.2070578564, 0.1367864756, 0.6005426387"
2347,"gopher, kangaroo, seaquest",42,0.21977596156539952,0.274883911314753,0.20080266540557007,-0.10392944678690208,46.23652239963367,"0.2135994587, 0.5017894588, 0.737512722"
2348,"boxing, pong, seaquest",42,0.2382757734425905,0.27538764638163554,0.20167868388622107,-0.10797913814259008,46.4382331091071,"0.124258378, 0.6127901831, 0.5114546152"
2349,"breakout, freeway, qbert",42,0.25195483064815727,0.275704372977937,0.21982199700982932,-0.11052920360959106,50.61588534270146,"0.2546519314, 0.2566959507, 0.5528106897"
2350,"crazyclimber, freeway, seaquest",42,0.23851646896130294,0.2757272553396339,0.2157545036590737,-0.11071355023540086,49.679310387171235,"0.5573879769, 0.1412384922, 0.4683750735"
2351,"bankheist, choppercommand, upndown",42,0.2393519658837849,0.2761091907311775,0.2156270390034178,-0.1137927861127157,49.64996056557155,"0.3780147361, 0.152331475, 0.4707252645"
2352,"bankheist, gopher, qbert",42,0.2472786891616512,0.2761812157823785,0.23181021963829834,-0.11437394348268404,53.37627561428213,"0.4159471653, 0.2546414673, 0.3905784047"
2353,"bankheist, boxing, gopher",42,0.24409531780453533,0.27661302228670887,0.21889355927985785,-0.117861292081467,50.402104655020906,"0.4678562148, 0.265203334, 0.1245924547"
2354,"bankheist, breakout, qbert",42,0.24101514269258895,0.27703590617384694,0.23177470753477553,-0.12128186045647738,53.36809865026287,"0.4360036115, 0.2677814308, 0.2987495405"
2355,"boxing, frostbite, privateeye",42,0.2562335779204178,0.27727735745773163,0.22617534979206808,-0.12323722377654533,52.078798883392984,"0.4380321692, 0.4793574269, -0.1249511473"
2356,"demonattack, seaquest, upndown",42,0.24425666838402788,0.27739374285261753,0.2204505423795602,-0.12418036493487561,50.760613262562735,"0.1091589872, 0.6802721424, 0.6309107818"
2357,"crazyclimber, gopher, pong",42,0.2507201445524543,0.27750760616292447,0.21233032604929014,-0.12510345114033883,48.89086435516607,"0.382158419, 0.001477334421, 0.4391128756"
2358,"bankheist, choppercommand, freeway",42,0.2351258206120453,0.27758859505559663,0.22434386380598204,-0.12576025605062524,51.65708365043407,"0.5809533397, 0.259472848, 0.2638858201"
2359,"boxing, choppercommand, upndown",42,0.2551351776183651,0.2783763895592475,0.2215674263037141,-0.13215912272028651,51.01778528999888,"0.2509387474, 0.03158083082, 0.5397019801"
2360,"boxing, gopher, kangaroo",42,0.24134436796540285,0.2786884993250357,0.21138466890169302,-0.1346992519886363,48.67311875005203,"0.1733481506, 0.1609132207, 0.4946162047"
2361,"boxing, gopher, pong",42,0.2525081650976008,0.2789013978450536,0.20417115871690825,-0.13643357590586036,47.012146648087416,"0.178027615, -0.04224744191, 0.7003155109"
2362,"boxing, demonattack, freeway",42,0.2404286553857806,0.2794566232853798,0.20028607504755133,-0.14096281024342128,46.117573073877836,"0.4009527327, 0.1859804126, 0.2220565949"
2363,"boxing, demonattack, gopher",42,0.25453591675217824,0.27945918930873753,0.22232176617928653,-0.14098376341052488,51.19147846525329,"0.215027767, 0.2967042511, 0.3410854874"
2364,"choppercommand, crazyclimber, privateeye",42,0.2625853034239082,0.28021146494999016,0.21869132201057168,-0.14713485522897463,50.35553780287029,"0.1098566922, 0.7035418028, 0.0392123317"
2365,"bankheist, battlezone, frostbite",42,0.2474294828073784,0.28033293934968834,0.20427469308116372,-0.14812965907963016,47.03598631646215,"0.4045647363, 0.7075601673, -0.0458652274"
2366,"battlezone, choppercommand, seaquest",42,0.24381970751665435,0.28033389595034897,0.2148957339400334,-0.14813749478717764,49.481571351833544,"0.8103609319, 0.1056511046, 0.8553717515"
2367,"boxing, breakout, pong",42,0.2508377274059283,0.28039270513282744,0.20458132879155505,-0.1486192639259527,47.10659179803482,"0.1396716507, 0.07346283911, 0.6253832097"
2368,"breakout, gopher, pong",42,0.2604101668010511,0.28044574155241897,0.2155686366765579,-0.149053828830916,49.63651293284917,"0.1280289165, 0.03782977716, 0.706780872"
2369,"boxing, pong, privateeye",42,0.25122556746247837,0.2811038181538287,0.2108198940404747,-0.15445275284243531,48.543074532418125,"0.1503578065, 0.6824146353, 0.1072526637"
2370,"freeway, gopher, pong",42,0.25875639084079827,0.28123270762719155,0.2202355866919757,-0.15551165642385478,50.711117886374105,"0.1062157874, 0.1063820946, 0.6852633132"
2371,"pong, privateeye, seaquest",42,0.24417627196097286,0.28126268033918067,0.20783098627754693,-0.1557579696207836,47.85485308649295,"0.7422825765, 0.1378174655, 0.585786687"
2372,"boxing, choppercommand, frostbite",42,0.2586295073572507,0.28165973225819746,0.22857550785315212,-0.1590233856048624,52.631455700621146,"0.4327962414, -0.002490090038, 0.4708922694"
2373,"battlezone, frostbite, seaquest",42,0.24804519005752665,0.28175014394148296,0.20792563856161098,-0.15976758906548505,47.87664758032333,"0.8377845683, -0.006501127912, 1.011689371"
2374,"boxing, privateeye, upndown",42,0.2551645731656439,0.28197511622260885,0.22193570650096017,-0.16162043445936503,51.10258493922125,"0.2550878683, 0.04712389242, 0.5451715358"
2375,"kangaroo, qbert, seaquest",42,0.2279677765522516,0.2821888923369843,0.1998617465101875,-0.16338243983890877,46.019867817411246,"0.5298380475, 0.3348028771, 0.5709505326"
2376,"bankheist, boxing, privateeye",42,0.24723887602664427,0.2823638952853653,0.20994469020199302,-0.1648258594326093,48.34155140123622,"0.5061081718, 0.3462263645, -0.1377131678"
2377,"choppercommand, crazyclimber, gopher",42,0.2617744302349479,0.282683314510128,0.22231446523721338,-0.16746272786234995,51.18979736121505,"0.1100786859, 0.6612405954, 0.05360192912"
2378,"battlezone, freeway, seaquest",42,0.2417814717829246,0.28305518728008644,0.2098000447423154,-0.17053636637527592,48.30824555331392,"0.7393957397, 0.08379762587, 1.003322744"
2379,"gopher, kangaroo, privateeye",42,0.2502337341757921,0.28316367771814704,0.21182298721648896,-0.17143383334174644,48.774045271815574,"0.3359574049, 0.5654514021, -0.2168061328"
2380,"bankheist, boxing, choppercommand",42,0.2461418660686079,0.2832564709982528,0.21972472586159206,-0.17220172136674017,50.59348783311051,"0.4905854954, 0.3063029721, 0.1008424612"
2381,"battlezone, demonattack, seaquest",42,0.24638090546368935,0.2835148861718733,0.20928022906976165,-0.17434149868572346,48.188553571441226,"0.8620811466, -0.0490836859, 1.100291977"
2382,"choppercommand, demonattack, kangaroo",42,0.2549118004841301,0.28367475779309503,0.2128356611636249,-0.17566627436422855,49.00722206528944,"0.1202777426, 0.1936562596, 0.6448245289"
2383,"bankheist, choppercommand, kangaroo",42,0.2500069398348771,0.2841014989458567,0.2055731610682109,-0.1792061208475162,47.33496961953263,"0.3508057148, 0.2133029858, 0.4598545829"
2384,"breakout, pong, seaquest",42,0.24742219706433025,0.28414455726823995,0.22304173977468186,-0.17956358805687045,51.35725851206395,"0.002912486456, 0.7488298877, 0.6059099078"
2385,"gopher, pong, privateeye",42,0.2638468329095656,0.2846131755053929,0.2250850965307542,-0.18345752733504228,51.82775879268403,"-0.01852317893, 0.8864889037, 0.1909017479"
2386,"asterix, freeway, gopher",42,0.2610199402249483,0.28473626726183454,0.2422623040362349,-0.18448141083268865,55.78295698682256,"0.4482927656, 0.2728374861, 0.3359659377"
2387,"boxing, kangaroo, seaquest",42,0.22361526432945444,0.28485029948774826,0.2083033114143799,-0.1854303317383732,47.96360996840476,"0.1883905923, 0.4848800775, 0.6764241398"
2388,"crazyclimber, gopher, privateeye",42,0.26680955217822877,0.284927606046539,0.22425500133550855,-0.18607385554904154,51.63662231045018,"0.7074703501, 0.05304200125, 0.01195984688"
2389,"bankheist, demonattack, freeway",42,0.24196620592784499,0.28506614977488787,0.21709077781044744,-0.18722757348258035,49.98699888128188,"0.5877303241, 0.1622965437, 0.2420620625"
2390,"choppercommand, seaquest, upndown",42,0.2541796470866639,0.28525606885739274,0.22244848140629445,-0.18881002921275725,51.22065572452967,"-0.0202284091, 0.9564221616, 0.6731616492"
2391,"bankheist, privateeye, upndown",42,0.2500861250177433,0.2855791000665378,0.21081723801461746,-0.1915040310004612,48.54246295986358,"0.3806956502, 0.018305604, 0.5413822351"
2392,"breakout, frostbite, seaquest",42,0.2270522451121993,0.2857311588074156,0.20942444448638647,-0.1927732193802678,48.22176039829125,"0.4962465644, 0.5356037369, -0.1479217682"
2393,"boxing, choppercommand, kangaroo",42,0.24919304050371982,0.28674664024819113,0.21615901015839717,-0.20126645777385455,49.77245145070738,"0.2459951854, 0.08337635933, 0.517984004"
2394,"bankheist, frostbite, upndown",42,0.2495481304102042,0.28676240656417556,0.20695884088299996,-0.20139856092400188,47.65403418805223,"0.3780563587, 0.04428886174, 0.5155541216"
2395,"crazyclimber, gopher, seaquest",42,0.2579115279249841,0.28679531671602587,0.22863579379612142,-0.20167433262182266,52.64533705198097,"0.6165395716, 0.06515939444, 0.4253986125"
2396,"boxing, kangaroo, privateeye",42,0.25184365943270565,0.28689396661185507,0.21584486018099028,-0.2025011622733639,49.700115745213225,"0.2749439595, 0.5249597296, -0.02693978347"
2397,"bankheist, choppercommand, gopher",42,0.2632733692206989,0.2870752115010083,0.23645325310454995,-0.20402099928049244,54.445373578848475,"0.5223669492, 0.2148442137, 0.3082368107"
2398,"bankheist, kangaroo, seaquest",42,0.23100772982558113,0.28719643370478215,0.19429088291850846,-0.20503804909059697,44.737129071280904,"0.2505299433, 0.4790702547, 0.7920476218"
2399,"bankheist, gopher, privateeye",42,0.26611846793324884,0.28760847329237477,0.2398080670323195,-0.20849825613033213,55.21784803283357,"0.5587065956, 0.423757678, -0.3712590988"
2400,"choppercommand, crazyclimber, seaquest",42,0.25810171660151815,0.28775118508940023,0.23053770756103537,-0.2096978713228448,53.083268880306065,"0.06271357734, 0.6620253094, 0.3393174468"
2401,"choppercommand, freeway, upndown",42,0.2576480670136074,0.28795141167037375,0.2134450973570512,-0.21138195084288403,49.147549934700876,"0.1567214287, 0.1956903857, 0.6244088395"
2402,"boxing, crazyclimber, pong",42,0.24012210264544764,0.2880153076214568,0.21037498674119606,-0.21191961786912716,48.440630840909805,"0.133129998, 0.3222917822, 0.338754378"
2403,"demonattack, freeway, kangaroo",42,0.24538302260844386,0.2896835697298201,0.2170481577311525,-0.22599980684950838,49.977185245357205,"0.1911336253, 0.1232643705, 0.598357162"
2404,"boxing, breakout, freeway",42,0.2581439243634206,0.29077006455180743,0.20611865510762378,-0.23521358752659105,47.46057426387955,"0.3213519907, 0.2106065299, 0.2551028369"
2405,"asterix, bankheist, breakout",42,0.25304496175291413,0.29148369420469655,0.242946293636763,-0.24128413504565605,55.94045141261647,"0.1824263631, 0.5123692912, 0.2739585506"
2406,"asterix, bankheist, frostbite",42,0.25099378216714224,0.29172931227836496,0.20940026717408614,-0.243376946946805,48.21619336640211,"0.4331027761, 0.4496368145, 0.2846196871"
2407,"bankheist, boxing, seaquest",42,0.2393773812727066,0.29214271916214374,0.2169234799798822,-0.24690339954678797,49.948477132206904,"0.4497861453, 0.2963069105, 0.4443925293"
2408,"crazyclimber, privateeye, seaquest",42,0.2592043657216024,0.29357529420523953,0.22748629573754248,-0.25916221864568434,52.380655342570016,"0.6707564767, 0.0419150226, 0.4129692915"
2409,"choppercommand, demonattack, upndown",42,0.26507606867088074,0.29387798852259234,0.22780779083776093,-0.2617601057694108,52.45468232509338,"0.06323765691, 0.1879335228, 0.6806283898"
2410,"demonattack, frostbite, upndown",42,0.2654163016096798,0.2939003903746633,0.22540090383234487,-0.26195247703687286,51.90047611117418,"0.1968710297, 0.06440726459, 0.6605671855"
2411,"bankheist, breakout, privateeye",42,0.25621462223442176,0.2944461434267027,0.24163493406256378,-0.2666435484772751,55.638499711905844,"0.4974315801, 0.3792035757, 0.1572330063"
2412,"choppercommand, demonattack, gopher",42,0.27732965395556,0.29481532494072815,0.24087027375097964,-0.2698218175711007,55.46243016844006,"0.04040204096, 0.349755399, 0.5484651009"
2413,"demonattack, gopher, privateeye",42,0.2721633266710793,0.29496953097004075,0.23339605957484588,-0.2711505503411451,53.74142875405903,"0.3927559784, 0.5059006123, 0.2401157838"
2414,"freeway, frostbite, qbert",42,0.2756141351818368,0.29500133021386205,0.2551419697762324,-0.27142463834597264,58.74860962038899,"0.2616012322, 0.220157452, 0.7415026881"
2415,"breakout, demonattack, gopher",42,0.27674064782061014,0.29559162720216786,0.231517860635216,-0.2765179647175251,53.308957466052135,"-0.07370449354, 0.4020843679, 0.6048897847"
2416,"bankheist, breakout, choppercommand",42,0.25337933909488614,0.2955922626609904,0.2358616667034168,-0.2765234532050205,54.30915577600175,"0.5184608103, 0.3206859648, 0.1268253289"
2417,"boxing, frostbite, seaquest",42,0.24002670575320093,0.2957631058070544,0.22423616364870996,-0.2779994614338268,51.63228477276929,"0.3571979647, 0.4263581239, 0.5717435957"
2418,"demonattack, kangaroo, seaquest",42,0.23813914985366003,0.2959336451580169,0.2145478202043396,-0.2794736955760886,49.401461253687906,"0.1285314011, 0.6117017801, 0.6781580254"
2419,"freeway, privateeye, upndown",42,0.2585958493665597,0.2963000680776878,0.22676263005852806,-0.28264412749478374,52.214025162089015,"0.2107144875, 0.2476205765, 0.663024813"
2420,"freeway, kangaroo, seaquest",42,0.22601522462777207,0.2964535019432238,0.20748767826763975,-0.2839728615910988,47.77580349590119,"0.1518742031, 0.5358009755, 0.9194412221"
2421,"bankheist, frostbite, qbert",42,0.26828127771932647,0.2980515422895536,0.22363081450765043,-0.29785274948356855,51.492897981943244,"0.4372120173, 0.2348645345, 0.4987476172"
2422,"battlezone, choppercommand, demonattack",42,0.27907381146197996,0.2982041986422349,0.23854262434767728,-0.2991825611234369,54.92646908666402,"0.8990799146, 0.2638194191, 0.04449933954"
2423,"boxing, freeway, gopher",42,0.2684902298108907,0.29824136485692243,0.23078109088543086,-0.2995064244842558,53.13930996176971,"0.3518573542, 0.2742140387, 0.1764433648"
2424,"frostbite, seaquest, upndown",42,0.25145221161102654,0.2984103865180006,0.22670313439821235,-0.3009797745940761,52.20032578003494,"0.09708251204, 0.924491641, 0.604430838"
2425,"battlezone, choppercommand, privateeye",42,0.2801559793964025,0.2990887261613678,0.2389382342889851,-0.30690121193416053,55.01756164201358,"0.9310847499, 0.2807714752, 0.05110979844"
2426,"bankheist, kangaroo, privateeye",42,0.2716550301910172,0.2991151523111616,0.20368026434445502,-0.3071321660953257,46.89911404166287,"0.3765378721, 0.543745526, -0.03174540896"
2427,"breakout, freeway, gopher",42,0.27755376448484237,0.2992640985744532,0.23588872536057132,-0.30843427950834545,54.31538626206179,"0.3152222457, 0.2502373125, 0.3006141564"
2428,"boxing, gopher, qbert",42,0.28403937368794224,0.2992892475151709,0.23193132997644939,-0.308654199765519,53.404162300205535,"0.2861751641, 0.1420261717, 0.549174683"
2429,"battlezone, privateeye, seaquest",42,0.24780682755896913,0.29945194289580124,0.21313746683229523,-0.31007737059449614,49.07671538865558,"0.8285424266, 0.0387065051, 1.005892753"
2430,"boxing, privateeye, qbert",42,0.2889426850415458,0.29963817950421595,0.22499623411858768,-0.31170741669719915,51.807297466125824,"0.3738517567, -0.1177651839, 0.6098511205"
2431,"bankheist, frostbite, kangaroo",42,0.26387897827557166,0.2998384157337625,0.2086196618442878,-0.3134611258375082,48.03645234681157,"0.3438724399, 0.152997299, 0.4666643757"
2432,"asterix, demonattack, gopher",42,0.27553346437366183,0.3000287162469917,0.2439579914009407,-0.315128901764246,56.17340343165756,"0.1066504863, 0.3217627356, 0.5228468199"
2433,"battlezone, choppercommand, frostbite",42,0.27998857679136524,0.30016209404329175,0.23919457905474267,-0.3162984430401996,55.07658720564363,"0.9769488847, 0.2882794733, -0.05008399631"
2434,"privateeye, seaquest, upndown",42,0.25254028476936197,0.3004424127870086,0.2277339533651488,-0.31875815016702136,52.43768061871927,"0.1038831902, 0.912601341, 0.662044752"
2435,"demonattack, freeway, qbert",42,0.2763894594309398,0.3009894563272966,0.24563832154905688,-0.32356489430949265,56.56031374669364,"0.1341427703, 0.2803090171, 0.7639772841"
2436,"choppercommand, freeway, qbert",42,0.27983122668236443,0.3014510789906578,0.252214317005628,-0.3276278677436384,58.074492657683365,"0.179421859, 0.3072182455, 0.7688503127"
2437,"bankheist, freeway, frostbite",42,0.2612316833844353,0.30149844617503974,0.2186444367809881,-0.3280451224097627,50.34474207979822,"0.6011733248, 0.2579086433, 0.1670135778"
2438,"boxing, breakout, qbert",42,0.28185720158833166,0.30155239541570333,0.22438444239960975,-0.3285204378681572,51.66642721691225,"0.2905072307, 0.1514967167, 0.5006496824"
2439,"demonattack, gopher, seaquest",42,0.2769955677107189,0.3019336697382112,0.24401139075087577,-0.3318820490452381,56.185699086371166,"0.3387824838, 0.5423393912, 0.1594299497"
2440,"battlezone, choppercommand, freeway",42,0.2740800218414231,0.3019389991324584,0.2400146382467662,-0.3319290672342361,55.26541281273624,"0.8340939237, 0.2828411538, 0.09043712099"
2441,"choppercommand, freeway, kangaroo",42,0.26306983632001313,0.3023133990770428,0.21672629930018478,-0.3352342603012859,49.90307460283713,"0.2264899682, 0.1715941551, 0.6066059773"
2442,"boxing, choppercommand, qbert",42,0.29065759417092285,0.3030340588157024,0.22902508351663342,-0.34160775541817445,52.734974322711636,"0.3644801952, 0.02270610096, 0.5913200163"
2443,"choppercommand, frostbite, kangaroo",42,0.28249164061787196,0.30387498174878785,0.23421776353136753,-0.3490640400442582,53.93063308217313,"0.2159107341, 0.1786302799, 0.6410263018"
2444,"freeway, frostbite, upndown",42,0.2682393287196815,0.30455432277588795,0.22412336275601916,-0.3551027009285588,51.606311407370654,"0.1968363228, 0.01232738708, 0.6920725451"
2445,"boxing, demonattack, privateeye",42,0.27448741070913707,0.3048159064312645,0.23434434272370544,-0.3574315133658892,53.95977901830917,"0.405264567, 0.344270201, 0.458477207"
2446,"breakout, gopher, qbert",42,0.29669345224059257,0.30500853731144867,0.2443026555976656,-0.35914773515689147,56.25276529580431,"0.243646589, 0.2694393696, 0.5026306051"
2447,"bankheist, freeway, seaquest",42,0.2340699506672696,0.3051263040114445,0.20652592503970046,-0.3601974975391826,47.55435163132199,"0.534246093, 0.2631844779, 0.761174052"
2448,"boxing, choppercommand, freeway",42,0.27694423852869426,0.30519265445078625,0.22346866060447854,-0.36078911820821413,51.455560665921794,"0.4400665838, 0.0921620088, 0.2900127263"
2449,"bankheist, breakout, demonattack",42,0.2567203474428338,0.30535069321573516,0.24527556788636903,-0.3621988055670402,56.47678662908023,"0.5257104306, 0.3186083731, 0.06706789521"
2450,"battlezone, demonattack, privateeye",42,0.29494874439791186,0.3054491552165491,0.23890752109343785,-0.3630774441129725,55.01048966739105,"0.8458006552, 0.195395155, 0.3585038755"
2451,"asterix, freeway, qbert",42,0.2789455628433739,0.305926292607136,0.23575378469128294,-0.3673392544618097,54.28431502470759,"0.2671555245, 0.3135207171, 0.6285592194"
2452,"frostbite, kangaroo, seaquest",42,0.2422460077924909,0.30618228315914237,0.20384871240419203,-0.3696285142275677,46.93790064079229,"0.1666250671, 0.5510693126, 0.9428764996"
2453,"bankheist, demonattack, qbert",42,0.2585657994070115,0.3071266767385411,0.2385795182712937,-0.3780905529778511,54.93496422651813,"0.4758269562, 0.1722860079, 0.4619270809"
2454,"asterix, boxing, qbert",42,0.28654390471402297,0.3072450863129903,0.23751996242266307,-0.3791533754828196,54.69099247629299,"0.1537392672, 0.3546156018, 0.4745352531"
2455,"boxing, freeway, privateeye",42,0.27656580809129616,0.3100388359650619,0.23456872066079484,-0.4043484197933891,54.011443947623064,"0.4552294884, 0.3013467369, 0.1551253543"
2456,"asterix, freeway, frostbite",42,0.28495620903868957,0.31171433168347173,0.24695409798903328,-0.41956804660226754,56.863282468333885,"0.6040037389, 0.2451546989, 0.370111836"
2457,"boxing, freeway, seaquest",42,0.2536408807050862,0.31273298664949706,0.23282292515950997,-0.4288612530744169,53.6094596779556,"0.3730865039, 0.2674987118, 0.6922882645"
2458,"choppercommand, kangaroo, privateeye",42,0.292431942329419,0.3133169573131324,0.23356938241583255,-0.4342025003710974,53.781337813052154,"0.2381841458, 0.7449324213, 0.04054918718"
2459,"bankheist, choppercommand, qbert",42,0.2726643662397712,0.3135218492837487,0.24979989941603598,-0.43607889201017946,57.51855246267764,"0.5133038397, 0.199910713, 0.4858426244"
2460,"bankheist, freeway, privateeye",42,0.2692906383852041,0.3139424987078957,0.23555502634337372,-0.4399350252176677,54.2385492238072,"0.6644458354, 0.3073270948, 0.1121068915"
2461,"freeway, privateeye, qbert",42,0.2905792115017307,0.31406243595219996,0.27241223939572146,-0.4410354485674677,62.72523615817135,"0.3304520554, 0.1257400014, 0.8503618267"
2462,"asterix, boxing, demonattack",42,0.2871302814305722,0.31432493829998204,0.2446156438754143,-0.4434453724027607,56.32483351006691,"0.2264656634, 0.4215607472, 0.2029584834"
2463,"choppercommand, kangaroo, seaquest",42,0.2515822093973763,0.3144282190707019,0.22961748102975008,-0.44439410172541827,52.871378890994556,"0.05410837624, 0.6420595739, 0.9141437547"
2464,"bankheist, gopher, seaquest",42,0.2600804032873681,0.31478238318757273,0.2550502737167267,-0.4476497933614785,58.7274958224186,"0.4757181437, 0.3086121649, 0.6591932674"
2465,"breakout, freeway, privateeye",42,0.2822442807980116,0.31518407917762653,0.2539430392578027,-0.4513468627390418,58.47254566646182,"0.5003670817, 0.290359074, 0.5306226407"
2466,"asterix, bankheist, qbert",42,0.2717859854995672,0.3157684183548625,0.2321914284264321,-0.4567333339508004,53.46405218156964,"0.2963573615, 0.5245443736, 0.3253111435"
2467,"gopher, privateeye, qbert",42,0.3083925920549592,0.3171373127303686,0.25246054373620264,-0.46939094195978304,58.131188457615146,"0.4515243247, -0.3675078262, 0.694071815"
2468,"bankheist, privateeye, qbert",42,0.28585295553060663,0.3183808973907934,0.2414882247108853,-0.48093732685039403,55.60471863528807,"0.5470910934, -0.1550858003, 0.6142426254"
2469,"bankheist, breakout, seaquest",42,0.25975930299351613,0.31915939442192565,0.25230283867430225,-0.48818848324429887,58.094875525152986,"0.5272038077, 0.357621303, 0.0613799306"
2470,"bankheist, demonattack, frostbite",42,0.28250841720828135,0.3197277512355404,0.24072309032297445,-0.4934935138728447,55.42853993171401,"0.5559100651, 0.2167765088, 0.2805165619"
2471,"boxing, choppercommand, demonattack",42,0.2980656281849407,0.3201709086605454,0.22285383442041623,-0.49763648498834945,51.313991705301376,"0.4975163542, -0.04657827218, 0.2866271802"
2472,"freeway, frostbite, kangaroo",42,0.27975187426336273,0.3209350712899757,0.23217947803824943,-0.5047939345714163,53.461300503001155,"0.157648287, 0.1477681439, 0.6293325567"
2473,"frostbite, kangaroo, privateeye",42,0.30194660941980084,0.32134991929772605,0.23241330213223077,-0.508686710952553,53.51514049031958,"0.2150582119, 0.7173518776, 0.03206975992"
2474,"battlezone, demonattack, frostbite",42,0.30704943639332266,0.32152337602543773,0.25357315213608933,-0.5103158539626926,58.387376009207046,"0.9468505568, 0.1157430787, 0.04005769786"
2475,"choppercommand, gopher, qbert",42,0.31467698136485833,0.32153013636589717,0.26067603062613387,-0.5103793663383116,60.02287422205951,"0.1600348885, 0.3698821369, 0.6340287326"
2476,"boxing, qbert, seaquest",42,0.28730628860019874,0.32284244952745056,0.23732944989253876,-0.522733639926521,54.647125345103696,"0.3523128014, 0.5294243709, 0.3028091795"
2477,"asterix, bankheist, choppercommand",42,0.2745265405755396,0.32445872780931456,0.24510715936352465,-0.5380186316819897,56.43800913365678,"0.4046356171, 0.5885680014, 0.1710759105"
2478,"battlezone, demonattack, freeway",42,0.30170687351599357,0.3247740256142159,0.2541514600750035,-0.5410092710324177,58.52053633313744,"0.8874716125, 0.1099717826, 0.0887697185"
2479,"choppercommand, privateeye, upndown",42,0.29602912131714754,0.3248683641486685,0.25553642236273666,-0.5419046484876477,58.839435684946764,"0.1562733183, 0.1459728527, 0.7784705384"
2480,"choppercommand, frostbite, upndown",42,0.2960906612143924,0.3254561918898396,0.2563143607072432,-0.5474896449897848,59.0185626084797,"0.1632886858, 0.1065696291, 0.7178832721"
2481,"asterix, boxing, gopher",42,0.30526627772095677,0.32693059007471575,0.25958703938734495,-0.5615424368978437,59.772124722775864,"0.4091988281, 0.3131179138, 0.1947567561"
2482,"freeway, kangaroo, privateeye",42,0.28237275699324493,0.32759788478108753,0.22491762848992497,-0.5679234391691386,51.7891978512474,"0.1923122981, 0.679716739, 0.172071045"
2483,"asterix, gopher, qbert",42,0.3155290980402315,0.32837553838509287,0.27182751921306786,-0.5753761643664728,62.590599360556254,"0.2190222832, 0.3775666257, 0.5238472451"
2484,"boxing, demonattack, seaquest",42,0.29642840193270037,0.3297743006438195,0.23998316109338752,-0.5888258260369512,55.25816493032227,"0.4612291431, 0.2469956101, 0.2587725174"
2485,"choppercommand, freeway, gopher",42,0.308718113884561,0.3298728085743859,0.2745407027844879,-0.5897751742423032,63.21533296516706,"0.266054173, 0.2986917075, 0.4685459806"
2486,"kangaroo, privateeye, seaquest",42,0.25256150429250884,0.3308286746231611,0.22604475379334438,-0.5990018443404985,52.0487280434064,"0.6504798149, 0.02119082943, 0.9860982864"
2487,"asterix, bankheist, demonattack",42,0.27342931332875425,0.33254276400383564,0.2530740467892785,-0.6156142645496481,58.27245275606702,"0.3716846004, 0.5843820017, 0.1268276793"
2488,"battlezone, freeway, privateeye",42,0.30750131396348124,0.33359060488431336,0.25082225164852134,-0.6258118934142365,57.75395776370864,"0.9635895741, 0.1094729167, 0.1647757854"
2489,"battlezone, frostbite, privateeye",42,0.31543467895627336,0.3338627321631479,0.25029191382600846,-0.6284654946589296,57.63184296727173,"1.100933712, -0.006068378263, 0.1054498442"
2490,"frostbite, privateeye, upndown",42,0.3031329572800834,0.3350834127045271,0.2616737650459747,-0.6403953685120445,60.252611062248775,"0.09148433695, 0.1504251708, 0.7928735956"
2491,"asterix, bankheist, privateeye",42,0.2856448174288192,0.3351034840498422,0.24788024864349628,-0.6405918922833858,57.0765365374172,"0.4967010294, 0.6121549616, 0.01877102477"
2492,"demonattack, frostbite, qbert",42,0.3110076052774091,0.3371704850222459,0.2921820910545291,-0.6608934634986341,67.27741273019875,"0.1931844977, 0.3709764034, 0.6745122752"
2493,"freeway, qbert, seaquest",42,0.2808245679420214,0.3373347849642312,0.25427566293248777,-0.6625125327758659,58.54913509795249,"0.3081372401, 0.7201518597, 0.535413138"
2494,"asterix, boxing, breakout",42,0.31363518173612887,0.3373514075729064,0.26543777406393054,-0.6626763817316461,61.11930616771279,"0.3490564133, 0.3831679758, 0.1277153852"
2495,"bankheist, demonattack, privateeye",42,0.293618053883004,0.3373554611891762,0.23675757895457056,-0.6627163394278299,54.51544719541549,"0.6011220893, 0.3346225426, 0.422479861"
2496,"boxing, breakout, demonattack",42,0.2985123819995307,0.33765240030299515,0.23257429825220782,-0.6656446619892582,53.55221121690848,"0.4691791516, 0.02973280606, 0.2639635436"
2497,"asterix, boxing, privateeye",42,0.3168050892499573,0.337983256959647,0.2637125633865568,-0.6689105035625122,60.7220617289133,"0.4568152516, 0.4309638685, 0.07558666379"
2498,"asterix, boxing, choppercommand",42,0.31752766121117143,0.33873470732379,0.2611539674740186,-0.6763398511792122,60.132923248192704,"0.4541824034, 0.43947018, -0.002539671972"
2499,"bankheist, choppercommand, frostbite",42,0.2959185120092442,0.3388406889426642,0.2583534379777046,-0.6773889849127479,59.488077501122426,"0.5968109962, 0.2844578325, 0.2943154611"
2500,"bankheist, choppercommand, demonattack",42,0.2916498201904995,0.3391403461216355,0.24375059643288974,-0.6803571285021808,56.12564897547795,"0.6564660913, 0.2296653573, 0.1998260093"
2501,"boxing, breakout, gopher",42,0.32138147826254915,0.340547604826712,0.24840440919458234,-0.6943313038830947,57.19722896454383,"0.2627039551, 0.2915427462, 0.2042932407"
2502,"asterix, breakout, freeway",42,0.30190198320327233,0.3421401678296304,0.27413301450989047,-0.7102153603165253,63.12145927079942,"0.3639132296, 0.3228176672, 0.3003320472"
2503,"breakout, privateeye, qbert",42,0.3240456813702721,0.34271166038160406,0.27463988031425246,-0.7159334355984932,63.238169435326654,"0.4244512326, 0.2412189026, 0.5575871064"
2504,"battlezone, freeway, frostbite",42,0.3109275117996928,0.34287546422622783,0.2623983318120859,-0.7175741365059711,60.41944872570142,"0.9974179505, 0.09229803769, 0.008782306909"
2505,"breakout, choppercommand, qbert",42,0.32745512097945795,0.34619709380445507,0.28458726206641716,-0.7510135636144444,65.52863872901219,"0.3640679017, 0.09987047419, 0.6212474236"
2506,"breakout, demonattack, qbert",42,0.3255239591513497,0.3464609733421593,0.28671890389845756,-0.7536839080694131,66.01946739961807,"0.3204652593, 0.09460156821, 0.6450056286"
2507,"asterix, frostbite, qbert",42,0.31826017747335944,0.34648682818860954,0.2598488511849867,-0.7539456571462888,59.832409117017846,"0.3836602304, 0.4557702741, 0.4570375868"
2508,"boxing, breakout, privateeye",42,0.32724701191157474,0.3467051963366776,0.24927032012453254,-0.7561571499111293,57.39661232446023,"0.3262344191, 0.3757544988, 0.249907484"
2509,"freeway, gopher, seaquest",42,0.2818655731928686,0.34696283079745843,0.27730770887011297,-0.7587680984072243,63.85245966166547,"0.2743160898, 0.4050223662, 0.9879866488"
2510,"asterix, breakout, gopher",42,0.33062282762211387,0.34701441103596026,0.2891972197124902,-0.7592910617512747,66.59012070453036,"0.3051147049, 0.26125743, 0.373124649"
2511,"asterix, freeway, privateeye",42,0.31353331936654233,0.3482173678746758,0.2572958540734527,-0.7715096867307705,59.24455980787033,"0.7192273011, 0.3817779613, 0.4425787472"
2512,"asterix, breakout, qbert",42,0.32928219796758296,0.34879168619544376,0.2814789026216093,-0.777358042240752,64.81291251688401,"-0.1044554164, 0.4253411336, 0.698500958"
2513,"bankheist, frostbite, privateeye",42,0.3286408114674835,0.3489577682115487,0.23550516424295295,-0.7790510727654465,54.22706805089378,"0.6882768677, 0.391232747, -0.09770008624"
2514,"gopher, qbert, seaquest",42,0.31180348220241677,0.3491969542627125,0.27230965197999724,-0.7814907378090294,62.701614532753815,"0.3744060471, 0.5568868334, 0.5624011466"
2515,"bankheist, qbert, seaquest",42,0.2806601296675806,0.3516510557985937,0.24348229844563277,-0.8066188027853558,56.06387108088412,"0.5096357368, 0.4846052949, 0.4550381817"
2516,"choppercommand, frostbite, qbert",42,0.33088978321034235,0.3525096826528307,0.28148903100815637,-0.8154520207799099,64.81524466407194,"0.1903283423, 0.4105100111, 0.7404862554"
2517,"breakout, choppercommand, freeway",42,0.31563582086139047,0.35306947299353997,0.29707655720085263,-0.8212225257210801,68.40440520886762,"0.4699504217, 0.1680823161, 0.290243294"
2518,"asterix, choppercommand, freeway",42,0.3276618889866476,0.3561717582917955,0.2801648177748414,-0.8533678924238852,64.5103332989743,"0.6618052913, 0.1970827035, 0.363588077"
2519,"asterix, boxing, seaquest",42,0.3158589349110781,0.3577623892826247,0.2712106798957328,-0.8699588047803222,62.44856685886941,"0.3873424679, 0.4283962544, 0.2546959887"
2520,"breakout, choppercommand, gopher",42,0.33857270703344394,0.3577643118872767,0.29376759690760806,-0.8699789030425491,67.6424889444142,"0.3767219625, 0.1515783656, 0.3694922996"
2521,"boxing, breakout, choppercommand",42,0.3333182812206931,0.35800025709494027,0.25901829452568254,-0.8724462148205121,59.64116637875778,"0.3702899945, 0.3238625678, 0.05239638652"
2522,"frostbite, privateeye, qbert",42,0.3416497280465265,0.3587028401676744,0.2870641960564116,-0.8798028570877572,66.09897385718135,"0.4533390748, -0.1094825388, 0.8553567309"
2523,"asterix, choppercommand, gopher",42,0.3421567945002034,0.36289405962823196,0.3006155740444848,-0.9239881496791138,69.21929395166784,"0.4838685569, 0.1570373877, 0.463793076"
2524,"bankheist, frostbite, seaquest",42,0.2831258609762713,0.36321934765146324,0.23257549026774305,-0.9274389132428411,53.55248568862868,"0.4963848049, 0.3302517839, 0.9251265934"
2525,"bankheist, choppercommand, privateeye",42,0.32584994438178316,0.3661529564664825,0.27375707748605865,-0.958699285447578,63.03489657210145,"0.7795561618, 0.3675998567, -0.08255928821"
2526,"breakout, gopher, privateeye",42,0.3441240506704884,0.3672121926254994,0.30214398715340474,-0.9700482369462804,69.57122407572142,"0.460761181, 0.336235486, 0.137273974"
2527,"asterix, bankheist, seaquest",42,0.2848818377098677,0.36848420730811304,0.2577339978032798,-0.9837202803915408,59.34544612995922,"0.4512297824, 0.6054068625, 0.1690289817"
2528,"breakout, demonattack, freeway",42,0.32471596035559536,0.37053001658909696,0.30759456018388265,-1.0058084951636665,70.8262648965468,"0.5271603103, 0.01744398418, 0.2943311751"
2529,"asterix, gopher, privateeye",42,0.34645840613790585,0.37090908423659424,0.31609569347064304,-1.0099146458224841,72.78372317451178,"0.5321351649, 0.5292886093, -0.1803709178"
2530,"boxing, choppercommand, gopher",42,0.34912222990937875,0.37215747017979256,0.3022673477053435,-1.023467140909358,69.59962889251719,"0.3812233077, 0.152858009, 0.293017902"
2531,"asterix, choppercommand, frostbite",42,0.33691197195431427,0.37236573865616757,0.2890264609219072,-1.0257325386076217,66.55080203996096,"0.6284016775, 0.1316344062, 0.5578518394"
2532,"asterix, demonattack, freeway",42,0.3372774000714174,0.37326580405255955,0.284100198833404,-1.0355373899109184,65.41648827504403,"0.7118700856, 0.07059711013, 0.3653518352"
2533,"asterix, demonattack, frostbite",42,0.3344306923614015,0.37341157865240227,0.2905739023154308,-1.037127611074529,66.90711358846188,"0.5862219012, 0.1124726563, 0.5513722123"
2534,"bankheist, demonattack, seaquest",42,0.299288564933397,0.37352010801657787,0.25543635347453647,-1.0383119358563548,58.816393971922544,"0.6460528141, 0.1906565448, 0.5792631092"
2535,"boxing, breakout, seaquest",42,0.3269923295649112,0.3751091791419967,0.26490591444383876,-1.055692057990905,60.996840964433915,"0.3818728764, 0.2331386775, 0.5009623181"
2536,"demonattack, privateeye, qbert",42,0.34345265251296014,0.37760115619434537,0.2826346703834043,-1.0830960979827795,65.07903787881123,"0.3489603322, 0.4739136357, 0.7623288574"
2537,"breakout, qbert, seaquest",42,0.3304473255755501,0.37780806307604764,0.29410969530413245,-1.0853795920672389,67.72126001123162,"0.4001788939, 0.6522878771, -0.04890239295"
2538,"boxing, gopher, seaquest",42,0.3215923995812481,0.37789715780203287,0.29324511963062466,-1.0863632567834918,67.52218410547319,"0.323557209, 0.251160215, 0.8770240082"
2539,"freeway, gopher, privateeye",42,0.3348477982793015,0.37811911032295653,0.31227095079476797,-1.0888147680726568,71.90304362751098,"0.3173268946, 0.5935591527, -0.1206561163"
2540,"bankheist, choppercommand, seaquest",42,0.30914802302773714,0.3794183415525376,0.26892458835123045,-1.1031939187450188,61.92217482771034,"0.6745977149, 0.2299880249, 0.6906719613"
2541,"choppercommand, demonattack, qbert",42,0.3544087427921542,0.380213205104697,0.2993812534317764,-1.112015333668336,68.93508112738807,"0.1582163962, 0.2244422223, 0.8812054718"
2542,"boxing, gopher, privateeye",42,0.35178039011496487,0.3804704736355529,0.3009914268063074,-1.1148744606181356,69.30583724832118,"0.4216031309, 0.3393135076, -0.2054815384"
2543,"boxing, choppercommand, privateeye",42,0.3742312812717229,0.38204311780520167,0.26442395123761886,-1.1323939213086684,60.88586483503256,"0.6066234972, 0.1399648857, 0.01709683212"
2544,"asterix, frostbite, privateeye",42,0.34006546976762886,0.3822583234690029,0.29458486495500863,-1.1347969615860274,67.83067186670668,"0.6931098981, 0.5703119642, 0.1309287002"
2545,"demonattack, freeway, privateeye",42,0.3490219311449979,0.38357052438883654,0.2891740893785103,-1.1494786071073606,66.58479474830855,"0.4928703106, 0.3503872943, 1.040604541"
2546,"breakout, gopher, seaquest",42,0.33652187272514894,0.3881679754118698,0.30268630127110496,-1.2013144246392882,69.69609651603508,"0.310698139, 0.3895051523, 0.5738289191"
2547,"breakout, demonattack, privateeye",42,0.3460918782457458,0.3881738930202452,0.31050300942926823,-1.2013815430869483,71.49596008416226,"0.4984159369, 0.2558610472, 0.7657113381"
2548,"asterix, demonattack, qbert",42,0.36097947661914875,0.38972366440669803,0.31261435264456466,-1.2189945181664723,71.98211482553583,"0.07855637566, 0.2414015675, 0.8977444528"
2549,"boxing, choppercommand, seaquest",42,0.3414884444105754,0.3910815608240577,0.27433370774380217,-1.2344845399348112,63.1676705956664,"0.5048649489, -0.01526265579, 0.9643227875"
2550,"frostbite, qbert, seaquest",42,0.32090788746015947,0.3917147157418843,0.2680246712798,-1.2417255876664344,61.714961264349675,"0.4360303329, 0.5960413182, 0.775540665"
2551,"breakout, freeway, seaquest",42,0.31790991387357953,0.39195554775473307,0.31183190739893635,-1.2444829272644764,71.80195014966905,"0.4410377502, 0.2961407134, 0.4890807851"
2552,"asterix, gopher, seaquest",42,0.3413947477533766,0.3928097597697043,0.3154098434063336,-1.2542766576956437,72.625800361101,"0.3921559389, 0.4735365985, 0.5747460522"
2553,"asterix, breakout, privateeye",42,0.36451543974086664,0.3953105866171967,0.32770377286707775,-1.2830717740113933,75.45658223216397,"0.2558571038, 0.5698541773, 0.5046363005"
2554,"breakout, choppercommand, privateeye",42,0.36932722118478756,0.3997731452885456,0.3269557414169465,-1.3349087288659254,75.28434162554768,"0.6624465188, 0.1291294805, 0.513461984"
2555,"demonattack, freeway, frostbite",42,0.3795674367101792,0.4005663677118843,0.32950052711559585,-1.3441836861016907,75.87030018700513,"0.2963711578, 0.2506887089, 0.5390275297"
2556,"asterix, freeway, seaquest",42,0.33343079363994965,0.4033674115795506,0.2807337610098838,-1.3770826985803013,64.64133732015114,"0.6238505995, 0.3704000542, 0.5158424557"
2557,"choppercommand, privateeye, qbert",42,0.3902072265516012,0.40372588779626956,0.3248217791924103,-1.3813096452043832,74.79297866482474,"0.2819044843, -0.04516235783, 1.080974837"
2558,"freeway, frostbite, seaquest",42,0.3275879906841687,0.40374038967713133,0.27125714731812745,-1.3814807221159047,62.459266378281,"0.2545580709, 0.4539843057, 1.443566752"
2559,"asterix, choppercommand, qbert",42,0.3814202095793723,0.40827238862469106,0.3252309080226105,-1.4352451883465038,74.88718405937804,"0.2617730418, 0.2272072785, 0.8555015191"
2560,"choppercommand, gopher, privateeye",42,0.3881689365871945,0.408278908147076,0.3416730035895147,-1.4353229636882814,78.67311647437175,"0.3482594022, 0.7201695657, -0.3818348722"
2561,"boxing, privateeye, seaquest",42,0.3415371740968924,0.4133955104016567,0.27897220668568923,-1.4967449841853147,64.23572444741218,"0.5011380705, 0.008268650952, 0.9477477589"
2562,"demonattack, frostbite, privateeye",42,0.3750638953319754,0.4138967426994238,0.3349958763887458,-1.5028031433581956,77.13565111872019,"0.479606646, 0.517374697, 0.7449006994"
2563,"bankheist, privateeye, seaquest",42,0.32515453123115023,0.4192301897212447,0.2700256610746977,-1.567720650469651,62.17570619164614,"0.7109968703, -0.04954225032, 1.06779736"
2564,"demonattack, qbert, seaquest",42,0.3595691844070798,0.41942638585956704,0.3135532634771557,-1.5701245553882321,72.1983070342133,"0.2299773019, 0.8939502117, 0.2870082649"
2565,"choppercommand, gopher, seaquest",42,0.36004108706174476,0.4195667431577266,0.33759597593178736,-1.5718449817094649,77.73434616353101,"0.1423600407, 0.5401647593, 1.096722188"
2566,"asterix, breakout, choppercommand",42,0.38741434653546003,0.42008648354301603,0.3785891741950795,-1.5782206997102368,87.1733788870516,"0.2988438317, 0.5142976454, 0.1628706677"
2567,"choppercommand, freeway, frostbite",42,0.38579094236174033,0.4214184513881236,0.32435716174013784,-1.5945961436461284,74.68599654286999,"0.4258333721, 0.3137177457, 0.5228004569"
2568,"asterix, frostbite, seaquest",42,0.33391182533000563,0.42158164148174176,0.2921083873843553,-1.5966059956936633,67.26044183297464,"0.5248716565, 0.5672230797, 0.569779258"
2569,"asterix, privateeye, qbert",42,0.39518772176643924,0.42795114920516186,0.31813092539729126,-1.6756608767859809,73.25235264402036,"0.3757667238, 0.0723791091, 0.8969185563"
2570,"asterix, breakout, demonattack",42,0.3923088712058127,0.4291208427575933,0.3786464224067863,-1.6903073166811589,87.18656077493927,"0.3220160062, 0.5205861993, 0.06613735372"
2571,"choppercommand, qbert, seaquest",42,0.3820120558799212,0.43043378946990934,0.32000843748739694,-1.7067951375235162,73.68466577907971,"0.1995510539, 0.9424217012, 0.5740681739"
2572,"choppercommand, demonattack, frostbite",42,0.3993704254780605,0.43465343089221126,0.3490498604383874,-1.760125939911926,80.37170053570829,"0.2922209493, 0.2958750532, 0.6478551512"
2573,"breakout, choppercommand, demonattack",42,0.3964738800783836,0.43791863371055606,0.3813860642206214,-1.8017509299138208,87.81738661500724,"0.6153480719, 0.1918252428, 0.0786549859"
2574,"gopher, privateeye, seaquest",42,0.3549885168576819,0.44345072132335067,0.3601378312571602,-1.8729853134430732,82.9248001675942,"0.6142392424, -0.3238407502, 1.244820133"
2575,"choppercommand, frostbite, seaquest",42,0.37705090551105974,0.45105368462539486,0.29647073144850306,-1.9723445058461424,68.26490867423641,"0.1387428618, 0.6530576934, 1.49897483"
2576,"asterix, qbert, seaquest",42,0.3876866245198363,0.45418601618928695,0.31450802417597684,-2.0137706005617617,72.41814880946151,"0.2034344821, 0.8761936281, 0.6076407952"
2577,"demonattack, frostbite, seaquest",42,0.36557166689811366,0.45425529057893455,0.31660498584450236,-2.014690016982515,72.9009920773142,"0.1684925124, 0.6148577048, 1.278302688"
2578,"asterix, demonattack, privateeye",42,0.4011361970207941,0.4549699858870796,0.3712259394096757,-2.024183708288588,85.47793142174301,"0.5686203118, 0.4282913958, 0.8738122964"
2579,"breakout, privateeye, seaquest",42,0.3729809889679812,0.45969872006032103,0.3455999671020885,-2.087374150691378,79.57733323885016,"0.6795203584, 0.5353539079, 0.188463741"
2580,"asterix, breakout, seaquest",42,0.3937251995412728,0.4684703290952232,0.39689632735296765,-2.206319926441426,91.3887566827028,"0.3137976851, 0.5431930402, 0.1687615006"
2581,"choppercommand, freeway, seaquest",42,0.3874585755530475,0.4708128529178264,0.31278806613319177,-2.2384656523292703,72.02211383447231,"0.2565077838, 0.4165403506, 1.537309884"
2582,"privateeye, qbert, seaquest",42,0.3917665266841998,0.472801616487298,0.3172631857727694,-2.265882683273305,73.05254821161795,"-0.01365031842, 0.9991757526, 0.8469953984"
2583,"choppercommand, demonattack, freeway",42,0.4200255153808488,0.47285644899086454,0.33413851278200035,-2.2666402395155334,76.93823585270343,"0.4397477626, 0.2879220722, 0.4102753902"
2584,"choppercommand, freeway, privateeye",42,0.4440953835024446,0.4739486242990466,0.3437283033159076,-2.281747843938304,79.14636672553445,"0.5915168927, 0.5369239146, 0.5316636207"
2585,"demonattack, freeway, seaquest",42,0.39030567263528826,0.4753423654089578,0.30849662598380273,-2.3010775007554423,71.03397322292638,"0.1610102831, 0.3928173693, 1.571191804"
2586,"breakout, choppercommand, seaquest",42,0.3973530694046929,0.4760805120708833,0.4014180244784426,-2.3113377739523515,92.42991592231807,"0.6230748074, 0.1755661454, 0.3029529792"
2587,"freeway, frostbite, privateeye",42,0.43569672453761293,0.4762524125887058,0.37226996681113195,-2.313729484720255,85.71832761487005,"0.3903713205, 0.6593402465, 0.3650617345"
2588,"breakout, demonattack, seaquest",42,0.4018371896622972,0.47807588042395344,0.40605486560929716,-2.3391531745333163,93.49758804896682,"0.6131972992, 0.07847916567, 0.4306097659"
2589,"frostbite, privateeye, seaquest",42,0.3815370739809632,0.4783415050433906,0.30920010814020166,-2.3428647514216485,71.19595597557752,"0.6795089279, 0.03892679027, 1.703957541"
2590,"freeway, privateeye, seaquest",42,0.3834980820498758,0.49150379924273596,0.3013620406752513,-2.529363849454691,69.39117424530988,"0.4430034135, 0.4299050906, 1.802093493"
2591,"choppercommand, frostbite, privateeye",42,0.4577380505302801,0.4996012977599216,0.4173427185312377,-2.646613960133551,96.09671223596378,"0.5093846056, 0.8342304067, 0.08207440984"
2592,"asterix, choppercommand, demonattack",42,0.4476992241557396,0.5006326525558178,0.412598071857726,-2.6616853171762656,95.00421696576859,"0.7620002342, 0.2753811091, 0.2176118562"
2593,"choppercommand, demonattack, privateeye",42,0.447327492309503,0.5054442144971394,0.4149188553173223,-2.732408194089665,95.53859710558194,"0.2545453439, 0.6632425531, 1.156003855"
2594,"asterix, choppercommand, privateeye",42,0.45638914233135525,0.5084973849710884,0.41739092644370535,-2.777636119768446,96.107812518025,"0.9617735412, 0.3073730203, 0.3783962682"
2595,"demonattack, privateeye, seaquest",42,0.4433763178156434,0.5341390263409015,0.39951587104128256,-3.1682263568444355,91.99192890741887,"0.5871248015, 1.056161332, 0.9124029848"
2596,"asterix, choppercommand, seaquest",42,0.4629403877478426,0.5561015802101617,0.43693895051342524,-3.518048960494326,100.60891140006758,"0.8193940109, 0.2815181219, 0.6449063416"
2597,"asterix, demonattack, seaquest",42,0.4572362241909603,0.56930342864313,0.43626575812898316,-3.7351121902535613,100.45390312515426,"0.7263535081, 0.2235384335, 0.6799796185"
2598,"asterix, privateeye, seaquest",42,0.46488064258249273,0.5798976808414493,0.41730386860498764,-3.9129847759565077,96.08776670985904,"0.8931737939, 0.3960739431, 0.8632525744"
2599,"choppercommand, demonattack, seaquest",42,0.5020760859657802,0.6177151180274767,0.4820698111299153,-4.574669635620568,111.0006760890198,"0.3250448023, 0.3398079085, 1.575163392"
2600,"choppercommand, privateeye, seaquest",42,0.5449561406846194,0.6510399137539536,0.47151703461188116,-5.192384352183564,108.57080949900751,"0.4172274155, 0.3358612108, 2.470509291"
